date,acgb2,acgb10,spread
2016-01-04,1.977,2.794,0.817
2016-01-05,1.982,2.785,0.803
2016-01-06,1.985,2.746,0.761
2016-01-07,1.945,2.694,0.749
2016-01-08,1.999,2.758,0.759
2016-01-11,1.979,2.733,0.754
2016-01-12,1.998,2.769,0.771
2016-01-13,1.992,2.744,0.752
2016-01-14,1.944,2.665,0.721
2016-01-15,1.951,2.677,0.726
2016-01-18,1.924,2.678,0.754
2016-01-19,1.932,2.698,0.766
2016-01-20,1.897,2.643,0.746
2016-01-21,1.926,2.677,0.751
2016-01-22,1.951,2.717,0.766
2016-01-25,1.945,2.721,0.776
2016-01-27,1.93,2.661,0.731
2016-01-28,1.934,2.675,0.741
2016-01-29,1.889,2.62,0.731
2016-02-01,1.878,2.606,0.728
2016-02-02,1.874,2.606,0.732
2016-02-03,1.809,2.507,0.698
2016-02-04,1.855,2.558,0.703
2016-02-05,1.846,2.533,0.687
2016-02-08,1.87,2.571,0.701
2016-02-09,1.746,2.397,0.651
2016-02-10,1.755,2.391,0.636
2016-02-11,1.745,2.361,0.616
2016-02-12,1.79,2.408,0.618
2016-02-15,1.86,2.506,0.646
2016-02-16,1.879,2.512,0.633
2016-02-17,1.853,2.473,0.62
2016-02-18,1.87,2.527,0.657
2016-02-19,1.803,2.418,0.615
2016-02-22,1.832,2.443,0.611
2016-02-23,1.8,2.408,0.608
2016-02-24,1.783,2.389,0.606
2016-02-25,1.775,2.389,0.614
2016-02-26,1.755,2.375,0.62
2016-02-29,1.762,2.389,0.627
2016-03-01,1.725,2.344,0.619
2016-03-02,1.837,2.449,0.612
2016-03-03,1.905,2.548,0.643
2016-03-04,1.92,2.543,0.623
2016-03-07,1.95,2.573,0.623
2016-03-08,1.949,2.549,0.6
2016-03-09,1.967,2.547,0.58
2016-03-10,1.96,2.583,0.623
2016-03-11,2.023,2.672,0.649
2016-03-14,2.058,2.685,0.627
2016-03-15,2.021,2.662,0.641
2016-03-16,2.007,2.627,0.62
2016-03-17,1.932,2.548,0.616
2016-03-18,1.936,2.543,0.607
2016-03-21,1.935,2.556,0.621
2016-03-22,1.97,2.595,0.625
2016-03-23,2.002,2.638,0.636
2016-03-24,1.961,2.575,0.614
2016-03-29,1.962,2.569,0.607
2016-03-30,1.905,2.49,0.585
2016-03-31,1.891,2.481,0.59
2016-04-01,1.939,2.522,0.583
2016-04-04,1.876,2.462,0.586
2016-04-05,1.871,2.447,0.576
2016-04-06,1.865,2.429,0.564
2016-04-07,1.866,2.449,0.583
2016-04-08,1.842,2.4,0.558
2016-04-11,1.846,2.405,0.559
2016-04-12,1.895,2.46,0.565
2016-04-13,1.931,2.514,0.583
2016-04-14,1.967,2.52,0.553
2016-04-15,2.002,2.554,0.552
2016-04-18,1.958,2.49,0.532
2016-04-19,2.009,2.556,0.547
2016-04-20,1.984,2.522,0.538
2016-04-21,2.018,2.59,0.572
2016-04-22,2.045,2.63,0.585
2016-04-26,2.051,2.65,0.599
2016-04-27,1.934,2.611,0.677
2016-04-28,1.866,2.516,0.65
2016-04-29,1.857,2.516,0.659
2016-05-02,1.868,2.52,0.652
2016-05-03,1.736,2.464,0.728
2016-05-04,1.717,2.43,0.713
2016-05-05,1.685,2.39,0.705
2016-05-06,1.576,2.291,0.715
2016-05-09,1.572,2.321,0.749
2016-05-10,1.583,2.301,0.718
2016-05-11,1.594,2.302,0.708
2016-05-12,1.576,2.297,0.721
2016-05-13,1.585,2.275,0.69
2016-05-16,1.568,2.233,0.665
2016-05-17,1.63,2.301,0.671
2016-05-18,1.618,2.292,0.674
2016-05-19,1.646,2.352,0.706
2016-05-20,1.628,2.306,0.678
2016-05-23,1.639,2.292,0.653
2016-05-24,1.628,2.281,0.653
2016-05-25,1.642,2.31,0.668
2016-05-26,1.623,2.281,0.658
2016-05-27,1.62,2.261,0.641
2016-05-30,1.639,2.281,0.642
2016-05-31,1.669,2.306,0.637
2016-06-01,1.671,2.297,0.626
2016-06-02,1.646,2.272,0.626
2016-06-03,1.631,2.237,0.606
2016-06-06,1.576,2.162,0.586
2016-06-07,1.653,2.199,0.546
2016-06-08,1.625,2.158,0.533
2016-06-09,1.612,2.099,0.487
2016-06-10,1.641,2.109,0.468
2016-06-14,1.609,2.055,0.446
2016-06-15,1.599,2.074,0.475
2016-06-16,1.552,2.011,0.459
2016-06-17,1.6,2.081,0.481
2016-06-20,1.626,2.147,0.521
2016-06-21,1.664,2.166,0.502
2016-06-22,1.709,2.229,0.52
2016-06-23,1.727,2.259,0.532
2016-06-24,1.543,2.016,0.473
2016-06-27,1.584,2.063,0.479
2016-06-28,1.558,1.996,0.438
2016-06-29,1.586,2.012,0.426
2016-06-30,1.582,1.989,0.407
2016-07-01,1.556,1.961,0.405
2016-07-04,1.611,2.016,0.405
2016-07-05,1.586,1.95,0.364
2016-07-06,1.552,1.872,0.32
2016-07-07,1.556,1.876,0.32
2016-07-08,1.576,1.89,0.314
2016-07-11,1.598,1.91,0.312
2016-07-12,1.623,1.953,0.33
2016-07-13,1.627,1.985,0.358
2016-07-14,1.618,1.967,0.349
2016-07-15,1.62,1.981,0.361
2016-07-18,1.61,2.0,0.39
2016-07-19,1.552,1.93,0.378
2016-07-20,1.543,1.931,0.388
2016-07-21,1.523,1.935,0.412
2016-07-22,1.514,1.916,0.402
2016-07-25,1.525,1.923,0.398
2016-07-26,1.545,1.931,0.386
2016-07-27,1.573,1.963,0.39
2016-07-28,1.521,1.876,0.355
2016-07-29,1.508,1.885,0.377
2016-08-02,1.424,1.83,0.406
2016-08-03,1.469,1.942,0.473
2016-08-04,1.474,1.957,0.483
2016-08-05,1.463,1.883,0.42
2016-08-08,1.489,1.967,0.478
2016-08-09,1.469,1.953,0.484
2016-08-10,1.429,1.882,0.453
2016-08-11,1.426,1.865,0.439
2016-08-12,1.453,1.922,0.469
2016-08-15,1.43,1.887,0.457
2016-08-16,1.415,1.893,0.478
2016-08-17,1.432,1.92,0.488
2016-08-18,1.421,1.885,0.464
2016-08-19,1.409,1.876,0.467
2016-08-22,1.439,1.92,0.481
2016-08-23,1.409,1.864,0.455
2016-08-24,1.409,1.857,0.448
2016-08-25,1.421,1.87,0.449
2016-08-26,1.432,1.869,0.437
2016-08-29,1.459,1.894,0.435
2016-08-30,1.444,1.853,0.409
2016-08-31,1.435,1.838,0.403
2016-09-01,1.458,1.858,0.4
2016-09-02,1.478,1.868,0.39
2016-09-05,1.49,1.908,0.418
2016-09-06,1.5,1.918,0.418
2016-09-07,1.467,1.843,0.376
2016-09-08,1.503,1.878,0.375
2016-09-09,1.551,1.982,0.431
2016-09-12,1.591,2.067,0.476
2016-09-13,1.579,2.079,0.5
2016-09-14,1.584,2.112,0.528
2016-09-15,1.59,2.124,0.534
2016-09-16,1.573,2.122,0.549
2016-09-19,1.615,2.133,0.518
2016-09-20,1.624,2.13,0.506
2016-09-21,1.612,2.145,0.533
2016-09-22,1.587,2.051,0.464
2016-09-23,1.601,2.014,0.413
2016-09-26,1.593,1.988,0.395
2016-09-27,1.604,1.987,0.383
2016-09-28,1.57,1.962,0.392
2016-09-29,1.58,1.988,0.408
2016-09-30,1.543,1.926,0.383
2016-10-04,1.6,2.041,0.441
2016-10-05,1.626,2.098,0.472
2016-10-06,1.645,2.134,0.489
2016-10-07,1.664,2.143,0.479
2016-10-10,1.675,2.158,0.483
2016-10-11,1.702,2.221,0.519
2016-10-12,1.74,2.279,0.539
2016-10-13,1.707,2.218,0.511
2016-10-14,1.727,2.237,0.51
2016-10-17,1.726,2.282,0.556
2016-10-18,1.722,2.306,0.584
2016-10-19,1.704,2.274,0.57
2016-10-20,1.652,2.263,0.611
2016-10-21,1.655,2.261,0.606
2016-10-24,1.639,2.216,0.577
2016-10-25,1.656,2.251,0.595
2016-10-26,1.686,2.244,0.558
2016-10-27,1.693,2.309,0.616
2016-10-28,1.682,2.354,0.672
2016-10-31,1.644,2.325,0.681
2016-11-01,1.673,2.36,0.687
2016-11-02,1.643,2.324,0.681
2016-11-03,1.629,2.279,0.65
2016-11-04,1.648,2.305,0.657
2016-11-07,1.657,2.325,0.668
2016-11-08,1.658,2.329,0.671
2016-11-09,1.558,2.197,0.639
2016-11-10,1.682,2.477,0.795
2016-11-11,1.711,2.542,0.831
2016-11-14,1.758,2.633,0.875
2016-11-15,1.769,2.634,0.865
2016-11-16,1.755,2.619,0.864
2016-11-17,1.713,2.544,0.831
2016-11-18,1.754,2.696,0.942
2016-11-21,1.742,2.661,0.919
2016-11-22,1.733,2.646,0.913
2016-11-23,1.752,2.679,0.927
2016-11-24,1.786,2.728,0.942
2016-11-25,1.784,2.737,0.953
2016-11-28,1.754,2.672,0.918
2016-11-29,1.773,2.68,0.907
2016-11-30,1.777,2.7,0.923
2016-12-01,1.809,2.759,0.95
2016-12-02,1.825,2.839,1.014
2016-12-05,1.797,2.772,0.975
2016-12-06,1.807,2.801,0.994
2016-12-07,1.763,2.776,1.013
2016-12-08,1.759,2.709,0.95
2016-12-09,1.794,2.794,1.0
2016-12-12,1.822,2.836,1.014
2016-12-13,1.805,2.803,0.998
2016-12-14,1.787,2.771,0.984
2016-12-15,1.845,2.847,1.002
2016-12-16,1.833,2.81,0.977
2016-12-19,1.879,2.841,0.962
2016-12-20,1.899,2.826,0.927
2016-12-21,1.905,2.801,0.896
2016-12-22,1.914,2.812,0.898
2016-12-23,1.944,2.851,0.907
2016-12-28,1.944,2.831,0.887
2016-12-29,1.89,2.758,0.868
2016-12-30,1.865,2.743,0.878
2017-01-03,1.852,2.73,0.878
2017-01-04,1.885,2.773,0.888
2017-01-05,1.85,2.723,0.873
2017-01-06,1.813,2.664,0.851
2017-01-09,1.866,2.746,0.88
2017-01-10,1.83,2.697,0.867
2017-01-11,1.829,2.714,0.885
2017-01-12,1.798,2.649,0.851
2017-01-13,1.826,2.675,0.849
2017-01-16,1.824,2.681,0.857
2017-01-17,1.833,2.679,0.846
2017-01-18,1.832,2.666,0.834
2017-01-19,1.86,2.743,0.883
2017-01-20,1.865,2.767,0.902
2017-01-23,1.85,2.743,0.893
2017-01-24,1.809,2.678,0.869
2017-01-25,1.81,2.714,0.904
2017-01-27,1.812,2.764,0.952
2017-01-30,1.79,2.71,0.92
2017-01-31,1.761,2.698,0.937
2017-02-01,1.787,2.719,0.932
2017-02-02,1.803,2.754,0.951
2017-02-03,1.827,2.779,0.952
2017-02-06,1.811,2.75,0.939
2017-02-07,1.789,2.682,0.893
2017-02-08,1.784,2.683,0.899
2017-02-09,1.76,2.628,0.868
2017-02-10,1.8,2.683,0.883
2017-02-13,1.786,2.693,0.907
2017-02-14,1.805,2.727,0.922
2017-02-15,1.838,2.777,0.939
2017-02-16,1.828,2.786,0.958
2017-02-17,1.83,2.794,0.964
2017-02-20,1.813,2.779,0.966
2017-02-21,1.825,2.789,0.964
2017-02-22,1.842,2.824,0.982
2017-02-23,1.807,2.775,0.968
2017-02-24,1.778,2.721,0.943
2017-02-27,1.784,2.702,0.918
2017-02-28,1.791,2.714,0.923
2017-03-01,1.825,2.793,0.968
2017-03-02,1.804,2.778,0.974
2017-03-03,1.808,2.798,0.99
2017-03-06,1.82,2.797,0.977
2017-03-07,1.841,2.811,0.97
2017-03-08,1.868,2.856,0.988
2017-03-09,1.89,2.922,1.032
2017-03-10,1.915,2.97,1.055
2017-03-13,1.891,2.929,1.038
2017-03-14,1.875,2.916,1.041
2017-03-15,1.879,2.912,1.033
2017-03-16,1.813,2.809,0.996
2017-03-17,1.821,2.854,1.033
2017-03-20,1.794,2.815,1.021
2017-03-21,1.789,2.802,1.013
2017-03-22,1.782,2.75,0.968
2017-03-23,1.767,2.738,0.971
2017-03-24,1.755,2.746,0.991
2017-03-27,1.74,2.703,0.963
2017-03-28,1.737,2.693,0.956
2017-03-29,1.756,2.719,0.963
2017-03-30,1.749,2.685,0.936
2017-03-31,1.757,2.691,0.934
2017-04-03,1.741,2.671,0.93
2017-04-04,1.716,2.602,0.886
2017-04-05,1.705,2.603,0.898
2017-04-06,1.686,2.577,0.891
2017-04-07,1.656,2.548,0.892
2017-04-10,1.658,2.573,0.915
2017-04-11,1.657,2.529,0.872
2017-04-12,1.644,2.5,0.856
2017-04-13,1.636,2.473,0.837
2017-04-18,1.635,2.488,0.853
2017-04-19,1.625,2.454,0.829
2017-04-20,1.651,2.504,0.853
2017-04-21,1.663,2.538,0.875
2017-04-24,1.671,2.597,0.926
2017-04-26,1.703,2.632,0.929
2017-04-27,1.689,2.613,0.924
2017-04-28,1.666,2.576,0.91
2017-05-01,1.673,2.576,0.903
2017-05-02,1.685,2.604,0.919
2017-05-03,1.681,2.591,0.91
2017-05-04,1.73,2.646,0.916
2017-05-05,1.726,2.65,0.924
2017-05-08,1.741,2.675,0.934
2017-05-09,1.741,2.686,0.945
2017-05-10,1.712,2.66,0.948
2017-05-11,1.699,2.654,0.955
2017-05-12,1.688,2.635,0.947
2017-05-15,1.664,2.593,0.929
2017-05-16,1.662,2.588,0.926
2017-05-17,1.631,2.534,0.903
2017-05-18,1.646,2.505,0.859
2017-05-19,1.627,2.482,0.855
2017-05-22,1.63,2.497,0.867
2017-05-23,1.616,2.453,0.837
2017-05-24,1.621,2.492,0.871
2017-05-25,1.599,2.447,0.848
2017-05-26,1.582,2.418,0.836
2017-05-29,1.592,2.424,0.832
2017-05-30,1.577,2.402,0.825
2017-05-31,1.558,2.396,0.838
2017-06-01,1.568,2.406,0.838
2017-06-02,1.585,2.422,0.837
2017-06-05,1.589,2.403,0.814
2017-06-06,1.57,2.383,0.813
2017-06-07,1.608,2.395,0.787
2017-06-08,1.615,2.416,0.801
2017-06-09,1.626,2.413,0.787
2017-06-13,1.625,2.412,0.787
2017-06-14,1.64,2.415,0.775
2017-06-15,1.654,2.371,0.717
2017-06-16,1.683,2.419,0.736
2017-06-19,1.693,2.42,0.727
2017-06-20,1.709,2.43,0.721
2017-06-21,1.688,2.404,0.716
2017-06-22,1.679,2.39,0.711
2017-06-23,1.68,2.385,0.705
2017-06-26,1.683,2.389,0.706
2017-06-27,1.672,2.369,0.697
2017-06-28,1.714,2.472,0.758
2017-06-29,1.726,2.52,0.794
2017-06-30,1.776,2.614,0.838
2017-07-03,1.773,2.625,0.852
2017-07-04,1.723,2.581,0.858
2017-07-05,1.734,2.588,0.854
2017-07-06,1.748,2.6,0.852
2017-07-07,1.79,2.69,0.9
2017-07-10,1.789,2.701,0.912
2017-07-11,1.812,2.713,0.901
2017-07-12,1.798,2.684,0.886
2017-07-13,1.771,2.651,0.88
2017-07-14,1.777,2.681,0.904
2017-07-17,1.79,2.697,0.907
2017-07-18,1.845,2.711,0.866
2017-07-19,1.842,2.691,0.849
2017-07-20,1.843,2.706,0.863
2017-07-21,1.776,2.666,0.89
2017-07-24,1.764,2.646,0.882
2017-07-25,1.772,2.659,0.887
2017-07-26,1.778,2.697,0.919
2017-07-27,1.753,2.658,0.905
2017-07-28,1.756,2.653,0.897
2017-07-31,1.739,2.649,0.91
2017-08-01,1.759,2.684,0.925
2017-08-02,1.753,2.677,0.924
2017-08-03,1.736,2.636,0.9
2017-08-04,1.73,2.591,0.861
2017-08-08,1.742,2.598,0.856
2017-08-09,1.759,2.614,0.855
2017-08-10,1.767,2.629,0.862
2017-08-11,1.726,2.561,0.835
2017-08-14,1.746,2.591,0.845
2017-08-15,1.765,2.622,0.857
2017-08-16,1.781,2.637,0.856
2017-08-17,1.773,2.617,0.844
2017-08-18,1.758,2.593,0.835
2017-08-21,1.778,2.615,0.837
2017-08-22,1.788,2.62,0.832
2017-08-23,1.807,2.649,0.842
2017-08-24,1.785,2.611,0.826
2017-08-25,1.795,2.621,0.826
2017-08-28,1.823,2.642,0.819
2017-08-29,1.805,2.603,0.798
2017-08-30,1.84,2.658,0.818
2017-08-31,1.848,2.693,0.845
2017-09-01,1.82,2.638,0.818
2017-09-04,1.799,2.605,0.806
2017-09-05,1.847,2.655,0.808
2017-09-06,1.804,2.58,0.776
2017-09-07,1.843,2.62,0.777
2017-09-08,1.825,2.561,0.736
2017-09-11,1.835,2.586,0.751
2017-09-12,1.843,2.623,0.78
2017-09-13,1.863,2.654,0.791
2017-09-14,1.887,2.71,0.823
2017-09-15,1.914,2.725,0.811
2017-09-18,1.953,2.782,0.829
2017-09-19,1.969,2.796,0.827
2017-09-20,1.974,2.811,0.837
2017-09-21,1.957,2.81,0.853
2017-09-22,1.94,2.776,0.836
2017-09-25,1.941,2.784,0.843
2017-09-26,1.926,2.756,0.83
2017-09-27,1.927,2.772,0.845
2017-09-28,1.96,2.844,0.884
2017-09-29,1.939,2.825,0.886
2017-10-03,1.941,2.828,0.887
2017-10-04,1.927,2.793,0.866
2017-10-05,1.895,2.768,0.873
2017-10-06,1.917,2.804,0.887
2017-10-09,1.908,2.809,0.901
2017-10-10,1.932,2.82,0.888
2017-10-11,1.935,2.805,0.87
2017-10-12,1.93,2.79,0.86
2017-10-13,1.92,2.781,0.861
2017-10-16,1.898,2.736,0.838
2017-10-17,1.905,2.752,0.847
2017-10-18,1.889,2.714,0.825
2017-10-19,1.926,2.754,0.828
2017-10-20,1.936,2.769,0.833
2017-10-23,1.943,2.79,0.847
2017-10-24,1.929,2.765,0.836
2017-10-25,1.882,2.75,0.868
2017-10-26,1.863,2.746,0.883
2017-10-27,1.872,2.766,0.894
2017-10-30,1.848,2.723,0.875
2017-10-31,1.819,2.66,0.841
2017-11-01,1.837,2.695,0.858
2017-11-02,1.82,2.647,0.827
2017-11-03,1.768,2.564,0.796
2017-11-06,1.775,2.563,0.788
2017-11-07,1.784,2.578,0.794
2017-11-08,1.794,2.569,0.775
2017-11-09,1.799,2.592,0.793
2017-11-10,1.797,2.607,0.81
2017-11-13,1.797,2.618,0.821
2017-11-14,1.839,2.653,0.814
2017-11-15,1.787,2.583,0.796
2017-11-16,1.795,2.58,0.785
2017-11-17,1.785,2.57,0.785
2017-11-20,1.776,2.541,0.765
2017-11-21,1.778,2.547,0.769
2017-11-22,1.782,2.523,0.741
2017-11-23,1.772,2.507,0.735
2017-11-24,1.775,2.503,0.728
2017-11-27,1.775,2.523,0.748
2017-11-28,1.751,2.494,0.743
2017-11-29,1.73,2.469,0.739
2017-11-30,1.751,2.499,0.748
2017-12-01,1.78,2.535,0.755
2017-12-04,1.798,2.544,0.746
2017-12-05,1.854,2.6,0.746
2017-12-06,1.796,2.509,0.713
2017-12-07,1.792,2.514,0.722
2017-12-08,1.814,2.529,0.715
2017-12-11,1.842,2.56,0.718
2017-12-12,1.839,2.523,0.684
2017-12-13,1.859,2.526,0.667
2017-12-14,1.925,2.56,0.635
2017-12-15,1.906,2.528,0.622
2017-12-18,1.926,2.534,0.608
2017-12-19,1.951,2.58,0.629
2017-12-20,1.972,2.641,0.669
2017-12-21,1.992,2.671,0.679
2017-12-22,2.018,2.716,0.698
2017-12-27,2.029,2.697,0.668
2017-12-28,2.027,2.672,0.645
2017-12-29,1.995,2.637,0.642
2018-01-02,2.007,2.662,0.655
2018-01-03,2.003,2.69,0.687
2018-01-04,1.968,2.655,0.687
2018-01-05,1.905,2.615,0.71
2018-01-08,1.921,2.625,0.704
2018-01-09,1.944,2.649,0.705
2018-01-10,1.954,2.694,0.74
2018-01-11,1.974,2.708,0.734
2018-01-12,1.96,2.728,0.768
2018-01-15,1.976,2.745,0.769
2018-01-16,1.991,2.75,0.759
2018-01-17,2.0,2.765,0.765
2018-01-18,1.989,2.791,0.802
2018-01-19,2.021,2.844,0.823
2018-01-22,2.018,2.841,0.823
2018-01-23,2.004,2.812,0.808
2018-01-24,2.002,2.809,0.807
2018-01-25,2.001,2.829,0.828
2018-01-29,2.012,2.836,0.824
2018-01-30,2.019,2.846,0.827
2018-01-31,1.963,2.798,0.835
2018-02-01,1.941,2.789,0.848
2018-02-02,1.947,2.815,0.868
2018-02-05,1.999,2.922,0.923
2018-02-06,1.956,2.808,0.852
2018-02-07,1.937,2.828,0.891
2018-02-08,1.957,2.875,0.918
2018-02-09,1.926,2.846,0.92
2018-02-12,1.952,2.896,0.944
2018-02-13,1.945,2.862,0.917
2018-02-14,1.948,2.837,0.889
2018-02-15,1.967,2.907,0.94
2018-02-16,1.983,2.912,0.929
2018-02-19,1.985,2.873,0.888
2018-02-20,2.006,2.888,0.882
2018-02-21,1.977,2.849,0.872
2018-02-22,1.969,2.861,0.892
2018-02-23,1.946,2.834,0.888
2018-02-26,1.929,2.764,0.835
2018-02-27,1.926,2.744,0.818
2018-02-28,1.97,2.796,0.826
2018-03-01,1.953,2.74,0.787
2018-03-02,1.94,2.722,0.782
2018-03-05,1.947,2.732,0.785
2018-03-06,1.986,2.806,0.82
2018-03-07,1.968,2.782,0.814
2018-03-08,1.971,2.792,0.821
2018-03-09,1.985,2.772,0.787
2018-03-12,2.014,2.809,0.795
2018-03-13,2.011,2.797,0.786
2018-03-14,1.974,2.733,0.759
2018-03-15,1.95,2.699,0.749
2018-03-16,1.953,2.684,0.731
2018-03-19,1.964,2.697,0.733
2018-03-20,1.977,2.692,0.715
2018-03-21,2.002,2.692,0.69
2018-03-22,2.04,2.696,0.656
2018-03-23,2.011,2.644,0.633
2018-03-26,2.031,2.658,0.627
2018-03-27,2.023,2.65,0.627
2018-03-28,1.967,2.585,0.618
2018-03-29,2.001,2.598,0.597
2018-04-03,2.027,2.602,0.575
2018-04-04,2.054,2.629,0.575
2018-04-05,2.035,2.66,0.625
2018-04-06,2.021,2.652,0.631
2018-04-09,2.018,2.669,0.651
2018-04-10,2.033,2.699,0.666
2018-04-11,2.025,2.675,0.65
2018-04-12,2.026,2.66,0.634
2018-04-13,2.071,2.731,0.66
2018-04-16,2.092,2.742,0.65
2018-04-17,2.118,2.761,0.643
2018-04-18,2.114,2.746,0.632
2018-04-19,2.11,2.78,0.67
2018-04-20,2.098,2.804,0.706
2018-04-23,2.129,2.863,0.734
2018-04-24,2.103,2.836,0.733
2018-04-26,2.11,2.86,0.75
2018-04-27,2.083,2.821,0.738
2018-04-30,2.047,2.767,0.72
2018-05-01,2.048,2.754,0.706
2018-05-02,2.052,2.794,0.742
2018-05-03,2.051,2.807,0.756
2018-05-04,2.032,2.769,0.737
2018-05-07,2.019,2.754,0.735
2018-05-08,2.016,2.739,0.723
2018-05-09,2.021,2.778,0.757
2018-05-10,2.019,2.773,0.754
2018-05-11,2.016,2.779,0.763
2018-05-14,2.001,2.769,0.768
2018-05-15,2.041,2.826,0.785
2018-05-16,2.061,2.881,0.82
2018-05-17,2.065,2.922,0.857
2018-05-18,2.059,2.902,0.843
2018-05-21,2.051,2.886,0.835
2018-05-22,2.049,2.862,0.813
2018-05-23,2.047,2.838,0.791
2018-05-24,2.034,2.804,0.77
2018-05-25,2.018,2.785,0.767
2018-05-28,2.007,2.752,0.745
2018-05-29,1.993,2.684,0.691
2018-05-30,1.98,2.645,0.665
2018-05-31,1.992,2.669,0.677
2018-06-01,2.025,2.699,0.674
2018-06-04,2.069,2.73,0.661
2018-06-05,2.056,2.725,0.669
2018-06-06,2.088,2.761,0.673
2018-06-07,2.113,2.842,0.729
2018-06-08,2.069,2.776,0.707
2018-06-12,2.087,2.804,0.717
2018-06-13,2.073,2.776,0.703
2018-06-14,2.049,2.724,0.675
2018-06-15,2.034,2.694,0.66
2018-06-18,2.021,2.671,0.65
2018-06-19,2.017,2.621,0.604
2018-06-20,2.055,2.653,0.598
2018-06-21,2.067,2.673,0.606
2018-06-22,2.039,2.649,0.61
2018-06-25,2.036,2.63,0.594
2018-06-26,2.034,2.641,0.607
2018-06-27,2.022,2.626,0.604
2018-06-28,2.003,2.616,0.613
2018-06-29,2.001,2.63,0.629
2018-07-02,1.969,2.593,0.624
2018-07-03,1.982,2.613,0.631
2018-07-04,1.978,2.584,0.606
2018-07-05,1.975,2.594,0.619
2018-07-06,1.994,2.624,0.63
2018-07-09,1.992,2.61,0.618
2018-07-10,2.021,2.632,0.611
2018-07-11,1.99,2.607,0.617
2018-07-12,2.0,2.628,0.628
2018-07-13,2.011,2.63,0.619
2018-07-16,2.015,2.635,0.62
2018-07-17,2.037,2.656,0.619
2018-07-18,2.038,2.636,0.598
2018-07-19,2.074,2.656,0.582
2018-07-20,2.05,2.616,0.566
2018-07-23,2.069,2.669,0.6
2018-07-24,2.086,2.718,0.632
2018-07-25,2.058,2.679,0.621
2018-07-26,2.036,2.684,0.648
2018-07-27,2.016,2.644,0.628
2018-07-30,2.027,2.649,0.622
2018-07-31,2.037,2.649,0.612
2018-08-01,2.05,2.688,0.638
2018-08-02,2.063,2.729,0.666
2018-08-03,2.07,2.724,0.654
2018-08-07,2.033,2.656,0.623
2018-08-08,2.041,2.676,0.635
2018-08-09,2.016,2.652,0.636
2018-08-10,1.976,2.588,0.612
2018-08-13,1.983,2.579,0.596
2018-08-14,1.983,2.589,0.606
2018-08-15,1.984,2.581,0.597
2018-08-16,1.978,2.556,0.578
2018-08-17,1.976,2.545,0.569
2018-08-20,1.976,2.525,0.549
2018-08-21,1.991,2.536,0.545
2018-08-22,1.988,2.541,0.553
2018-08-23,1.968,2.531,0.563
2018-08-24,1.976,2.535,0.559
2018-08-27,1.986,2.54,0.554
2018-08-28,1.988,2.56,0.572
2018-08-29,1.964,2.549,0.585
2018-08-30,1.982,2.569,0.587
2018-08-31,1.96,2.52,0.56
2018-09-03,1.959,2.52,0.561
2018-09-04,1.973,2.524,0.551
2018-09-05,1.99,2.549,0.559
2018-09-06,1.986,2.564,0.578
2018-09-07,1.975,2.546,0.571
2018-09-10,1.993,2.576,0.583
2018-09-11,1.997,2.581,0.584
2018-09-12,1.996,2.586,0.59
2018-09-13,2.021,2.604,0.583
2018-09-14,2.011,2.603,0.592
2018-09-17,2.015,2.623,0.608
2018-09-18,2.051,2.661,0.61
2018-09-19,2.098,2.71,0.612
2018-09-20,2.096,2.716,0.62
2018-09-21,2.074,2.701,0.627
2018-09-24,2.074,2.706,0.632
2018-09-25,2.09,2.751,0.661
2018-09-26,2.068,2.735,0.667
2018-09-27,2.033,2.69,0.657
2018-09-28,2.017,2.671,0.654
2018-10-02,1.993,2.67,0.677
2018-10-03,1.957,2.641,0.684
2018-10-04,1.981,2.711,0.73
2018-10-05,1.977,2.716,0.739
2018-10-08,2.008,2.771,0.763
2018-10-09,2.024,2.771,0.747
2018-10-10,2.024,2.752,0.728
2018-10-11,2.014,2.728,0.714
2018-10-12,2.038,2.748,0.71
2018-10-15,2.022,2.688,0.666
2018-10-16,2.027,2.708,0.681
2018-10-17,2.014,2.699,0.685
2018-10-18,2.035,2.723,0.688
2018-10-19,2.016,2.679,0.663
2018-10-22,2.022,2.699,0.677
2018-10-23,2.006,2.675,0.669
2018-10-24,1.998,2.656,0.658
2018-10-25,1.981,2.608,0.627
2018-10-26,1.984,2.594,0.61
2018-10-29,1.967,2.565,0.598
2018-10-30,1.961,2.58,0.619
2018-10-31,1.97,2.625,0.655
2018-11-01,1.996,2.645,0.649
2018-11-02,2.018,2.695,0.677
2018-11-05,2.044,2.74,0.696
2018-11-06,2.039,2.725,0.686
2018-11-07,2.039,2.724,0.685
2018-11-08,2.069,2.757,0.688
2018-11-09,2.076,2.757,0.681
2018-11-12,2.072,2.738,0.666
2018-11-13,2.063,2.729,0.666
2018-11-14,2.049,2.699,0.65
2018-11-15,2.073,2.714,0.641
2018-11-16,2.052,2.675,0.623
2018-11-19,2.04,2.661,0.621
2018-11-20,2.055,2.692,0.637
2018-11-21,2.046,2.687,0.641
2018-11-22,2.038,2.663,0.625
2018-11-23,2.031,2.648,0.617
2018-11-26,2.019,2.633,0.614
2018-11-27,2.021,2.633,0.612
2018-11-28,2.018,2.618,0.6
2018-11-29,2.005,2.599,0.594
2018-11-30,1.992,2.589,0.597
2018-12-03,1.999,2.614,0.615
2018-12-04,1.975,2.529,0.554
2018-12-05,1.96,2.499,0.539
2018-12-06,1.92,2.449,0.529
2018-12-07,1.913,2.444,0.531
2018-12-10,1.92,2.439,0.519
2018-12-11,1.942,2.454,0.512
2018-12-12,1.946,2.449,0.503
2018-12-13,1.985,2.466,0.481
2018-12-14,1.978,2.463,0.485
2018-12-17,1.969,2.443,0.474
2018-12-18,1.946,2.418,0.472
2018-12-19,1.937,2.383,0.446
2018-12-20,1.921,2.341,0.42
2018-12-21,1.964,2.387,0.423
2018-12-24,1.932,2.362,0.43
2018-12-27,1.941,2.378,0.437
2018-12-28,1.924,2.361,0.437
2018-12-31,1.885,2.317,0.432
2019-01-02,1.852,2.287,0.435
2019-01-03,1.791,2.173,0.382
2019-01-04,1.834,2.234,0.4
2019-01-07,1.849,2.269,0.42
2019-01-08,1.87,2.301,0.431
2019-01-09,1.884,2.325,0.441
2019-01-10,1.875,2.315,0.44
2019-01-11,1.869,2.306,0.437
2019-01-14,1.846,2.27,0.424
2019-01-15,1.859,2.285,0.426
2019-01-16,1.845,2.271,0.426
2019-01-17,1.846,2.277,0.431
2019-01-18,1.867,2.311,0.444
2019-01-21,1.869,2.308,0.439
2019-01-22,1.867,2.298,0.431
2019-01-23,1.853,2.278,0.425
2019-01-24,1.823,2.268,0.445
2019-01-25,1.784,2.208,0.424
2019-01-29,1.793,2.228,0.435
2019-01-30,1.826,2.239,0.413
2019-01-31,1.819,2.238,0.419
2019-02-01,1.805,2.203,0.398
2019-02-04,1.818,2.228,0.41
2019-02-05,1.828,2.243,0.415
2019-02-06,1.745,2.18,0.435
2019-02-07,1.73,2.145,0.415
2019-02-08,1.694,2.101,0.407
2019-02-11,1.699,2.06,0.361
2019-02-12,1.729,2.114,0.385
2019-02-13,1.755,2.149,0.394
2019-02-14,1.76,2.144,0.384
2019-02-15,1.733,2.099,0.366
2019-02-18,1.764,2.139,0.375
2019-02-19,1.759,2.133,0.374
2019-02-20,1.721,2.099,0.378
2019-02-21,1.667,2.054,0.387
2019-02-22,1.706,2.094,0.388
2019-02-25,1.722,2.084,0.362
2019-02-26,1.721,2.089,0.368
2019-02-27,1.701,2.07,0.369
2019-02-28,1.697,2.099,0.402
2019-03-01,1.738,2.149,0.411
2019-03-04,1.751,2.188,0.437
2019-03-05,1.726,2.153,0.427
2019-03-06,1.666,2.092,0.426
2019-03-07,1.676,2.082,0.406
2019-03-08,1.658,2.029,0.371
2019-03-11,1.664,2.029,0.365
2019-03-12,1.665,2.031,0.366
2019-03-13,1.6,1.961,0.361
2019-03-14,1.587,1.971,0.384
2019-03-15,1.595,1.977,0.382
2019-03-18,1.606,1.982,0.376
2019-03-19,1.567,1.931,0.364
2019-03-20,1.553,1.935,0.382
2019-03-21,1.534,1.877,0.343
2019-03-22,1.503,1.832,0.329
2019-03-25,1.477,1.778,0.301
2019-03-26,1.517,1.823,0.306
2019-03-27,1.483,1.774,0.291
2019-03-28,1.462,1.724,0.262
2019-03-29,1.469,1.773,0.304
2019-04-01,1.485,1.8,0.315
2019-04-02,1.452,1.808,0.356
2019-04-03,1.462,1.837,0.375
2019-04-04,1.494,1.891,0.397
2019-04-05,1.506,1.901,0.395
2019-04-08,1.48,1.871,0.391
2019-04-09,1.487,1.897,0.41
2019-04-10,1.491,1.871,0.38
2019-04-11,1.489,1.856,0.367
2019-04-12,1.496,1.882,0.386
2019-04-15,1.528,1.95,0.422
2019-04-16,1.502,1.929,0.427
2019-04-17,1.507,1.954,0.447
2019-04-18,1.514,1.949,0.435
2019-04-23,1.475,1.894,0.419
2019-04-24,1.323,1.787,0.464
2019-04-26,1.337,1.777,0.44
2019-04-29,1.341,1.787,0.446
2019-04-30,1.324,1.787,0.463
2019-05-01,1.319,1.781,0.462
2019-05-02,1.32,1.786,0.466
2019-05-03,1.317,1.79,0.473
2019-05-06,1.284,1.736,0.452
2019-05-07,1.363,1.782,0.419
2019-05-08,1.329,1.733,0.404
2019-05-09,1.309,1.709,0.4
2019-05-10,1.315,1.729,0.414
2019-05-13,1.305,1.725,0.42
2019-05-14,1.281,1.7,0.419
2019-05-15,1.279,1.695,0.416
2019-05-16,1.224,1.64,0.416
2019-05-17,1.21,1.641,0.431
2019-05-20,1.253,1.676,0.423
2019-05-21,1.199,1.636,0.437
2019-05-22,1.195,1.636,0.441
2019-05-23,1.15,1.581,0.431
2019-05-24,1.105,1.522,0.417
2019-05-27,1.136,1.552,0.416
2019-05-28,1.127,1.537,0.41
2019-05-29,1.106,1.485,0.379
2019-05-30,1.141,1.534,0.393
2019-05-31,1.111,1.459,0.348
2019-06-03,1.129,1.509,0.38
2019-06-04,1.121,1.504,0.383
2019-06-05,1.083,1.484,0.401
2019-06-06,1.061,1.469,0.408
2019-06-07,1.075,1.473,0.398
2019-06-11,1.06,1.454,0.394
2019-06-12,1.04,1.429,0.389
2019-06-13,1.008,1.405,0.397
2019-06-14,0.997,1.375,0.378
2019-06-17,1.03,1.393,0.363
2019-06-18,1.01,1.373,0.363
2019-06-19,0.976,1.343,0.367
2019-06-20,0.931,1.297,0.366
2019-06-21,0.906,1.283,0.377
2019-06-24,0.912,1.299,0.387
2019-06-25,0.905,1.285,0.38
2019-06-26,0.945,1.282,0.337
2019-06-27,0.984,1.35,0.366
2019-06-28,0.973,1.325,0.352
2019-07-01,0.982,1.359,0.377
2019-07-02,0.969,1.337,0.368
2019-07-03,0.928,1.282,0.354
2019-07-04,0.94,1.296,0.356
2019-07-05,0.94,1.286,0.346
2019-07-08,0.961,1.326,0.365
2019-07-09,0.957,1.322,0.365
2019-07-10,0.982,1.357,0.375
2019-07-11,0.946,1.337,0.391
2019-07-12,0.989,1.442,0.453
2019-07-15,0.998,1.458,0.46
2019-07-16,0.963,1.408,0.445
2019-07-17,0.948,1.399,0.451
2019-07-18,0.941,1.354,0.413
2019-07-19,0.956,1.358,0.402
2019-07-22,0.946,1.337,0.391
2019-07-23,0.94,1.322,0.382
2019-07-24,0.907,1.303,0.396
2019-07-25,0.865,1.234,0.369
2019-07-26,0.87,1.234,0.364
2019-07-29,0.852,1.215,0.363
2019-07-30,0.842,1.21,0.368
2019-07-31,0.83,1.19,0.36
2019-08-01,0.863,1.215,0.352
2019-08-02,0.782,1.091,0.309
2019-08-05,0.746,1.056,0.31
2019-08-06,0.749,1.046,0.297
2019-08-07,0.704,0.962,0.258
2019-08-08,0.733,0.983,0.25
2019-08-09,0.716,0.963,0.247
2019-08-12,0.714,0.963,0.249
2019-08-13,0.707,0.938,0.231
2019-08-14,0.712,0.948,0.236
2019-08-15,0.714,0.893,0.179
2019-08-16,0.719,0.888,0.169
2019-08-19,0.729,0.918,0.189
2019-08-20,0.728,0.947,0.219
2019-08-21,0.722,0.936,0.214
2019-08-22,0.719,0.915,0.196
2019-08-23,0.743,0.979,0.236
2019-08-26,0.698,0.892,0.194
2019-08-27,0.727,0.911,0.184
2019-08-28,0.716,0.891,0.175
2019-08-29,0.708,0.882,0.174
2019-08-30,0.706,0.889,0.183
2019-09-02,0.723,0.925,0.202
2019-09-03,0.732,0.944,0.212
2019-09-04,0.754,0.935,0.181
2019-09-05,0.785,0.972,0.187
2019-09-06,0.851,1.092,0.241
2019-09-09,0.841,1.033,0.192
2019-09-10,0.864,1.077,0.213
2019-09-11,0.896,1.141,0.245
2019-09-12,0.897,1.153,0.256
2019-09-13,0.903,1.154,0.251
2019-09-16,0.923,1.188,0.265
2019-09-17,0.869,1.129,0.26
2019-09-18,0.872,1.135,0.263
2019-09-19,0.79,1.056,0.266
2019-09-20,0.757,1.016,0.259
2019-09-23,0.753,0.997,0.244
2019-09-24,0.739,0.957,0.218
2019-09-25,0.731,0.938,0.207
2019-09-26,0.725,0.947,0.222
2019-09-27,0.725,0.942,0.217
2019-09-30,0.757,1.012,0.255
2019-10-01,0.68,0.969,0.289
2019-10-02,0.649,0.959,0.31
2019-10-03,0.63,0.915,0.285
2019-10-04,0.618,0.886,0.268
2019-10-08,0.624,0.892,0.268
2019-10-09,0.622,0.878,0.256
2019-10-10,0.618,0.891,0.273
2019-10-11,0.688,1.013,0.325
2019-10-14,0.707,1.042,0.335
2019-10-15,0.692,1.013,0.321
2019-10-16,0.711,1.046,0.335
2019-10-17,0.756,1.1,0.344
2019-10-18,0.767,1.101,0.334
2019-10-21,0.786,1.145,0.359
2019-10-22,0.79,1.166,0.376
2019-10-23,0.757,1.102,0.345
2019-10-24,0.744,1.082,0.338
2019-10-25,0.732,1.057,0.325
2019-10-28,0.754,1.092,0.338
2019-10-29,0.823,1.181,0.358
2019-10-30,0.797,1.136,0.339
2019-10-31,0.824,1.136,0.312
2019-11-01,0.805,1.096,0.291
2019-11-04,0.846,1.176,0.33
2019-11-05,0.873,1.2,0.327
2019-11-06,0.895,1.27,0.375
2019-11-07,0.858,1.211,0.353
2019-11-08,0.887,1.291,0.404
2019-11-11,0.872,1.296,0.424
2019-11-12,0.852,1.282,0.43
2019-11-13,0.837,1.272,0.435
2019-11-14,0.766,1.177,0.411
2019-11-15,0.778,1.161,0.383
2019-11-18,0.778,1.167,0.389
2019-11-19,0.751,1.127,0.376
2019-11-20,0.746,1.072,0.326
2019-11-21,0.754,1.072,0.318
2019-11-22,0.761,1.097,0.336
2019-11-25,0.764,1.092,0.328
2019-11-26,0.764,1.077,0.313
2019-11-27,0.683,1.018,0.335
2019-11-28,0.655,0.999,0.344
2019-11-29,0.679,1.034,0.355
2019-12-02,0.711,1.094,0.383
2019-12-03,0.786,1.195,0.409
2019-12-04,0.708,1.063,0.355
2019-12-05,0.713,1.092,0.379
2019-12-06,0.731,1.127,0.396
2019-12-09,0.746,1.151,0.405
2019-12-10,0.725,1.107,0.382
2019-12-11,0.759,1.156,0.397
2019-12-12,0.745,1.132,0.387
2019-12-13,0.818,1.258,0.44
2019-12-16,0.77,1.158,0.388
2019-12-17,0.746,1.158,0.412
2019-12-18,0.78,1.208,0.428
2019-12-19,0.84,1.269,0.429
2019-12-20,0.876,1.289,0.413
2019-12-23,0.888,1.299,0.411
2019-12-24,0.903,1.31,0.407
2019-12-27,0.91,1.309,0.399
2019-12-30,0.9,1.309,0.409
2019-12-31,0.922,1.36,0.438
2020-01-02,0.876,1.345,0.469
2020-01-03,0.822,1.255,0.433
2020-01-06,0.794,1.206,0.412
2020-01-07,0.792,1.221,0.429
2020-01-08,0.772,1.188,0.416
2020-01-09,0.802,1.241,0.439
2020-01-10,0.813,1.257,0.444
2020-01-13,0.8,1.214,0.414
2020-01-14,0.818,1.261,0.443
2020-01-15,0.804,1.217,0.413
2020-01-16,0.78,1.187,0.407
2020-01-17,0.771,1.182,0.411
2020-01-20,0.76,1.177,0.417
2020-01-21,0.75,1.163,0.413
2020-01-22,0.715,1.119,0.404
2020-01-23,0.742,1.105,0.363
2020-01-24,0.751,1.091,0.34
2020-01-28,0.66,0.957,0.297
2020-01-29,0.698,1.017,0.319
2020-01-30,0.652,0.968,0.316
2020-01-31,0.648,0.958,0.31
2020-02-03,0.62,0.929,0.309
2020-02-04,0.647,0.929,0.282
2020-02-05,0.741,1.038,0.297
2020-02-06,0.786,1.097,0.311
2020-02-07,0.745,1.048,0.303
2020-02-10,0.726,1.013,0.287
2020-02-11,0.735,1.024,0.289
2020-02-12,0.764,1.069,0.305
2020-02-13,0.758,1.048,0.29
2020-02-14,0.75,1.053,0.303
2020-02-17,0.756,1.059,0.303
2020-02-18,0.743,1.024,0.281
2020-02-19,0.744,1.029,0.285
2020-02-20,0.703,0.994,0.291
2020-02-21,0.663,0.929,0.266
2020-02-24,0.648,0.911,0.263
2020-02-25,0.657,0.92,0.263
2020-02-26,0.635,0.91,0.275
2020-02-27,0.591,0.845,0.254
2020-02-28,0.534,0.81,0.276
2020-03-02,0.468,0.797,0.329
2020-03-03,0.457,0.785,0.328
2020-03-04,0.387,0.713,0.326
2020-03-05,0.42,0.773,0.353
2020-03-06,0.388,0.668,0.28
2020-03-09,0.413,0.606,0.193
2020-03-10,0.496,0.789,0.293
2020-03-11,0.422,0.671,0.249
2020-03-12,0.433,0.763,0.33
2020-03-13,0.566,0.969,0.403
2020-03-16,0.504,0.908,0.404
2020-03-17,0.525,1.032,0.507
2020-03-18,0.515,1.211,0.696
2020-03-19,0.334,1.483,1.149
2020-03-20,0.282,1.136,0.854
2020-03-23,0.287,0.908,0.621
2020-03-24,0.285,0.89,0.605
2020-03-25,0.288,0.973,0.685
2020-03-26,0.268,0.919,0.651
2020-03-27,0.254,0.917,0.663
2020-03-30,0.255,0.775,0.52
2020-03-31,0.244,0.755,0.511
2020-04-01,0.212,0.67,0.458
2020-04-02,0.219,0.759,0.54
2020-04-03,0.212,0.754,0.542
2020-04-06,0.22,0.769,0.549
2020-04-07,0.224,0.912,0.688
2020-04-08,0.219,0.911,0.692
2020-04-09,0.231,0.899,0.668
2020-04-14,0.226,0.918,0.692
2020-04-15,0.231,0.907,0.676
2020-04-16,0.221,0.842,0.621
2020-04-17,0.225,0.852,0.627
2020-04-20,0.228,0.833,0.605
2020-04-21,0.224,0.852,0.628
2020-04-22,0.222,0.836,0.614
2020-04-23,0.227,0.872,0.645
2020-04-24,0.228,0.872,0.644
2020-04-27,0.231,0.907,0.676
2020-04-28,0.228,0.922,0.694
2020-04-29,0.227,0.917,0.69
2020-04-30,0.222,0.887,0.665
2020-05-01,0.221,0.867,0.646
2020-05-04,0.22,0.828,0.608
2020-05-05,0.218,0.865,0.647
2020-05-06,0.228,0.914,0.686
2020-05-07,0.226,0.924,0.698
2020-05-08,0.219,0.89,0.671
2020-05-11,0.219,0.96,0.741
2020-05-12,0.228,0.956,0.728
2020-05-13,0.237,0.956,0.719
2020-05-14,0.251,0.897,0.646
2020-05-15,0.251,0.908,0.657
2020-05-18,0.255,0.909,0.654
2020-05-19,0.262,0.978,0.716
2020-05-20,0.259,0.948,0.689
2020-05-21,0.256,0.912,0.656
2020-05-22,0.257,0.868,0.611
2020-05-25,0.26,0.86,0.6
2020-05-26,0.263,0.884,0.621
2020-05-27,0.262,0.879,0.617
2020-05-28,0.263,0.879,0.616
2020-05-29,0.264,0.885,0.621
2020-06-01,0.268,0.895,0.627
2020-06-02,0.266,0.907,0.641
2020-06-03,0.274,0.968,0.694
2020-06-04,0.282,1.022,0.74
2020-06-05,0.284,1.094,0.81
2020-06-09,0.281,1.052,0.771
2020-06-10,0.281,1.022,0.741
2020-06-11,0.271,0.925,0.654
2020-06-12,0.27,0.913,0.643
2020-06-15,0.265,0.865,0.6
2020-06-16,0.264,0.92,0.656
2020-06-17,0.264,0.921,0.657
2020-06-18,0.26,0.886,0.626
2020-06-19,0.263,0.866,0.603
2020-06-22,0.261,0.872,0.611
2020-06-23,0.259,0.907,0.648
2020-06-24,0.252,0.929,0.677
2020-06-25,0.25,0.889,0.639
2020-06-26,0.248,0.873,0.625
2020-06-29,0.25,0.888,0.638
2020-06-30,0.249,0.878,0.629
2020-07-01,0.253,0.943,0.69
2020-07-02,0.25,0.932,0.682
2020-07-03,0.252,0.913,0.661
2020-07-06,0.254,0.934,0.68
2020-07-07,0.253,0.894,0.641
2020-07-08,0.249,0.88,0.631
2020-07-09,0.251,0.91,0.659
2020-07-10,0.25,0.871,0.621
2020-07-13,0.257,0.912,0.655
2020-07-14,0.261,0.922,0.661
2020-07-15,0.257,0.883,0.626
2020-07-16,0.256,0.894,0.638
2020-07-17,0.261,0.88,0.619
2020-07-20,0.265,0.9,0.635
2020-07-21,0.265,0.876,0.611
2020-07-22,0.279,0.902,0.623
2020-07-23,0.269,0.876,0.607
2020-07-24,0.26,0.88,0.62
2020-07-27,0.268,0.9,0.632
2020-07-28,0.274,0.933,0.659
2020-07-29,0.271,0.89,0.619
2020-07-30,0.275,0.87,0.595
2020-07-31,0.28,0.829,0.549
2020-08-03,0.281,0.87,0.589
2020-08-04,0.257,0.846,0.589
2020-08-05,0.258,0.836,0.578
2020-08-06,0.26,0.869,0.609
2020-08-07,0.259,0.844,0.585
2020-08-10,0.262,0.879,0.617
2020-08-11,0.27,0.885,0.615
2020-08-12,0.274,0.934,0.66
2020-08-13,0.268,0.904,0.636
2020-08-14,0.27,0.95,0.68
2020-08-17,0.269,0.916,0.647
2020-08-18,0.273,0.887,0.614
2020-08-19,0.273,0.882,0.609
2020-08-20,0.269,0.873,0.604
2020-08-21,0.27,0.898,0.628
2020-08-24,0.272,0.874,0.602
2020-08-25,0.267,0.905,0.638
2020-08-26,0.27,0.97,0.7
2020-08-27,0.267,0.935,0.668
2020-08-28,0.274,1.04,0.766
2020-08-31,0.277,1.001,0.724
2020-09-01,0.273,0.992,0.719
2020-09-02,0.272,0.954,0.682
2020-09-03,0.269,0.929,0.66
2020-09-04,0.272,0.91,0.638
2020-09-07,0.274,0.991,0.717
2020-09-08,0.275,0.993,0.718
2020-09-09,0.259,0.915,0.656
2020-09-10,0.256,0.955,0.699
2020-09-11,0.254,0.934,0.68
2020-09-14,0.24,0.891,0.651
2020-09-15,0.225,0.889,0.664
2020-09-16,0.219,0.889,0.67
2020-09-17,0.209,0.869,0.66
2020-09-18,0.212,0.913,0.701
2020-09-21,0.213,0.879,0.666
2020-09-22,0.21,0.856,0.646
2020-09-23,0.162,0.832,0.67
2020-09-24,0.165,0.832,0.667
2020-09-25,0.168,0.826,0.658
2020-09-28,0.165,0.802,0.637
2020-09-29,0.17,0.807,0.637
2020-09-30,0.172,0.816,0.644
2020-10-01,0.176,0.876,0.7
2020-10-02,0.175,0.812,0.637
2020-10-06,0.184,0.862,0.678
2020-10-07,0.146,0.822,0.676
2020-10-08,0.155,0.847,0.692
2020-10-09,0.155,0.833,0.678
2020-10-12,0.15,0.829,0.679
2020-10-13,0.149,0.83,0.681
2020-10-14,0.154,0.82,0.666
2020-10-15,0.14,0.745,0.605
2020-10-16,0.143,0.705,0.562
2020-10-19,0.146,0.735,0.589
2020-10-20,0.129,0.741,0.612
2020-10-21,0.125,0.785,0.66
2020-10-22,0.124,0.795,0.671
2020-10-23,0.128,0.84,0.712
2020-10-26,0.112,0.792,0.68
2020-10-27,0.114,0.788,0.674
2020-10-28,0.109,0.769,0.66
2020-10-29,0.111,0.798,0.687
2020-10-30,0.109,0.813,0.704
2020-11-02,0.113,0.809,0.696
2020-11-03,0.093,0.758,0.665
2020-11-04,0.108,0.779,0.671
2020-11-05,0.097,0.729,0.632
2020-11-06,0.096,0.741,0.645
2020-11-09,0.094,0.757,0.663
2020-11-10,0.099,0.907,0.808
2020-11-11,0.1,0.981,0.881
2020-11-12,0.097,0.902,0.805
2020-11-13,0.102,0.869,0.767
2020-11-16,0.099,0.879,0.78
2020-11-17,0.097,0.945,0.848
2020-11-18,0.095,0.875,0.78
2020-11-19,0.095,0.875,0.78
2020-11-20,0.097,0.851,0.754
2020-11-23,0.092,0.836,0.744
2020-11-24,0.093,0.882,0.789
2020-11-25,0.093,0.922,0.829
2020-11-26,0.089,0.902,0.813
2020-11-27,0.088,0.893,0.805
2020-11-30,0.089,0.889,0.8
2020-12-01,0.094,0.909,0.815
2020-12-02,0.098,0.974,0.876
2020-12-03,0.1,1.008,0.908
2020-12-04,0.1,0.984,0.884
2020-12-07,0.1,1.03,0.93
2020-12-08,0.099,1.017,0.918
2020-12-09,0.097,1.02,0.923
2020-12-10,0.087,0.982,0.895
2020-12-11,0.09,0.982,0.892
2020-12-14,0.092,0.961,0.869
2020-12-15,0.092,0.961,0.869
2020-12-16,0.099,0.959,0.86
2020-12-17,0.103,0.982,0.879
2020-12-18,0.104,0.984,0.88
2020-12-21,0.09,0.96,0.87
2020-12-22,0.087,0.95,0.863
2020-12-23,0.086,0.927,0.841
2020-12-24,0.081,0.992,0.911
2020-12-29,0.08,0.965,0.885
2020-12-30,0.077,0.981,0.904
2020-12-31,0.074,0.973,0.899
2021-01-04,0.076,0.984,0.908
2021-01-05,0.075,0.948,0.873
2021-01-06,0.076,1.03,0.954
2021-01-07,0.077,1.05,0.973
2021-01-08,0.077,1.09,1.013
2021-01-11,0.076,1.071,0.995
2021-01-12,0.079,1.11,1.031
2021-01-13,0.082,1.071,0.989
2021-01-14,0.078,1.062,0.984
2021-01-15,0.078,1.048,0.97
2021-01-18,0.079,1.034,0.955
2021-01-19,0.079,1.06,0.981
2021-01-20,0.079,1.051,0.972
2021-01-21,0.078,1.031,0.953
2021-01-22,0.083,1.092,1.009
2021-01-25,0.079,1.069,0.99
2021-01-27,0.084,1.059,0.975
2021-01-28,0.083,1.046,0.963
2021-01-29,0.085,1.096,1.011
2021-02-01,0.088,1.118,1.03
2021-02-02,0.092,1.122,1.03
2021-02-03,0.093,1.143,1.05
2021-02-04,0.097,1.196,1.099
2021-02-05,0.092,1.162,1.07
2021-02-08,0.09,1.238,1.148
2021-02-09,0.088,1.199,1.111
2021-02-10,0.088,1.19,1.102
2021-02-11,0.087,1.155,1.068
2021-02-12,0.088,1.19,1.102
2021-02-15,0.09,1.29,1.2
2021-02-16,0.093,1.292,1.199
2021-02-17,0.1,1.372,1.272
2021-02-18,0.104,1.337,1.233
2021-02-19,0.111,1.403,1.292
2021-02-22,0.119,1.573,1.454
2021-02-23,0.116,1.534,1.418
2021-02-24,0.115,1.581,1.466
2021-02-25,0.112,1.703,1.591
2021-02-26,0.108,1.885,1.777
2021-03-01,0.113,1.64,1.527
2021-03-02,0.106,1.689,1.583
2021-03-03,0.106,1.65,1.544
2021-03-04,0.116,1.747,1.631
2021-03-05,0.12,1.808,1.688
2021-03-08,0.122,1.746,1.624
2021-03-09,0.104,1.756,1.652
2021-03-10,0.097,1.686,1.589
2021-03-11,0.089,1.631,1.542
2021-03-12,0.1,1.688,1.588
2021-03-15,0.084,1.767,1.683
2021-03-16,0.083,1.67,1.587
2021-03-17,0.08,1.695,1.615
2021-03-18,0.086,1.761,1.675
2021-03-19,0.086,1.78,1.694
2021-03-22,0.084,1.737,1.653
2021-03-23,0.079,1.707,1.628
2021-03-24,0.078,1.63,1.552
2021-03-25,0.074,1.657,1.583
2021-03-26,0.072,1.632,1.56
2021-03-29,0.071,1.666,1.595
2021-03-30,0.073,1.757,1.684
2021-03-31,0.074,1.763,1.689
2021-04-01,0.076,1.76,1.684
2021-04-06,0.075,1.703,1.628
2021-04-07,0.075,1.67,1.595
2021-04-08,0.075,1.661,1.586
2021-04-09,0.074,1.677,1.603
2021-04-12,0.075,1.694,1.619
2021-04-13,0.074,1.735,1.661
2021-04-14,0.074,1.672,1.598
2021-04-15,0.075,1.692,1.617
2021-04-16,0.074,1.659,1.585
2021-04-19,0.074,1.64,1.566
2021-04-20,0.074,1.705,1.631
2021-04-21,0.072,1.657,1.585
2021-04-22,0.072,1.623,1.551
2021-04-23,0.071,1.659,1.588
2021-04-26,0.072,1.68,1.608
2021-04-27,0.074,1.666,1.592
2021-04-28,0.074,1.657,1.583
2021-04-29,0.074,1.643,1.569
2021-04-30,0.077,1.674,1.597
2021-05-03,0.079,1.679,1.6
2021-05-04,0.083,1.686,1.603
2021-05-05,0.085,1.668,1.583
2021-05-06,0.088,1.629,1.541
2021-05-07,0.082,1.609,1.527
2021-05-10,0.079,1.641,1.562
2021-05-11,0.074,1.652,1.578
2021-05-12,0.078,1.702,1.624
2021-05-13,0.077,1.741,1.664
2021-05-14,0.077,1.723,1.646
2021-05-17,0.077,1.679,1.602
2021-05-18,0.074,1.71,1.636
2021-05-19,0.071,1.701,1.63
2021-05-20,0.069,1.697,1.628
2021-05-21,0.07,1.664,1.594
2021-05-24,0.069,1.631,1.562
2021-05-25,0.066,1.617,1.551
2021-05-26,0.061,1.604,1.543
2021-05-27,0.057,1.563,1.506
2021-05-28,0.059,1.624,1.565
2021-05-31,0.055,1.645,1.59
2021-06-01,0.046,1.627,1.581
2021-06-02,0.046,1.617,1.571
2021-06-03,0.039,1.603,1.564
2021-06-04,0.043,1.624,1.581
2021-06-07,0.044,1.575,1.531
2021-06-08,0.047,1.551,1.504
2021-06-09,0.034,1.517,1.483
2021-06-10,0.012,1.435,1.423
2021-06-11,-0.001,1.436,1.437
2021-06-15,0.004,1.446,1.442
2021-06-16,0.005,1.494,1.489
2021-06-17,0.018,1.59,1.572
2021-06-18,0.066,1.546,1.48
2021-06-21,0.084,1.474,1.39
2021-06-22,0.074,1.545,1.471
2021-06-23,0.076,1.515,1.439
2021-06-24,0.07,1.522,1.452
2021-06-25,0.072,1.519,1.447
2021-06-28,0.07,1.539,1.469
2021-06-29,0.068,1.496,1.428
2021-06-30,0.065,1.486,1.421
2021-07-01,0.058,1.477,1.419
2021-07-02,0.057,1.434,1.377
2021-07-05,0.058,1.391,1.333
2021-07-06,0.067,1.428,1.361
2021-07-07,0.066,1.351,1.285
2021-07-08,0.064,1.282,1.218
2021-07-09,0.062,1.323,1.261
2021-07-12,0.056,1.279,1.223
2021-07-13,0.058,1.29,1.232
2021-07-14,0.047,1.304,1.257
2021-07-15,0.047,1.253,1.206
2021-07-16,0.045,1.248,1.203
2021-07-19,0.039,1.211,1.172
2021-07-20,0.029,1.149,1.12
2021-07-21,0.03,1.128,1.098
2021-07-22,0.028,1.158,1.13
2021-07-23,0.028,1.164,1.136
2021-07-26,0.031,1.15,1.119
2021-07-27,0.029,1.176,1.147
2021-07-28,0.025,1.122,1.097
2021-07-29,0.021,1.123,1.102
2021-07-30,0.022,1.149,1.127
2021-08-03,0.024,1.125,1.101
2021-08-04,0.024,1.116,1.092
2021-08-05,0.029,1.127,1.098
2021-08-06,0.04,1.163,1.123
2021-08-09,0.039,1.177,1.138
2021-08-10,0.04,1.174,1.134
2021-08-11,0.041,1.194,1.153
2021-08-12,0.04,1.16,1.12
2021-08-13,0.039,1.19,1.151
2021-08-16,0.033,1.132,1.099
2021-08-17,0.029,1.113,1.084
2021-08-18,0.027,1.114,1.087
2021-08-19,0.025,1.055,1.03
2021-08-20,0.011,1.056,1.045
2021-08-23,0.011,1.072,1.061
2021-08-24,0.013,1.128,1.115
2021-08-25,0.017,1.133,1.116
2021-08-26,0.017,1.164,1.147
2021-08-27,0.018,1.166,1.148
2021-08-30,0.016,1.136,1.12
2021-08-31,0.009,1.132,1.123
2021-09-01,0.009,1.222,1.213
2021-09-02,0.008,1.183,1.175
2021-09-03,0.008,1.2,1.192
2021-09-06,0.008,1.236,1.228
2021-09-07,0.009,1.236,1.227
2021-09-08,0.01,1.278,1.268
2021-09-09,0.01,1.25,1.24
2021-09-10,0.008,1.203,1.195
2021-09-13,0.006,1.256,1.25
2021-09-14,0.002,1.234,1.232
2021-09-15,0.007,1.189,1.182
2021-09-16,0.008,1.244,1.236
2021-09-17,0.008,1.284,1.276
2021-09-20,0.008,1.285,1.277
2021-09-21,0.008,1.252,1.244
2021-09-22,0.009,1.237,1.228
2021-09-23,0.009,1.243,1.234
2021-09-24,0.013,1.387,1.374
2021-09-27,0.016,1.393,1.377
2021-09-28,0.024,1.462,1.438
2021-09-29,0.026,1.467,1.441
2021-09-30,0.035,1.473,1.438
2021-10-01,0.039,1.473,1.434
2021-10-05,0.068,1.499,1.431
2021-10-06,0.084,1.593,1.509
2021-10-07,0.086,1.57,1.484
2021-10-08,0.086,1.624,1.538
2021-10-11,0.203,1.704,1.501
2021-10-12,0.096,1.71,1.614
2021-10-13,0.097,1.676,1.579
2021-10-14,0.098,1.613,1.515
2021-10-15,0.102,1.639,1.537
2021-10-18,0.13,1.733,1.603
2021-10-19,0.137,1.714,1.577
2021-10-20,0.144,1.799,1.655
2021-10-21,0.155,1.779,1.624
2021-10-22,0.121,1.79,1.669
2021-10-25,0.126,1.777,1.651
2021-10-26,0.144,1.798,1.654
2021-10-27,0.2,1.802,1.602
2021-10-28,0.496,1.833,1.337
2021-10-29,0.68,2.083,1.403
2021-11-01,0.64,1.9,1.26
2021-11-02,0.619,1.885,1.266
2021-11-03,0.57,1.846,1.276
2021-11-04,0.585,1.826,1.241
2021-11-05,0.545,1.806,1.261
2021-11-08,0.51,1.747,1.237
2021-11-09,0.506,1.778,1.272
2021-11-10,0.514,1.729,1.215
2021-11-11,0.6,1.808,1.208
2021-11-12,0.606,1.791,1.185
2021-11-15,0.577,1.766,1.189
2021-11-16,0.608,1.831,1.223
2021-11-17,0.58,1.858,1.278
2021-11-18,0.561,1.793,1.232
2021-11-19,0.567,1.809,1.242
2021-11-22,0.568,1.79,1.222
2021-11-23,0.607,1.867,1.26
2021-11-24,0.557,1.857,1.3
2021-11-25,0.567,1.868,1.301
2021-11-26,0.541,1.736,1.195
2021-11-29,0.526,1.743,1.217
2021-11-30,0.511,1.689,1.178
2021-12-01,0.545,1.728,1.183
2021-12-02,0.555,1.68,1.125
2021-12-03,0.543,1.61,1.067
2021-12-06,0.527,1.582,1.055
2021-12-07,0.552,1.648,1.096
2021-12-08,0.562,1.621,1.059
2021-12-09,0.546,1.679,1.133
2021-12-10,0.531,1.637,1.106
2021-12-13,0.521,1.605,1.084
2021-12-14,0.508,1.545,1.037
2021-12-15,0.528,1.563,1.035
2021-12-16,0.577,1.569,0.992
2021-12-17,0.577,1.588,1.011
2021-12-20,0.534,1.542,1.008
2021-12-21,0.53,1.601,1.071
2021-12-22,0.475,1.585,1.11
2021-12-23,0.483,1.591,1.108
2021-12-24,0.487,1.578,1.091
2021-12-29,0.477,1.534,1.057
2021-12-30,0.501,1.631,1.13
2021-12-31,0.509,1.666,1.157
2022-01-04,0.561,1.732,1.171
2022-01-05,0.575,1.768,1.193
2022-01-06,0.625,1.849,1.224
2022-01-07,0.615,1.838,1.223
2022-01-10,0.622,1.905,1.283
2022-01-11,0.62,1.881,1.261
2022-01-12,0.607,1.835,1.228
2022-01-13,0.636,1.846,1.21
2022-01-14,0.664,1.837,1.173
2022-01-17,0.715,1.903,1.188
2022-01-18,0.766,1.933,1.167
2022-01-19,0.797,1.983,1.186
2022-01-20,0.821,1.979,1.158
2022-01-21,0.773,1.905,1.132
2022-01-24,0.799,1.922,1.123
2022-01-25,0.848,1.93,1.082
2022-01-27,0.916,2.01,1.094
2022-01-28,0.876,1.928,1.052
2022-01-31,0.812,1.884,1.072
2022-02-01,0.797,1.89,1.093
2022-02-02,0.804,1.9,1.096
2022-02-03,0.791,1.857,1.066
2022-02-04,0.864,1.948,1.084
2022-02-07,0.93,1.984,1.054
2022-02-08,0.993,2.109,1.116
2022-02-09,0.985,2.094,1.109
2022-02-10,0.978,2.097,1.119
2022-02-11,1.084,2.202,1.118
2022-02-14,1.049,2.128,1.079
2022-02-15,1.116,2.179,1.063
2022-02-16,1.136,2.224,1.088
2022-02-17,1.09,2.2,1.11
2022-02-18,1.105,2.241,1.136
2022-02-21,1.094,2.212,1.118
2022-02-22,1.107,2.194,1.087
2022-02-23,1.161,2.263,1.102
2022-02-24,1.088,2.15,1.062
2022-02-25,1.127,2.226,1.099
2022-02-28,1.022,2.131,1.109
2022-03-01,1.021,2.182,1.161
2022-03-02,0.939,2.068,1.129
2022-03-03,1.016,2.159,1.143
2022-03-04,1.049,2.144,1.095
2022-03-07,1.061,2.129,1.068
2022-03-08,1.142,2.227,1.085
2022-03-09,1.193,2.312,1.119
2022-03-10,1.215,2.361,1.146
2022-03-11,1.244,2.393,1.149
2022-03-14,1.278,2.451,1.173
2022-03-15,1.28,2.511,1.231
2022-03-16,1.233,2.488,1.255
2022-03-17,1.288,2.5,1.212
2022-03-18,1.338,2.57,1.232
2022-03-21,1.349,2.576,1.227
2022-03-22,1.506,2.714,1.208
2022-03-23,1.521,2.769,1.248
2022-03-24,1.451,2.76,1.309
2022-03-25,1.533,2.771,1.238
2022-03-28,1.747,2.896,1.149
2022-03-29,1.864,2.891,1.027
2022-03-30,1.777,2.788,1.011
2022-03-31,1.761,2.836,1.075
2022-04-01,1.791,2.822,1.031
2022-04-04,1.809,2.828,1.019
2022-04-05,1.93,2.853,0.923
2022-04-06,2.073,2.928,0.855
2022-04-07,2.077,2.909,0.832
2022-04-08,2.097,2.959,0.862
2022-04-11,2.107,3.004,0.897
2022-04-12,2.142,3.078,0.936
2022-04-13,2.101,3.069,0.968
2022-04-14,2.005,2.967,0.962
2022-04-19,2.112,3.062,0.95
2022-04-20,2.188,3.107,0.919
2022-04-21,2.251,3.079,0.828
2022-04-22,2.38,3.126,0.746
2022-04-26,2.351,3.102,0.751
2022-04-27,2.383,3.053,0.67
2022-04-28,2.408,3.079,0.671
2022-04-29,2.451,3.119,0.668
2022-05-02,2.56,3.259,0.699
2022-05-03,2.764,3.394,0.63
2022-05-04,2.896,3.539,0.643
2022-05-05,2.725,3.387,0.662
2022-05-06,2.757,3.467,0.71
2022-05-09,2.77,3.562,0.792
2022-05-10,2.714,3.563,0.849
2022-05-11,2.679,3.503,0.824
2022-05-12,2.636,3.425,0.789
2022-05-13,2.564,3.401,0.837
2022-05-16,2.58,3.384,0.804
2022-05-17,2.603,3.404,0.801
2022-05-18,2.624,3.459,0.835
2022-05-19,2.564,3.383,0.819
2022-05-20,2.514,3.31,0.796
2022-05-23,2.533,3.326,0.793
2022-05-24,2.531,3.317,0.786
2022-05-25,2.423,3.24,0.817
2022-05-26,2.413,3.202,0.789
2022-05-27,2.445,3.253,0.808
2022-05-30,2.438,3.254,0.816
2022-05-31,2.519,3.352,0.833
2022-06-01,2.572,3.417,0.845
2022-06-02,2.677,3.498,0.821
2022-06-03,2.652,3.483,0.831
2022-06-06,2.669,3.484,0.815
2022-06-07,2.834,3.555,0.721
2022-06-08,2.781,3.545,0.764
2022-06-09,2.773,3.607,0.834
2022-06-10,2.791,3.674,0.883
2022-06-14,3.132,3.957,0.825
2022-06-15,3.365,4.2,0.835
2022-06-16,3.234,3.993,0.759
2022-06-17,3.358,4.128,0.77
2022-06-20,3.327,4.066,0.739
2022-06-21,3.222,4.065,0.843
2022-06-22,3.086,3.988,0.902
2022-06-23,2.985,3.855,0.87
2022-06-24,2.831,3.721,0.89
2022-06-27,2.902,3.778,0.876
2022-06-28,2.877,3.744,0.867
2022-06-29,2.81,3.695,0.885
2022-06-30,2.729,3.662,0.933
2022-07-01,2.588,3.597,1.009
2022-07-04,2.56,3.565,1.005
2022-07-05,2.581,3.553,0.972
2022-07-06,2.534,3.409,0.875
2022-07-07,2.589,3.473,0.884
2022-07-08,2.648,3.484,0.836
2022-07-11,2.68,3.515,0.835
2022-07-12,2.587,3.421,0.834
2022-07-13,2.57,3.393,0.823
2022-07-14,2.678,3.416,0.738
2022-07-15,2.671,3.413,0.742
2022-07-18,2.754,3.442,0.688
2022-07-19,2.856,3.517,0.661
2022-07-20,2.907,3.551,0.644
2022-07-21,2.917,3.578,0.661
2022-07-22,2.831,3.446,0.615
2022-07-25,2.775,3.359,0.584
2022-07-26,2.799,3.346,0.547
2022-07-27,2.687,3.253,0.566
2022-07-28,2.643,3.211,0.568
2022-07-29,2.485,3.063,0.578
2022-08-01,2.514,3.084,0.57
2022-08-02,2.512,2.985,0.473
2022-08-03,2.638,3.08,0.442
2022-08-04,2.712,3.151,0.439
2022-08-05,2.677,3.091,0.414
2022-08-08,2.777,3.221,0.444
2022-08-09,2.792,3.192,0.4
2022-08-10,2.846,3.251,0.405
2022-08-11,2.865,3.296,0.431
2022-08-12,2.948,3.435,0.487
2022-08-15,2.906,3.371,0.465
2022-08-16,2.782,3.232,0.45
2022-08-17,2.836,3.278,0.442
2022-08-18,2.883,3.341,0.458
2022-08-19,2.939,3.41,0.471
2022-08-22,3.041,3.525,0.484
2022-08-23,3.114,3.584,0.47
2022-08-24,3.089,3.634,0.545
2022-08-25,3.121,3.681,0.56
2022-08-26,3.041,3.581,0.54
2022-08-29,3.18,3.672,0.492
2022-08-30,3.091,3.61,0.519
2022-08-31,3.062,3.605,0.543
2022-09-01,3.135,3.689,0.554
2022-09-02,3.108,3.66,0.552
2022-09-05,3.103,3.654,0.551
2022-09-06,3.096,3.654,0.558
2022-09-07,3.134,3.71,0.576
2022-09-08,2.988,3.573,0.585
2022-09-09,3.013,3.568,0.555
2022-09-12,3.084,3.64,0.556
2022-09-13,3.035,3.578,0.543
2022-09-14,3.134,3.646,0.512
2022-09-15,3.215,3.692,0.477
2022-09-16,3.295,3.729,0.434
2022-09-19,3.257,3.685,0.428
2022-09-20,3.218,3.642,0.424
2022-09-21,3.218,3.677,0.459
2022-09-23,3.477,3.919,0.442
2022-09-26,3.614,3.993,0.379
2022-09-27,3.575,4.032,0.457
2022-09-28,3.572,4.102,0.53
2022-09-29,3.484,3.946,0.462
2022-09-30,3.422,3.892,0.47
2022-10-04,3.114,3.726,0.612
2022-10-05,3.064,3.631,0.567
2022-10-06,3.18,3.769,0.589
2022-10-07,3.228,3.844,0.616
2022-10-10,3.228,3.863,0.635
2022-10-11,3.337,4.032,0.695
2022-10-12,3.265,3.943,0.678
2022-10-13,3.258,3.999,0.741
2022-10-14,3.349,4.003,0.654
2022-10-17,3.351,4.018,0.667
2022-10-18,3.294,3.915,0.621
2022-10-19,3.366,3.941,0.575
2022-10-20,3.488,4.055,0.567
2022-10-21,3.617,4.195,0.578
2022-10-24,3.488,4.146,0.658
2022-10-25,3.442,4.072,0.63
2022-10-26,3.365,3.915,0.55
2022-10-27,3.284,3.827,0.543
2022-10-28,3.198,3.731,0.533
2022-10-31,3.22,3.751,0.531
2022-11-01,3.183,3.76,0.577
2022-11-02,3.265,3.806,0.541
2022-11-03,3.37,3.916,0.546
2022-11-04,3.261,3.846,0.585
2022-11-07,3.271,3.903,0.632
2022-11-08,3.398,4.033,0.635
2022-11-09,3.298,3.863,0.565
2022-11-10,3.158,3.716,0.558
2022-11-11,3.08,3.654,0.574
2022-11-14,3.171,3.763,0.592
2022-11-15,3.19,3.757,0.567
2022-11-16,3.162,3.723,0.561
2022-11-17,3.102,3.615,0.513
2022-11-18,3.118,3.61,0.492
2022-11-21,3.104,3.56,0.456
2022-11-22,3.132,3.567,0.435
2022-11-23,3.195,3.566,0.371
2022-11-24,3.169,3.522,0.353
2022-11-25,3.204,3.552,0.348
2022-11-28,3.137,3.492,0.355
2022-11-29,3.175,3.582,0.407
2022-11-30,3.107,3.508,0.401
2022-12-01,3.024,3.459,0.435
2022-12-02,2.96,3.37,0.41
2022-12-05,2.956,3.345,0.389
2022-12-06,3.013,3.377,0.364
2022-12-07,2.998,3.336,0.338
2022-12-08,2.982,3.346,0.364
2022-12-09,2.935,3.276,0.341
2022-12-12,2.971,3.362,0.391
2022-12-13,3.011,3.382,0.371
2022-12-14,2.963,3.344,0.381
2022-12-15,3.067,3.438,0.371
2022-12-16,3.057,3.436,0.379
2022-12-19,3.11,3.514,0.404
2022-12-20,3.223,3.707,0.484
2022-12-21,3.148,3.704,0.556
2022-12-22,3.213,3.775,0.562
2022-12-23,3.263,3.805,0.542
2022-12-28,3.429,4.014,0.585
2022-12-29,3.422,4.004,0.582
2022-12-30,3.42,4.029,0.609
2023-01-03,3.397,3.98,0.583
2023-01-04,3.357,3.883,0.526
2023-01-05,3.363,3.815,0.452
2023-01-06,3.389,3.799,0.41
2023-01-09,3.266,3.702,0.436
2023-01-10,3.257,3.697,0.44
2023-01-11,3.263,3.698,0.435
2023-01-12,3.132,3.576,0.444
2023-01-13,3.128,3.574,0.446
2023-01-16,3.142,3.577,0.435
2023-01-17,3.134,3.588,0.454
2023-01-18,3.083,3.529,0.446
2023-01-19,2.893,3.306,0.413
2023-01-20,2.93,3.381,0.451
2023-01-23,2.97,3.434,0.464
2023-01-24,2.972,3.448,0.476
2023-01-25,3.081,3.49,0.409
2023-01-27,3.145,3.543,0.398
2023-01-30,3.12,3.52,0.4
2023-01-31,3.105,3.535,0.43
2023-02-01,3.123,3.555,0.432
2023-02-02,3.07,3.526,0.456
2023-02-03,2.944,3.368,0.424
2023-02-06,3.025,3.446,0.421
2023-02-07,3.179,3.581,0.402
2023-02-08,3.204,3.6,0.396
2023-02-09,3.273,3.657,0.384
2023-02-10,3.353,3.696,0.343
2023-02-13,3.406,3.747,0.341
2023-02-14,3.402,3.727,0.325
2023-02-15,3.407,3.726,0.319
2023-02-16,3.402,3.747,0.345
2023-02-17,3.452,3.808,0.356
2023-02-20,3.493,3.799,0.306
2023-02-21,3.52,3.804,0.284
2023-02-22,3.539,3.863,0.324
2023-02-23,3.56,3.875,0.315
2023-02-24,3.534,3.815,0.281
2023-02-27,3.602,3.865,0.263
2023-02-28,3.558,3.841,0.283
2023-03-01,3.469,3.777,0.308
2023-03-02,3.528,3.852,0.324
2023-03-03,3.563,3.894,0.331
2023-03-06,3.477,3.757,0.28
2023-03-07,3.346,3.677,0.331
2023-03-08,3.435,3.738,0.303
2023-03-09,3.407,3.704,0.297
2023-03-10,3.307,3.577,0.27
2023-03-13,3.182,3.514,0.332
2023-03-14,3.026,3.444,0.418
2023-03-15,3.049,3.429,0.38
2023-03-16,2.783,3.327,0.544
2023-03-17,2.95,3.387,0.437
2023-03-20,2.759,3.234,0.475
2023-03-21,2.739,3.184,0.445
2023-03-22,2.92,3.359,0.439
2023-03-23,2.847,3.285,0.438
2023-03-24,2.783,3.213,0.43
2023-03-27,2.735,3.188,0.453
2023-03-28,2.846,3.292,0.446
2023-03-29,2.842,3.278,0.436
2023-03-30,2.921,3.352,0.431
2023-03-31,2.866,3.293,0.427
2023-04-03,2.902,3.319,0.417
2023-04-04,2.819,3.255,0.436
2023-04-05,2.818,3.275,0.457
2023-04-06,2.741,3.181,0.44
2023-04-11,2.794,3.221,0.427
2023-04-12,2.828,3.24,0.412
2023-04-13,2.868,3.27,0.402
2023-04-14,2.873,3.319,0.446
2023-04-17,2.912,3.367,0.455
2023-04-18,3.008,3.469,0.461
2023-04-19,3.086,3.509,0.423
2023-04-20,3.078,3.495,0.417
2023-04-21,3.029,3.462,0.433
2023-04-24,3.036,3.446,0.41
2023-04-26,2.861,3.302,0.441
2023-04-27,2.932,3.366,0.434
2023-04-28,2.932,3.335,0.403
2023-05-01,2.94,3.351,0.411
2023-05-02,3.153,3.442,0.289
2023-05-03,3.119,3.408,0.289
2023-05-04,2.975,3.303,0.328
2023-05-05,2.957,3.318,0.361
2023-05-08,3.06,3.398,0.338
2023-05-09,3.093,3.448,0.355
2023-05-10,3.129,3.452,0.323
2023-05-11,3.072,3.388,0.316
2023-05-12,3.033,3.324,0.291
2023-05-15,3.137,3.429,0.292
2023-05-16,3.146,3.409,0.263
2023-05-17,3.169,3.429,0.26
2023-05-18,3.268,3.488,0.22
2023-05-19,3.374,3.593,0.219
2023-05-22,3.365,3.587,0.222
2023-05-23,3.425,3.652,0.227
2023-05-24,3.386,3.648,0.262
2023-05-25,3.481,3.702,0.221
2023-05-26,3.51,3.732,0.222
2023-05-29,3.5,3.703,0.203
2023-05-30,3.495,3.682,0.187
2023-05-31,3.449,3.607,0.158
2023-06-01,3.48,3.616,0.136
2023-06-02,3.557,3.646,0.089
2023-06-05,3.671,3.786,0.115
2023-06-06,3.757,3.805,0.048
2023-06-07,3.803,3.83,0.027
2023-06-08,3.959,4.014,0.055
2023-06-09,3.926,3.952,0.026
2023-06-13,3.93,3.938,0.008
2023-06-14,4.001,3.977,-0.024
2023-06-15,4.105,4.005,-0.1
2023-06-16,4.123,4.029,-0.094
2023-06-19,4.103,3.974,-0.129
2023-06-20,4.082,4.029,-0.053
2023-06-21,4.043,3.985,-0.058
2023-06-22,4.074,3.979,-0.095
2023-06-23,4.13,3.99,-0.14
2023-06-26,4.053,3.952,-0.101
2023-06-27,4.032,3.932,-0.1
2023-06-28,3.97,3.872,-0.098
2023-06-29,4.024,3.902,-0.122
2023-06-30,4.146,4.025,-0.121
2023-07-03,4.088,3.961,-0.127
2023-07-04,4.11,4.003,-0.107
2023-07-05,4.115,3.997,-0.118
2023-07-06,4.242,4.12,-0.122
2023-07-07,4.355,4.253,-0.102
2023-07-10,4.332,4.282,-0.05
2023-07-11,4.229,4.178,-0.051
2023-07-12,4.171,4.122,-0.049
2023-07-13,4.058,4.044,-0.014
2023-07-14,4.003,3.99,-0.013
2023-07-17,4.011,3.979,-0.032
2023-07-18,3.98,3.97,-0.01
2023-07-19,3.891,3.861,-0.03
2023-07-20,4.005,3.944,-0.061
2023-07-21,4.035,4.004,-0.031
2023-07-24,4.008,3.989,-0.019
2023-07-25,4.05,4.024,-0.026
2023-07-26,3.981,4.005,0.024
2023-07-27,3.904,3.919,0.015
2023-07-28,3.969,4.061,0.092
2023-07-31,3.973,4.052,0.079
2023-08-01,3.85,3.968,0.118
2023-08-02,3.84,4.017,0.177
2023-08-03,3.856,4.096,0.24
2023-08-04,3.942,4.185,0.243
2023-08-07,3.89,4.122,0.232
2023-08-08,3.809,4.006,0.197
2023-08-09,3.808,3.987,0.179
2023-08-10,3.849,4.036,0.187
2023-08-11,3.889,4.101,0.212
2023-08-14,3.963,4.185,0.222
2023-08-15,4.007,4.25,0.243
2023-08-16,3.962,4.2,0.238
2023-08-17,4.011,4.312,0.301
2023-08-18,3.936,4.223,0.287
2023-08-21,3.941,4.254,0.313
2023-08-22,3.939,4.26,0.321
2023-08-23,3.896,4.185,0.289
2023-08-24,3.843,4.106,0.263
2023-08-25,3.893,4.151,0.258
2023-08-28,3.919,4.132,0.213
2023-08-29,3.909,4.091,0.182
2023-08-30,3.864,4.063,0.199
2023-08-31,3.821,4.018,0.197
2023-09-01,3.81,3.998,0.188
2023-09-04,3.85,4.083,0.233
2023-09-05,3.851,4.127,0.276
2023-09-06,3.84,4.122,0.282
2023-09-07,3.883,4.152,0.269
2023-09-08,3.836,4.077,0.241
2023-09-11,3.873,4.154,0.281
2023-09-12,3.876,4.161,0.285
2023-09-13,3.883,4.143,0.26
2023-09-14,3.874,4.109,0.235
2023-09-15,3.869,4.098,0.229
2023-09-18,3.935,4.207,0.272
2023-09-19,3.92,4.161,0.241
2023-09-20,3.973,4.211,0.238
2023-09-21,4.069,4.295,0.226
2023-09-22,4.059,4.332,0.273
2023-09-25,4.034,4.307,0.273
2023-09-26,4.076,4.394,0.318
2023-09-27,4.047,4.37,0.323
2023-09-28,4.104,4.449,0.345
2023-09-29,4.083,4.479,0.396
2023-10-03,4.099,4.531,0.432
2023-10-04,4.144,4.652,0.508
2023-10-05,4.06,4.562,0.502
2023-10-06,4.023,4.534,0.511
2023-10-09,3.982,4.512,0.53
2023-10-10,3.954,4.449,0.495
2023-10-11,4.006,4.421,0.415
2023-10-12,3.996,4.364,0.368
2023-10-13,4.049,4.458,0.409
2023-10-16,4.054,4.451,0.397
2023-10-17,4.187,4.542,0.355
2023-10-18,4.275,4.644,0.369
2023-10-19,4.316,4.778,0.462
2023-10-20,4.291,4.742,0.451
2023-10-23,4.293,4.778,0.485
2023-10-24,4.225,4.685,0.46
2023-10-25,4.345,4.715,0.37
2023-10-26,4.405,4.869,0.464
2023-10-27,4.386,4.809,0.423
2023-10-30,4.439,4.869,0.43
2023-10-31,4.468,4.924,0.456
2023-11-01,4.467,4.942,0.475
2023-11-02,4.371,4.786,0.415
2023-11-03,4.35,4.718,0.368
2023-11-06,4.342,4.718,0.376
2023-11-07,4.308,4.69,0.382
2023-11-08,4.228,4.579,0.351
2023-11-09,4.23,4.528,0.298
2023-11-10,4.3,4.618,0.318
2023-11-13,4.346,4.666,0.32
2023-11-14,4.347,4.661,0.314
2023-11-15,4.241,4.53,0.289
2023-11-16,4.234,4.55,0.316
2023-11-17,4.16,4.465,0.305
2023-11-20,4.189,4.506,0.317
2023-11-21,4.159,4.447,0.288
2023-11-22,4.152,4.446,0.294
2023-11-23,4.207,4.481,0.274
2023-11-24,4.25,4.545,0.295
2023-11-27,4.274,4.564,0.29
2023-11-28,4.227,4.495,0.268
2023-11-29,4.096,4.361,0.265
2023-11-30,4.103,4.411,0.308
2023-12-01,4.153,4.49,0.337
2023-12-04,4.112,4.447,0.335
2023-12-05,4.073,4.412,0.339
2023-12-06,3.974,4.283,0.309
2023-12-07,4.01,4.338,0.328
2023-12-08,3.99,4.294,0.304
2023-12-11,4.034,4.339,0.305
2023-12-12,4.023,4.327,0.304
2023-12-13,4.019,4.287,0.268
2023-12-14,3.844,4.133,0.289
2023-12-15,3.868,4.14,0.272
2023-12-18,3.789,4.057,0.268
2023-12-19,3.838,4.111,0.273
2023-12-20,3.784,4.046,0.262
2023-12-21,3.746,4.017,0.271
2023-12-22,3.737,4.007,0.27
2023-12-27,3.693,3.973,0.28
2023-12-28,3.652,3.893,0.241
2023-12-29,3.691,3.958,0.267
2024-01-02,3.724,3.999,0.275
2024-01-03,3.795,4.048,0.253
2024-01-04,3.793,4.053,0.26
2024-01-05,3.854,4.136,0.282
2024-01-08,3.892,4.16,0.268
2024-01-09,3.828,4.106,0.278
2024-01-10,3.838,4.12,0.282
2024-01-11,3.829,4.109,0.28
2024-01-12,3.775,4.075,0.3
2024-01-15,3.755,4.08,0.325
2024-01-16,3.814,4.154,0.34
2024-01-17,3.862,4.213,0.351
2024-01-18,3.915,4.267,0.352
2024-01-19,3.93,4.296,0.366
2024-01-22,3.905,4.232,0.327
2024-01-23,3.862,4.193,0.331
2024-01-24,3.873,4.233,0.36
2024-01-25,3.874,4.247,0.373
2024-01-29,3.822,4.218,0.396
2024-01-30,3.791,4.144,0.353
2024-01-31,3.642,4.015,0.373
2024-02-01,3.646,4.016,0.37
2024-02-02,3.628,3.982,0.354
2024-02-05,3.744,4.099,0.355
2024-02-06,3.763,4.129,0.366
2024-02-07,3.719,4.091,0.372
2024-02-08,3.738,4.111,0.373
2024-02-09,3.763,4.13,0.367
2024-02-12,3.82,4.166,0.346
2024-02-13,3.828,4.175,0.347
2024-02-14,3.913,4.268,0.355
2024-02-15,3.784,4.14,0.356
2024-02-16,3.833,4.199,0.366
2024-02-19,3.814,4.174,0.36
2024-02-20,3.802,4.185,0.383
2024-02-21,3.78,4.175,0.395
2024-02-22,3.79,4.16,0.37
2024-02-23,3.835,4.201,0.366
2024-02-26,3.767,4.106,0.339
2024-02-27,3.774,4.136,0.362
2024-02-28,3.781,4.171,0.39
2024-02-29,3.754,4.141,0.387
2024-03-01,3.764,4.146,0.382
2024-03-04,3.732,4.106,0.374
2024-03-05,3.732,4.096,0.364
2024-03-06,3.677,4.012,0.335
2024-03-07,3.696,4.014,0.318
2024-03-08,3.666,3.978,0.312
2024-03-11,3.648,3.957,0.309
2024-03-12,3.643,3.951,0.308
2024-03-13,3.706,4.023,0.317
2024-03-14,3.74,4.062,0.322
2024-03-15,3.803,4.139,0.336
2024-03-18,3.797,4.116,0.319
2024-03-19,3.738,4.087,0.349
2024-03-20,3.725,4.056,0.331
2024-03-21,3.778,4.095,0.317
2024-03-22,3.747,4.041,0.294
2024-03-25,3.714,4.011,0.297
2024-03-26,3.717,4.031,0.314
2024-03-27,3.697,4.007,0.31
2024-03-28,3.666,3.968,0.302
2024-04-02,3.714,4.067,0.353
2024-04-03,3.772,4.136,0.364
2024-04-04,3.803,4.174,0.371
2024-04-05,3.75,4.095,0.345
2024-04-08,3.817,4.192,0.375
2024-04-09,3.788,4.168,0.38
2024-04-10,3.762,4.113,0.351
2024-04-11,3.888,4.251,0.363
2024-04-12,3.904,4.262,0.358
2024-04-15,3.896,4.257,0.361
2024-04-16,3.941,4.326,0.385
2024-04-17,3.993,4.379,0.386
2024-04-18,3.916,4.275,0.359
2024-04-19,3.878,4.251,0.373
2024-04-22,3.931,4.315,0.384
2024-04-23,3.894,4.266,0.372
2024-04-24,4.077,4.404,0.327
2024-04-26,4.183,4.518,0.335
2024-04-29,4.157,4.484,0.327
2024-04-30,4.094,4.42,0.326
2024-05-01,4.171,4.505,0.334
2024-05-02,4.121,4.445,0.324
2024-05-03,4.092,4.416,0.324
2024-05-06,4.082,4.377,0.295
2024-05-07,3.974,4.304,0.33
2024-05-08,3.995,4.29,0.295
2024-05-09,4.038,4.344,0.306
2024-05-10,4.017,4.319,0.302
2024-05-13,4.018,4.325,0.307
2024-05-14,4.009,4.325,0.316
2024-05-15,4.011,4.314,0.303
2024-05-16,3.895,4.185,0.29
2024-05-17,3.9,4.211,0.311
2024-05-20,3.93,4.236,0.306
2024-05-21,3.949,4.251,0.302
2024-05-22,3.991,4.285,0.294
2024-05-23,3.99,4.255,0.265
2024-05-24,4.038,4.308,0.27
2024-05-27,4.018,4.279,0.261
2024-05-28,4.012,4.259,0.247
2024-05-29,4.124,4.398,0.274
2024-05-30,4.135,4.433,0.298
2024-05-31,4.107,4.408,0.301
2024-06-03,4.078,4.368,0.29
2024-06-04,4.03,4.304,0.274
2024-06-05,3.993,4.245,0.252
2024-06-06,3.973,4.225,0.252
2024-06-07,3.962,4.22,0.258
2024-06-11,4.039,4.324,0.285
2024-06-12,4.007,4.279,0.272
2024-06-13,3.949,4.19,0.241
2024-06-14,3.888,4.124,0.236
2024-06-17,3.865,4.112,0.247
2024-06-18,3.919,4.155,0.236
2024-06-19,3.968,4.181,0.213
2024-06-20,3.987,4.205,0.218
2024-06-21,3.989,4.213,0.224
2024-06-24,4.006,4.218,0.212
2024-06-25,3.997,4.203,0.206
2024-06-26,4.175,4.313,0.138
2024-06-27,4.238,4.411,0.173
2024-06-28,4.145,4.312,0.167
2024-07-01,4.185,4.385,0.2
2024-07-02,4.194,4.41,0.216
2024-07-03,4.215,4.43,0.215
2024-07-04,4.217,4.416,0.199
2024-07-05,4.216,4.405,0.189
2024-07-08,4.182,4.362,0.18
2024-07-09,4.174,4.348,0.174
2024-07-10,4.146,4.348,0.202
2024-07-11,4.175,4.377,0.202
2024-07-12,4.121,4.328,0.207
2024-07-15,4.111,4.328,0.217
2024-07-16,4.042,4.255,0.213
2024-07-17,4.047,4.26,0.213
2024-07-18,4.065,4.244,0.179
2024-07-19,4.083,4.289,0.206
2024-07-22,4.093,4.313,0.22
2024-07-23,4.132,4.354,0.222
2024-07-24,4.121,4.333,0.212
2024-07-25,4.064,4.318,0.254
2024-07-26,4.059,4.313,0.254
2024-07-29,4.049,4.279,0.23
2024-07-30,4.055,4.284,0.229
2024-07-31,3.831,4.12,0.289
2024-08-01,3.81,4.092,0.282
2024-08-02,3.753,4.056,0.303
2024-08-05,3.64,3.983,0.343
2024-08-06,3.706,4.026,0.32
2024-08-07,3.751,4.087,0.336
2024-08-08,3.717,4.076,0.359
2024-08-09,3.723,4.065,0.342
2024-08-12,3.729,4.056,0.327
2024-08-13,3.689,4.012,0.323
2024-08-14,3.592,3.938,0.346
2024-08-15,3.56,3.882,0.322
2024-08-16,3.626,3.937,0.311
2024-08-19,3.611,3.922,0.311
2024-08-20,3.645,3.957,0.312
2024-08-21,3.587,3.898,0.311
2024-08-22,3.566,3.892,0.326
2024-08-23,3.595,3.927,0.332
2024-08-26,3.503,3.863,0.36
2024-08-27,3.56,3.917,0.357
2024-08-28,3.601,3.937,0.336
2024-08-29,3.611,3.961,0.35
2024-08-30,3.616,3.976,0.36
2024-09-02,3.675,4.021,0.346
2024-09-03,3.665,4.011,0.346
2024-09-04,3.637,3.961,0.324
2024-09-05,3.609,3.936,0.327
2024-09-06,3.568,3.89,0.322
2024-09-09,3.615,3.966,0.351
2024-09-10,3.591,3.918,0.327
2024-09-11,3.548,3.859,0.311
2024-09-12,3.573,3.863,0.29
2024-09-13,3.503,3.827,0.324
2024-09-16,3.476,3.823,0.347
2024-09-17,3.494,3.843,0.349
2024-09-18,3.519,3.872,0.353
2024-09-19,3.59,3.939,0.349
2024-09-20,3.569,3.93,0.361
2024-09-23,3.6,3.968,0.368
2024-09-24,3.485,3.9,0.415
2024-09-25,3.51,3.919,0.409
2024-09-26,3.547,3.952,0.405
2024-09-27,3.574,3.972,0.398
2024-09-30,3.583,3.987,0.404
2024-10-01,3.606,3.996,0.39
2024-10-02,3.557,3.941,0.384
2024-10-03,3.598,4.0,0.402
2024-10-04,3.657,4.063,0.406
2024-10-08,3.777,4.155,0.378
2024-10-09,3.79,4.181,0.391
2024-10-10,3.834,4.215,0.381
2024-10-11,3.819,4.22,0.401
2024-10-14,3.85,4.264,0.414
2024-10-15,3.837,4.244,0.407
2024-10-16,3.797,4.196,0.399
2024-10-17,3.849,4.239,0.39
2024-10-18,3.886,4.298,0.412
2024-10-21,3.854,4.264,0.41
2024-10-22,3.967,4.423,0.456
2024-10-23,3.984,4.457,0.473
2024-10-24,3.959,4.442,0.483
2024-10-25,3.928,4.403,0.475
2024-10-28,3.995,4.472,0.477
2024-10-29,3.969,4.438,0.469
2024-10-30,3.987,4.458,0.471
2024-10-31,4.038,4.496,0.458
2024-11-01,4.056,4.531,0.475
2024-11-04,4.053,4.552,0.499
2024-11-05,4.077,4.556,0.479
2024-11-06,4.122,4.62,0.498
2024-11-07,4.119,4.631,0.512
2024-11-08,4.078,4.571,0.493
2024-11-11,4.098,4.571,0.473
2024-11-12,4.107,4.557,0.45
2024-11-13,4.214,4.661,0.447
2024-11-14,4.202,4.691,0.489
2024-11-15,4.151,4.631,0.48
2024-11-18,4.105,4.597,0.492
2024-11-19,4.068,4.558,0.49
2024-11-20,4.069,4.552,0.483
2024-11-21,4.092,4.573,0.481
2024-11-22,4.063,4.539,0.476
2024-11-25,4.027,4.48,0.453
2024-11-26,3.986,4.441,0.455
2024-11-27,3.976,4.412,0.436
2024-11-28,3.922,4.356,0.434
2024-11-29,3.923,4.335,0.412
2024-12-02,3.944,4.331,0.387
2024-12-03,3.925,4.301,0.376
2024-12-04,3.846,4.261,0.415
2024-12-05,3.833,4.231,0.398
2024-12-06,3.834,4.217,0.383
2024-12-09,3.814,4.197,0.383
2024-12-10,3.734,4.135,0.401
2024-12-11,3.755,4.184,0.429
2024-12-12,3.861,4.263,0.402
2024-12-13,3.872,4.289,0.417
2024-12-16,3.897,4.317,0.42
2024-12-17,3.873,4.294,0.421
2024-12-18,3.841,4.279,0.438
2024-12-19,3.968,4.411,0.443
2024-12-20,3.986,4.494,0.508
2024-12-23,3.915,4.405,0.49
2024-12-24,3.908,4.44,0.532
2024-12-27,3.848,4.38,0.532
2024-12-30,3.901,4.46,0.559
2024-12-31,3.826,4.366,0.54
2025-01-02,3.87,4.435,0.565
2025-01-03,3.839,4.384,0.545
2025-01-06,3.912,4.47,0.558
2025-01-07,3.921,4.479,0.558
2025-01-08,3.897,4.502,0.605
2025-01-09,3.872,4.487,0.615
2025-01-10,3.902,4.547,0.645
2025-01-13,4.01,4.636,0.626
2025-01-14,3.994,4.616,0.622
2025-01-15,3.992,4.626,0.634
2025-01-16,3.901,4.498,0.597
2025-01-17,3.913,4.498,0.585
2025-01-20,3.884,4.482,0.598
2025-01-21,3.857,4.409,0.552
2025-01-22,3.906,4.464,0.558
2025-01-23,3.901,4.474,0.573
2025-01-24,3.888,4.48,0.592
2025-01-28,3.835,4.427,0.592
2025-01-29,3.771,4.375,0.604
2025-01-30,3.782,4.385,0.603
2025-01-31,3.794,4.435,0.641
2025-02-03,3.729,4.386,0.657
2025-02-04,3.749,4.421,0.672
2025-02-05,3.722,4.363,0.641
2025-02-06,3.711,4.324,0.613
2025-02-07,3.755,4.364,0.609
2025-02-10,3.793,4.409,0.616
2025-02-11,3.783,4.395,0.612
2025-02-12,3.839,4.469,0.63
2025-02-13,3.837,4.479,0.642
2025-02-14,3.811,4.424,0.613
2025-02-17,3.852,4.46,0.608
2025-02-18,3.906,4.514,0.608
2025-02-19,3.914,4.534,0.62
2025-02-20,3.918,4.534,0.616
2025-02-21,3.898,4.52,0.622
2025-02-24,3.831,4.446,0.615
2025-02-25,3.793,4.407,0.614
2025-02-26,3.777,4.372,0.595
2025-02-27,3.769,4.348,0.579
2025-02-28,3.727,4.303,0.576
2025-03-03,3.758,4.338,0.58
2025-03-04,3.704,4.278,0.574
2025-03-05,3.75,4.363,0.613
2025-03-06,3.832,4.492,0.66
2025-03-07,3.764,4.413,0.649
2025-03-10,3.803,4.449,0.646
2025-03-11,3.735,4.389,0.654
2025-03-12,3.754,4.449,0.695
2025-03-13,3.75,4.43,0.68
2025-03-14,3.748,4.434,0.686
2025-03-17,3.745,4.422,0.677
2025-03-18,3.752,4.413,0.661
2025-03-19,3.774,4.434,0.66
2025-03-20,3.724,4.389,0.665
2025-03-21,3.733,4.409,0.676
2025-03-24,3.723,4.415,0.692
2025-03-25,3.726,4.439,0.713
2025-03-26,3.77,4.493,0.723
2025-03-27,3.769,4.523,0.754
2025-03-28,3.732,4.478,0.746
2025-03-31,3.674,4.402,0.728
2025-04-01,3.665,4.391,0.726
2025-04-02,3.689,4.397,0.708
2025-04-03,3.527,4.242,0.715
2025-04-04,3.394,4.199,0.805
2025-04-07,3.252,4.081,0.829
2025-04-08,3.312,4.222,0.91
2025-04-09,3.218,4.376,1.158
2025-04-10,3.305,4.312,1.007
2025-04-11,3.25,4.377,1.127
2025-04-14,3.296,4.381,1.085
2025-04-15,3.285,4.332,1.047
2025-04-16,3.289,4.323,1.034
2025-04-17,3.288,4.264,0.976
2025-04-22,3.214,4.241,1.027
2025-04-23,3.287,4.247,0.96
2025-04-24,3.277,4.217,0.94
2025-04-28,3.247,4.153,0.906
2025-04-29,3.264,4.174,0.91
2025-04-30,3.271,4.148,0.877
2025-05-01,3.261,4.173,0.912
2025-05-02,3.287,4.203,0.916
2025-05-05,3.343,4.254,0.911
2025-05-06,3.38,4.319,0.939
2025-05-07,3.32,4.264,0.944
2025-05-08,3.315,4.223,0.908
2025-05-09,3.373,4.273,0.9
2025-05-12,3.44,4.347,0.907
2025-05-13,3.529,4.417,0.888
2025-05-14,3.556,4.467,0.911
2025-05-15,3.606,4.521,0.915
2025-05-16,3.554,4.443,0.889
2025-05-19,3.591,4.513,0.922
2025-05-20,3.427,4.389,0.962
2025-05-21,3.421,4.439,1.018
2025-05-22,3.414,4.445,1.031
2025-05-23,3.395,4.41,1.015
2025-05-26,3.366,4.371,1.005
2025-05-27,3.33,4.302,0.972
2025-05-28,3.362,4.321,0.959
2025-05-29,3.379,4.362,0.983
2025-05-30,3.278,4.249,0.971
2025-06-02,3.284,4.259,0.975
2025-06-03,3.271,4.25,0.979
2025-06-04,3.282,4.241,0.959
2025-06-05,3.293,4.241,0.948
2025-06-06,3.321,4.261,0.94
2025-06-10,3.312,4.243,0.931
2025-06-11,3.364,4.279,0.915
2025-06-12,3.313,4.233,0.92
2025-06-13,3.26,4.151,0.891
2025-06-16,3.3,4.228,0.928
2025-06-17,3.318,4.253,0.935
2025-06-18,3.311,4.248,0.937
2025-06-19,3.299,4.214,0.915
2025-06-20,3.27,4.18,0.91
2025-06-23,3.282,4.216,0.934
2025-06-24,3.223,4.152,0.929
2025-06-25,3.186,4.118,0.932
2025-06-26,3.186,4.103,0.917
2025-06-27,3.196,4.128,0.932
2025-06-30,3.212,4.161,0.949
2025-07-01,3.182,4.116,0.934
2025-07-02,3.219,4.151,0.932
2025-07-03,3.239,4.181,0.942
2025-07-04,3.254,4.191,0.937
2025-07-07,3.236,4.182,0.946
2025-07-08,3.352,4.263,0.911
2025-07-09,3.398,4.342,0.944
2025-07-10,3.365,4.284,0.919
2025-07-11,3.391,4.327,0.936
2025-07-14,3.411,4.371,0.96
2025-07-15,3.425,4.38,0.955
2025-07-16,3.428,4.4,0.972
2025-07-17,3.343,4.347,1.004
2025-07-18,3.323,4.338,1.015
2025-07-21,3.321,4.323,1.002
2025-07-22,3.326,4.306,0.98
2025-07-23,3.332,4.297,0.965
2025-07-24,3.393,4.356,0.963
2025-07-25,3.403,4.346,0.943
2025-07-28,3.405,4.34,0.935
2025-07-29,3.38,4.33,0.95
2025-07-30,3.316,4.257,0.941
2025-07-31,3.344,4.262,0.918
2025-08-01,3.388,4.317,0.929
2025-08-04,3.357,4.293,0.936
2025-08-05,3.314,4.228,0.914
2025-08-06,3.343,4.258,0.915
2025-08-07,3.329,4.244,0.915
2025-08-08,3.343,4.25,0.907
2025-08-11,3.342,4.25,0.908
2025-08-12,3.331,4.244,0.913
2025-08-13,3.301,4.226,0.925
2025-08-14,3.288,4.212,0.924
2025-08-15,3.293,4.232,0.939
2025-08-18,3.316,4.272,0.956
2025-08-19,3.363,4.331,0.968
2025-08-20,3.331,4.302,0.971
2025-08-21,3.325,4.283,0.958
2025-08-22,3.348,4.318,0.97
2025-08-25,3.32,4.289,0.969
2025-08-26,3.332,4.319,0.987
2025-08-27,3.358,4.329,0.971
2025-08-28,3.323,4.291,0.968
2025-08-29,3.333,4.28,0.947
2025-09-01,3.342,4.325,0.983
2025-09-02,3.373,4.364,0.991
2025-09-03,3.435,4.424,0.989
2025-09-04,3.4,4.36,0.96
2025-09-05,3.396,4.345,0.949
2025-09-08,3.354,4.286,0.932
2025-09-09,3.364,4.272,0.908
2025-09-10,3.372,4.278,0.906
2025-09-11,3.355,4.24,0.885
2025-09-12,3.374,4.224,0.85
2025-09-15,3.398,4.281,0.883
2025-09-16,3.361,4.227,0.866
2025-09-17,3.356,4.229,0.873
2025-09-18,3.322,4.201,0.879
2025-09-19,3.361,4.249,0.888
2025-09-22,3.379,4.278,0.899
2025-09-23,3.383,4.273,0.89
2025-09-24,3.448,4.297,0.849
2025-09-25,3.49,4.356,0.866
2025-09-26,3.521,4.394,0.873
2025-09-29,3.475,4.342,0.867
2025-09-30,3.487,4.307,0.82
2025-10-01,3.519,4.357,0.838
2025-10-02,3.485,4.328,0.843
2025-10-03,3.493,4.323,0.83
2025-10-07,3.511,4.378,0.867
2025-10-08,3.504,4.354,0.85
2025-10-09,3.509,4.339,0.83
2025-10-10,3.528,4.354,0.826
2025-10-13,3.468,4.282,0.814
2025-10-14,3.421,4.224,0.803
2025-10-15,3.433,4.206,0.773
2025-10-16,3.345,4.143,0.798
2025-10-17,3.282,4.091,0.809
2025-10-20,3.336,4.145,0.809
2025-10-21,3.313,4.11,0.797
2025-10-22,3.321,4.106,0.785
2025-10-23,3.334,4.116,0.782
2025-10-24,3.341,4.135,0.794
2025-10-27,3.38,4.175,0.795
2025-10-28,3.423,4.166,0.743
2025-10-29,3.54,4.216,0.676
2025-10-30,3.572,4.3,0.728
2025-10-31,3.553,4.29,0.737
2025-11-03,3.586,4.33,0.744
2025-11-04,3.611,4.345,0.734
2025-11-05,3.571,4.306,0.735
2025-11-06,3.594,4.36,0.766
2025-11-07,3.579,4.346,0.767
2025-11-10,3.628,4.391,0.763
2025-11-11,3.635,4.386,0.751
2025-11-12,3.635,4.376,0.741
2025-11-13,3.725,4.416,0.691
2025-11-14,3.69,4.436,0.746
2025-11-17,3.701,4.47,0.769
2025-11-18,3.664,4.436,0.772
2025-11-19,3.646,4.412,0.766
2025-11-20,3.693,4.461,0.768
2025-11-21,3.688,4.458,0.77
2025-11-24,3.673,4.439,0.766
2025-11-25,3.673,4.424,0.751
2025-11-26,3.804,4.525,0.721
2025-11-27,3.775,4.49,0.715
2025-11-28,3.805,4.511,0.706
2025-12-01,3.826,4.552,0.726
2025-12-02,3.853,4.611,0.758
2025-12-03,3.912,4.641,0.729
2025-12-04,3.987,4.699,0.712
2025-12-05,3.948,4.681,0.733
2025-12-08,3.973,4.703,0.73
2025-12-09,4.07,4.757,0.687
2025-12-10,4.124,4.808,0.684
2025-12-11,4.035,4.719,0.684
2025-12-12,4.03,4.728,0.698
2025-12-15,3.998,4.725,0.727
2025-12-16,4.02,4.726,0.706
2025-12-17,4.044,4.745,0.701
2025-12-18,4.012,4.741,0.729
2025-12-19,4.033,4.747,0.714
2025-12-22,4.078,4.792,0.714
2025-12-23,4.032,4.753,0.721
2025-12-24,4.031,4.738,0.707
2025-12-29,4.056,4.754,0.698
2025-12-30,4.047,4.744,0.697
2025-12-31,4.059,4.74,0.681
2026-01-02,4.106,4.82,0.714
2026-01-05,4.05,4.78,0.73
2026-01-06,4.058,4.775,0.717
2026-01-07,4.053,4.74,0.687
2026-01-08,3.98,4.649,0.669
2026-01-09,3.994,4.669,0.675
2026-01-12,4.01,4.685,0.675
2026-01-13,4.019,4.69,0.671
2026-01-14,4.019,4.7,0.681
2026-01-15,3.996,4.666,0.67
2026-01-16,4.014,4.692,0.678
2026-01-19,4.045,4.727,0.682
2026-01-20,4.083,4.767,0.684
2026-01-21,4.073,4.77,0.697
2026-01-22,4.142,4.787,0.645
2026-01-23,4.166,4.808,0.642
2026-01-27,4.213,4.836,0.623
2026-01-28,4.18,4.807,0.627
2026-01-29,4.197,4.827,0.63
2026-01-30,4.195,4.799,0.604
2026-02-02,4.174,4.789,0.615
2026-02-03,4.248,4.826,0.578
2026-02-04,4.287,4.858,0.571
2026-02-05,4.278,4.848,0.57
2026-02-06,4.246,4.819,0.573
2026-02-09,4.276,4.86,0.584
2026-02-10,4.255,4.821,0.566
2026-02-11,4.224,4.749,0.525
2026-02-12,4.266,4.799,0.533
2026-02-13,4.228,4.741,0.513
2026-02-16,4.21,4.702,0.492
2026-02-17,4.174,4.678,0.504
2026-02-18,4.206,4.717,0.511
2026-02-19,4.277,4.777,0.5
2026-02-20,4.226,4.723,0.497
2026-02-23,4.206,4.713,0.507
2026-02-24,4.195,4.69,0.495
2026-02-25,4.231,4.715,0.484
2026-02-26,4.213,4.696,0.483
2026-02-27,4.184,4.646,0.462
2026-03-02,4.161,4.628,0.467
2026-03-03,4.302,4.767,0.465
2026-03-04,4.264,4.743,0.479
2026-03-05,4.313,4.794,0.481
2026-03-06,4.372,4.839,0.467
2026-03-09,4.486,4.934,0.448
2026-03-10,4.421,4.846,0.425
2026-03-11,4.423,4.847,0.424
2026-03-12,4.5,4.951,0.451
2026-03-13,4.524,4.949,0.425
2026-03-16,4.553,4.999,0.446
2026-03-17,4.531,4.937,0.406
2026-03-18,4.509,4.894,0.385
2026-03-19,4.615,4.973,0.358
2026-03-20,4.781,5.022,0.241
2026-03-23,4.808,5.116,0.308
2026-03-24,4.726,5.042,0.316
2026-03-25,4.625,4.954,0.329
2026-03-26,4.726,5.01,0.284
2026-03-27,4.803,5.094,0.291
2026-03-30,4.707,5.069,0.362
2026-03-31,4.66,4.972,0.312
2026-04-01,4.601,4.908,0.307
2026-04-02,4.732,5.038,0.306
2026-04-07,4.675,4.985,0.31
2026-04-08,4.583,4.858,0.275
2026-04-09,4.628,4.911,0.283
2026-04-10,4.673,4.967,0.294
2026-04-13,4.709,5.018,0.309
2026-04-14,4.644,4.949,0.305
2026-04-15,4.621,4.931,0.31
2026-04-16,4.641,4.956,0.315
2026-04-17,4.665,4.996,0.331
2026-04-20,4.602,4.937,0.335
2026-04-21,4.581,4.909,0.328
2026-04-22,4.629,4.958,0.329
2026-04-23,4.692,5.001,0.309
2026-04-24,4.694,4.977,0.283
2026-04-27,4.695,4.99,0.295
2026-04-28,4.733,5.028,0.295
2026-04-29,4.693,4.997,0.304
2026-04-30,4.771,5.067,0.296
2026-05-01,4.724,5.022,0.298
2026-05-04,4.687,4.984,0.297
2026-05-05,4.666,4.974,0.308
2026-05-06,4.665,4.956,0.291
2026-05-07,4.642,4.926,0.284
2026-05-08,4.692,4.991,0.299
2026-05-11,4.706,4.996,0.29
2026-05-12,4.733,5.036,0.303
2026-05-13,4.739,5.066,0.327
2026-05-14,4.703,5.022,0.319
2026-05-15,4.744,5.077,0.333
2026-05-18,4.752,5.118,0.366
2026-05-19,4.693,5.064,0.371
2026-05-20,4.706,5.074,0.368
2026-05-21,4.618,4.971,0.353
2026-05-22,4.579,4.93,0.351
2026-05-25,4.562,4.887,0.325
2026-05-26,4.588,4.917,0.329
2026-05-27,4.539,4.863,0.324
2026-05-28,4.566,4.904,0.338
2026-05-29,4.52,4.838,0.318
2026-06-01,4.558,4.889,0.331
2026-06-02,4.571,4.889,0.318
2026-06-03,4.598,4.919,0.321
2026-06-04,4.598,4.925,0.327
2026-06-05,4.595,4.916,0.321
2026-06-09,4.579,4.927,0.348
2026-06-10,4.539,4.897,0.358
2026-06-11,4.531,4.903,0.372
2026-06-12,4.467,4.82,0.353
2026-06-15,4.476,4.815,0.339
2026-06-16,4.472,4.835,0.363
2026-06-17,4.437,4.776,0.339
2026-06-18,4.467,4.78,0.313
2026-06-19,4.501,4.82,0.319
2026-06-22,4.491,4.821,0.33
2026-06-23,4.442,4.782,0.34
2026-06-24,4.444,4.772,0.328
2026-06-25,4.413,4.739,0.326
2026-06-26,4.406,4.729,0.323
2026-06-29,4.43,4.759,0.329
2026-06-30,4.413,4.734,0.321
2026-07-01,4.458,4.798,0.34
2026-07-02,4.47,4.832,0.362
2026-07-03,4.444,4.808,0.364
2026-07-06,4.428,4.798,0.37
2026-07-07,4.442,4.833,0.391
2026-07-08,4.487,4.893,0.406
2026-07-09,4.483,4.887,0.404
2026-07-10,4.443,4.848,0.405
2026-07-13,4.468,4.873,0.405
2026-07-14,4.514,4.923,0.409
2026-07-15,4.501,4.913,0.412
2026-07-16,4.487,4.909,0.422
2026-07-17,4.5,4.914,0.414
2026-07-20,4.566,4.974,0.408
2026-07-21,4.539,4.955,0.416
2026-07-22,4.561,4.989,0.428
2026-07-23,4.607,5.004,0.397
2026-07-24,4.715,5.1,0.385
2026-07-27,4.625,5.012,0.387
2026-07-28,4.574,4.977,0.403
2026-07-29,4.506,4.933,0.427
2026-07-30,4.559,5.011,0.452
2026-07-31,4.509,4.943,0.434
2026-08-03,4.517,4.964,0.447
2026-08-04,4.542,4.988,0.446
2026-08-05,4.488,4.924,0.436
2026-08-06,4.504,4.939,0.435
2026-08-07,4.551,4.999,0.448
2026-08-10,4.556,4.984,0.428
2026-08-11,4.581,5.024,0.443
2026-08-12,4.568,5.013,0.445
2026-08-13,4.529,4.98,0.451
2026-08-14,4.543,4.995,0.452
2026-08-17,4.564,5.031,0.467
2026-08-18,4.608,5.087,0.479
2026-08-19,4.584,5.047,0.463
2026-08-20,4.545,4.997,0.452
2026-08-21,4.583,5.048,0.465
2026-08-24,4.549,5.008,0.459
2026-08-25,4.567,5.013,0.446
2026-08-26,4.618,5.023,0.405
2026-08-27,4.684,5.083,0.399
2026-08-28,4.673,5.088,0.415
2026-08-31,4.677,5.084,0.407
2026-09-01,4.734,5.169,0.435
2026-09-02,4.831,5.22,0.389
2026-09-03,4.771,5.17,0.399
2026-09-04,4.761,5.165,0.404
2026-09-07,4.795,5.191,0.396
2026-09-08,4.796,5.182,0.386
2026-09-09,4.835,5.202,0.367
2026-09-10,4.863,5.242,0.379
2026-09-11,5.006,5.362,0.356
2026-09-14,4.965,5.332,0.367
2026-09-15,5.055,5.411,0.356
2026-09-16,5.0,5.348,0.348
2026-09-17,4.971,5.299,0.328
2026-09-18,4.947,5.26,0.313
2026-09-21,4.981,5.277,0.296
2026-09-22,5.003,5.293,0.29
2026-09-23,4.947,5.245,0.298
