date,fly_bp
2016-01-04,-37.7
2016-01-05,-37.1
2016-01-06,-34.7
2016-01-07,-35.5
2016-01-08,-36.5
2016-01-11,-37.6
2016-01-12,-38.9
2016-01-13,-37.8
2016-01-14,-37.1
2016-01-15,-38.2
2016-01-18,-38.4
2016-01-19,-38.4
2016-01-20,-36.4
2016-01-21,-36.5
2016-01-22,-36.4
2016-01-25,-35.6
2016-01-27,-34.5
2016-01-28,-34.7
2016-01-29,-34.1
2016-02-01,-33.8
2016-02-02,-33.4
2016-02-03,-31.6
2016-02-04,-31.1
2016-02-05,-30.3
2016-02-08,-31.3
2016-02-09,-30.3
2016-02-10,-28.6
2016-02-11,-29.0
2016-02-12,-29.8
2016-02-15,-29.8
2016-02-16,-28.7
2016-02-17,-28.0
2016-02-18,-29.7
2016-02-19,-28.1
2016-02-22,-27.9
2016-02-23,-27.8
2016-02-24,-28.8
2016-02-25,-30.6
2016-02-26,-31.0
2016-02-29,-30.9
2016-03-01,-30.5
2016-03-02,-27.8
2016-03-03,-28.1
2016-03-04,-27.3
2016-03-07,-25.7
2016-03-08,-24.8
2016-03-09,-24.0
2016-03-10,-25.5
2016-03-11,-24.3
2016-03-14,-19.7
2016-03-15,-21.1
2016-03-16,-20.0
2016-03-17,-23.0
2016-03-18,-21.7
2016-03-21,-23.1
2016-03-22,-22.1
2016-03-23,-20.2
2016-03-24,-21.2
2016-03-29,-20.7
2016-03-30,-21.7
2016-03-31,-22.4
2016-04-01,-23.3
2016-04-04,-24.8
2016-04-05,-25.6
2016-04-06,-24.8
2016-04-07,-26.5
2016-04-08,-26.8
2016-04-11,-27.3
2016-04-12,-27.7
2016-04-13,-27.7
2016-04-14,-26.5
2016-04-15,-26.0
2016-04-18,-26.2
2016-04-19,-25.7
2016-04-20,-25.0
2016-04-21,-25.2
2016-04-22,-25.9
2016-04-26,-26.1
2016-04-27,-28.5
2016-04-28,-27.0
2016-04-29,-27.5
2016-05-02,-27.0
2016-05-03,-29.0
2016-05-04,-27.5
2016-05-05,-28.1
2016-05-06,-28.9
2016-05-09,-32.3
2016-05-10,-29.4
2016-05-11,-29.4
2016-05-12,-30.9
2016-05-13,-30.6
2016-05-16,-28.7
2016-05-17,-28.7
2016-05-18,-28.0
2016-05-19,-30.2
2016-05-20,-30.0
2016-05-23,-28.7
2016-05-24,-28.9
2016-05-25,-31.4
2016-05-26,-31.4
2016-05-27,-30.3
2016-05-30,-30.8
2016-05-31,-31.9
2016-06-01,-33.0
2016-06-02,-34.6
2016-06-03,-33.6
2016-06-06,-32.0
2016-06-07,-29.8
2016-06-08,-29.3
2016-06-09,-28.1
2016-06-10,-29.0
2016-06-14,-29.0
2016-06-15,-28.9
2016-06-16,-29.1
2016-06-17,-30.1
2016-06-20,-32.3
2016-06-21,-30.4
2016-06-22,-31.2
2016-06-23,-30.0
2016-06-24,-30.5
2016-06-27,-30.1
2016-06-28,-28.2
2016-06-29,-28.0
2016-06-30,-26.3
2016-07-01,-26.9
2016-07-04,-27.7
2016-07-05,-26.2
2016-07-06,-24.8
2016-07-07,-26.2
2016-07-08,-25.6
2016-07-11,-26.0
2016-07-12,-26.4
2016-07-13,-27.8
2016-07-14,-28.1
2016-07-15,-27.3
2016-07-18,-29.2
2016-07-19,-28.8
2016-07-20,-29.6
2016-07-21,-29.8
2016-07-22,-29.2
2016-07-25,-28.8
2016-07-26,-28.4
2016-07-27,-28.2
2016-07-28,-25.7
2016-07-29,-27.1
2016-08-02,-29.0
2016-08-03,-30.9
2016-08-04,-29.9
2016-08-05,-26.0
2016-08-08,-29.4
2016-08-09,-29.8
2016-08-10,-28.3
2016-08-11,-27.5
2016-08-12,-27.7
2016-08-15,-26.3
2016-08-16,-27.0
2016-08-17,-26.6
2016-08-18,-24.2
2016-08-19,-24.1
2016-08-22,-25.1
2016-08-23,-23.5
2016-08-24,-22.2
2016-08-25,-22.5
2016-08-26,-21.9
2016-08-29,-20.9
2016-08-30,-20.7
2016-08-31,-20.1
2016-09-01,-20.4
2016-09-02,-19.6
2016-09-05,-21.6
2016-09-06,-21.6
2016-09-07,-19.2
2016-09-08,-18.7
2016-09-09,-20.3
2016-09-12,-20.4
2016-09-13,-16.4
2016-09-14,-15.4
2016-09-15,-13.8
2016-09-16,-14.5
2016-09-19,-14.0
2016-09-20,-15.2
2016-09-21,-16.3
2016-09-22,-13.4
2016-09-23,-14.5
2016-09-26,-14.5
2016-09-27,-14.1
2016-09-28,-15.4
2016-09-29,-18.8
2016-09-30,-22.7
2016-10-04,-23.9
2016-10-05,-23.8
2016-10-06,-25.3
2016-10-07,-25.3
2016-10-10,-23.7
2016-10-11,-24.5
2016-10-12,-25.1
2016-10-13,-24.1
2016-10-14,-23.0
2016-10-17,-24.6
2016-10-18,-23.4
2016-10-19,-23.2
2016-10-20,-20.5
2016-10-21,-20.2
2016-10-24,-19.1
2016-10-25,-19.9
2016-10-26,-17.4
2016-10-27,-20.2
2016-10-28,-19.4
2016-10-31,-22.5
2016-11-01,-22.9
2016-11-02,-23.9
2016-11-03,-23.0
2016-11-04,-22.5
2016-11-07,-23.0
2016-11-08,-23.5
2016-11-09,-26.3
2016-11-10,-27.1
2016-11-11,-27.5
2016-11-14,-28.5
2016-11-15,-27.5
2016-11-16,-28.6
2016-11-17,-26.5
2016-11-18,-23.4
2016-11-21,-20.9
2016-11-22,-19.5
2016-11-23,-14.9
2016-11-24,-12.2
2016-11-25,-13.5
2016-11-28,-13.0
2016-11-29,-13.5
2016-11-30,-15.3
2016-12-01,-13.4
2016-12-02,-14.4
2016-12-05,-13.9
2016-12-06,-15.6
2016-12-07,-18.1
2016-12-08,-18.0
2016-12-09,-18.8
2016-12-12,-18.8
2016-12-13,-22.4
2016-12-14,-25.2
2016-12-15,-20.4
2016-12-16,-17.9
2016-12-19,-16.8
2016-12-20,-14.7
2016-12-21,-12.2
2016-12-22,-11.2
2016-12-23,-12.3
2016-12-28,-10.5
2016-12-29,-10.4
2016-12-30,-12.6
2017-01-03,-11.8
2017-01-04,-12.8
2017-01-05,-12.7
2017-01-06,-11.7
2017-01-09,-12.4
2017-01-10,-12.1
2017-01-11,-13.7
2017-01-12,-12.7
2017-01-13,-10.7
2017-01-16,-10.7
2017-01-17,-9.8
2017-01-18,-10.2
2017-01-19,-9.5
2017-01-20,-9.6
2017-01-23,-10.1
2017-01-24,-9.9
2017-01-25,-12.2
2017-01-27,-13.4
2017-01-30,-12.8
2017-01-31,-16.3
2017-02-01,-16.4
2017-02-02,-16.5
2017-02-03,-16.0
2017-02-06,-15.3
2017-02-07,-14.7
2017-02-08,-16.3
2017-02-09,-15.6
2017-02-10,-15.1
2017-02-13,-16.3
2017-02-14,-13.8
2017-02-15,-8.1
2017-02-16,-4.4
2017-02-17,-5.0
2017-02-20,-5.6
2017-02-21,-5.4
2017-02-22,-6.2
2017-02-23,-5.8
2017-02-24,-6.5
2017-02-27,-7.6
2017-02-28,-7.3
2017-03-01,-6.4
2017-03-02,-6.0
2017-03-03,-6.4
2017-03-06,-5.7
2017-03-07,-5.6
2017-03-08,-2.6
2017-03-09,-3.2
2017-03-10,-3.3
2017-03-13,-3.0
2017-03-14,-1.3
2017-03-15,-0.3
2017-03-16,-1.6
2017-03-17,-1.7
2017-03-20,-1.5
2017-03-21,-1.9
2017-03-22,-0.4
2017-03-23,-0.1
2017-03-24,-0.7
2017-03-27,-1.1
2017-03-28,-3.6
2017-03-29,-3.3
2017-03-30,-3.4
2017-03-31,-3.0
2017-04-03,-3.2
2017-04-04,-3.0
2017-04-05,-3.4
2017-04-06,-5.3
2017-04-07,-7.2
2017-04-10,-8.1
2017-04-11,-6.8
2017-04-12,-6.8
2017-04-13,-4.9
2017-04-18,-3.5
2017-04-19,-4.1
2017-04-20,-4.3
2017-04-21,-4.9
2017-04-24,-6.2
2017-04-26,-4.9
2017-04-27,-5.6
2017-04-28,-6.8
2017-05-01,-5.7
2017-05-02,-5.3
2017-05-03,-5.8
2017-05-04,-6.4
2017-05-05,-6.2
2017-05-08,-6.0
2017-05-09,-6.3
2017-05-10,-7.2
2017-05-11,-9.5
2017-05-12,-11.3
2017-05-15,-11.7
2017-05-16,-11.0
2017-05-17,-11.3
2017-05-18,-9.7
2017-05-19,-9.9
2017-05-22,-11.3
2017-05-23,-12.5
2017-05-24,-14.5
2017-05-25,-14.4
2017-05-26,-14.2
2017-05-29,-14.8
2017-05-30,-15.3
2017-05-31,-16.8
2017-06-01,-17.4
2017-06-02,-16.7
2017-06-05,-15.8
2017-06-06,-16.5
2017-06-07,-14.1
2017-06-08,-13.7
2017-06-09,-12.7
2017-06-13,-13.3
2017-06-14,-12.5
2017-06-15,-11.3
2017-06-16,-10.2
2017-06-19,-9.1
2017-06-20,-7.9
2017-06-21,-7.4
2017-06-22,-7.1
2017-06-23,-6.7
2017-06-26,-6.2
2017-06-27,-6.5
2017-06-28,-5.8
2017-06-29,-3.8
2017-06-30,-3.8
2017-07-03,-1.2
2017-07-04,-2.0
2017-07-05,-0.4
2017-07-06,-1.8
2017-07-07,-0.4
2017-07-10,-0.8
2017-07-11,-0.5
2017-07-12,-0.4
2017-07-13,-2.2
2017-07-14,-3.4
2017-07-17,-4.1
2017-07-18,-2.0
2017-07-19,-0.9
2017-07-20,-0.9
2017-07-21,-2.6
2017-07-24,-1.6
2017-07-25,-1.7
2017-07-26,-2.7
2017-07-27,-4.1
2017-07-28,-4.1
2017-07-31,-5.8
2017-08-01,-5.9
2017-08-02,-6.0
2017-08-03,-5.4
2017-08-04,-3.1
2017-08-08,-2.6
2017-08-09,-2.1
2017-08-10,-2.2
2017-08-11,-2.1
2017-08-14,-2.7
2017-08-15,-3.1
2017-08-16,-2.4
2017-08-17,-2.0
2017-08-18,-2.1
2017-08-21,-2.1
2017-08-22,-1.8
2017-08-23,-2.4
2017-08-24,-2.4
2017-08-25,-2.2
2017-08-28,-1.3
2017-08-29,-2.0
2017-08-30,-3.0
2017-08-31,-4.7
2017-09-01,-3.2
2017-09-04,-3.8
2017-09-05,-4.0
2017-09-06,-3.4
2017-09-07,-3.5
2017-09-08,-3.6
2017-09-11,-4.9
2017-09-12,-5.2
2017-09-13,-4.5
2017-09-14,-1.3
2017-09-15,0.1
2017-09-18,1.1
2017-09-19,1.9
2017-09-20,1.7
2017-09-21,1.9
2017-09-22,3.0
2017-09-25,2.5
2017-09-26,3.2
2017-09-27,1.9
2017-09-28,0.6
2017-09-29,-0.4
2017-10-03,-0.3
2017-10-04,0.6
2017-10-05,-1.1
2017-10-06,-0.7
2017-10-09,-2.3
2017-10-10,-2.0
2017-10-11,-1.4
2017-10-12,2.2
2017-10-13,1.5
2017-10-16,2.2
2017-10-17,2.1
2017-10-18,3.1
2017-10-19,3.2
2017-10-20,2.9
2017-10-23,1.3
2017-10-24,1.4
2017-10-25,-1.2
2017-10-26,-2.1
2017-10-27,-2.4
2017-10-30,-2.3
2017-10-31,-1.3
2017-11-01,-0.4
2017-11-02,-1.1
2017-11-03,-2.6
2017-11-06,-3.0
2017-11-07,-3.4
2017-11-08,-2.5
2017-11-09,-2.3
2017-11-10,-3.4
2017-11-13,-3.7
2017-11-14,-1.4
2017-11-15,-1.6
2017-11-16,-0.5
2017-11-17,0.1
2017-11-20,1.3
2017-11-21,1.1
2017-11-22,1.5
2017-11-23,1.9
2017-11-24,1.8
2017-11-27,0.4
2017-11-28,1.3
2017-11-29,1.7
2017-11-30,3.0
2017-12-01,2.5
2017-12-04,2.8
2017-12-05,3.6
2017-12-06,4.1
2017-12-07,1.4
2017-12-08,2.3
2017-12-11,1.4
2017-12-12,3.4
2017-12-13,4.7
2017-12-14,8.3
2017-12-15,8.6
2017-12-18,11.2
2017-12-19,10.3
2017-12-20,9.5
2017-12-21,8.3
2017-12-22,6.2
2017-12-27,7.6
2017-12-28,8.5
2017-12-29,8.2
2018-01-02,7.3
2018-01-03,5.7
2018-01-04,5.9
2018-01-05,8.2
2018-01-08,7.2
2018-01-09,6.5
2018-01-10,5.8
2018-01-11,6.6
2018-01-12,6.0
2018-01-15,6.7
2018-01-16,8.3
2018-01-17,8.7
2018-01-18,12.6
2018-01-19,11.9
2018-01-22,12.1
2018-01-23,13.2
2018-01-24,11.9
2018-01-25,10.2
2018-01-29,10.2
2018-01-30,10.5
2018-01-31,8.1
2018-02-01,6.4
2018-02-02,7.0
2018-02-05,4.5
2018-02-06,3.8
2018-02-07,4.1
2018-02-08,5.0
2018-02-09,2.8
2018-02-12,1.6
2018-02-13,2.3
2018-02-14,2.1
2018-02-15,1.6
2018-02-16,0.5
2018-02-19,1.6
2018-02-20,3.0
2018-02-21,2.4
2018-02-22,0.2
2018-02-23,-0.8
2018-02-26,1.3
2018-02-27,2.4
2018-02-28,2.0
2018-03-01,2.9
2018-03-02,2.4
2018-03-05,1.5
2018-03-06,-0.2
2018-03-07,-0.2
2018-03-08,-0.5
2018-03-09,1.9
2018-03-12,1.7
2018-03-13,2.0
2018-03-14,-0.7
2018-03-15,-3.3
2018-03-16,-1.1
2018-03-19,-1.1
2018-03-20,1.3
2018-03-21,3.6
2018-03-22,6.4
2018-03-23,3.7
2018-03-26,1.1
2018-03-27,3.7
2018-03-28,3.8
2018-03-29,3.7
2018-04-03,3.7
2018-04-04,3.1
2018-04-05,3.1
2018-04-06,2.7
2018-04-09,0.3
2018-04-10,0.0
2018-04-11,2.4
2018-04-12,1.4
2018-04-13,1.4
2018-04-16,2.2
2018-04-17,2.3
2018-04-18,3.0
2018-04-19,3.0
2018-04-20,3.0
2018-04-23,3.0
2018-04-24,3.1
2018-04-26,3.6
2018-04-27,4.8
2018-04-30,4.2
2018-05-01,4.4
2018-05-02,2.6
2018-05-03,3.0
2018-05-04,4.1
2018-05-07,3.9
2018-05-08,1.5
2018-05-09,1.3
2018-05-10,1.2
2018-05-11,0.3
2018-05-14,0.8
2018-05-15,0.9
2018-05-16,-0.4
2018-05-17,0.5
2018-05-18,0.3
2018-05-21,0.1
2018-05-22,-0.1
2018-05-23,0.3
2018-05-24,0.4
2018-05-25,0.3
2018-05-28,0.3
2018-05-29,0.9
2018-05-30,-0.1
2018-05-31,-1.9
2018-06-01,-2.6
2018-06-04,-0.9
2018-06-05,-0.5
2018-06-06,-1.3
2018-06-07,-1.7
2018-06-08,-1.7
2018-06-12,-2.7
2018-06-13,-1.5
2018-06-14,-2.5
2018-06-15,-2.2
2018-06-18,-2.2
2018-06-19,-3.8
2018-06-20,-4.4
2018-06-21,-4.2
2018-06-22,-4.8
2018-06-25,-3.6
2018-06-26,-5.1
2018-06-27,-4.4
2018-06-28,-5.5
2018-06-29,-6.1
2018-07-02,-6.6
2018-07-03,-5.9
2018-07-04,-4.8
2018-07-05,-4.7
2018-07-06,-5.2
2018-07-09,-6.4
2018-07-10,-5.9
2018-07-11,-6.7
2018-07-12,-8.0
2018-07-13,-8.5
2018-07-16,-9.2
2018-07-17,-7.7
2018-07-18,-7.8
2018-07-19,-7.4
2018-07-20,-8.0
2018-07-23,-8.0
2018-07-24,-8.4
2018-07-25,-9.5
2018-07-26,-11.2
2018-07-27,-10.4
2018-07-30,-10.2
2018-07-31,-9.6
2018-08-01,-9.8
2018-08-02,-11.2
2018-08-03,-10.6
2018-08-07,-9.9
2018-08-08,-10.1
2018-08-09,-11.0
2018-08-10,-11.2
2018-08-13,-10.8
2018-08-14,-12.0
2018-08-15,-12.3
2018-08-16,-11.4
2018-08-17,-11.9
2018-08-20,-11.1
2018-08-21,-10.3
2018-08-22,-11.5
2018-08-23,-11.3
2018-08-24,-9.7
2018-08-27,-8.4
2018-08-28,-8.4
2018-08-29,-10.7
2018-08-30,-12.3
2018-08-31,-13.2
2018-09-03,-15.7
2018-09-04,-15.3
2018-09-05,-14.1
2018-09-06,-16.8
2018-09-07,-17.5
2018-09-10,-18.5
2018-09-11,-19.0
2018-09-12,-18.8
2018-09-13,-18.3
2018-09-14,-19.6
2018-09-17,-19.4
2018-09-18,-18.6
2018-09-19,-15.8
2018-09-20,-14.2
2018-09-21,-14.1
2018-09-24,-13.4
2018-09-25,-13.7
2018-09-26,-14.5
2018-09-27,-11.5
2018-09-28,-11.0
2018-10-02,-10.3
2018-10-03,-10.2
2018-10-04,-11.2
2018-10-05,-12.7
2018-10-08,-13.3
2018-10-09,-13.1
2018-10-10,-13.0
2018-10-11,-15.6
2018-10-12,-14.8
2018-10-15,-12.6
2018-10-16,-13.7
2018-10-17,-14.3
2018-10-18,-12.0
2018-10-19,-12.3
2018-10-22,-12.5
2018-10-23,-12.3
2018-10-24,-11.8
2018-10-25,-11.7
2018-10-26,-12.6
2018-10-29,-13.2
2018-10-30,-12.3
2018-10-31,-12.9
2018-11-01,-11.3
2018-11-02,-10.5
2018-11-05,-10.4
2018-11-06,-9.8
2018-11-07,-9.7
2018-11-08,-8.2
2018-11-09,-8.3
2018-11-12,-7.8
2018-11-13,-9.0
2018-11-14,-8.4
2018-11-15,-7.1
2018-11-16,-6.5
2018-11-19,-6.9
2018-11-20,-7.5
2018-11-21,-7.7
2018-11-22,-7.1
2018-11-23,-6.9
2018-11-26,-7.4
2018-11-27,-7.8
2018-11-28,-7.0
2018-11-29,-6.8
2018-11-30,-7.1
2018-12-03,-7.7
2018-12-04,-7.4
2018-12-05,-11.7
2018-12-06,-13.3
2018-12-07,-13.7
2018-12-10,-15.1
2018-12-11,-14.2
2018-12-12,-15.5
2018-12-13,-15.1
2018-12-14,-16.9
2018-12-17,-18.0
2018-12-18,-20.6
2018-12-19,-22.6
2018-12-20,-25.0
2018-12-21,-26.5
2018-12-24,-28.0
2018-12-27,-26.3
2018-12-28,-24.9
2018-12-31,-23.6
2019-01-02,-25.1
2019-01-03,-23.6
2019-01-04,-25.4
2019-01-07,-25.0
2019-01-08,-26.1
2019-01-09,-26.7
2019-01-10,-27.2
2019-01-11,-26.9
2019-01-14,-26.8
2019-01-15,-27.2
2019-01-16,-28.2
2019-01-17,-30.1
2019-01-18,-30.2
2019-01-21,-30.7
2019-01-22,-30.7
2019-01-23,-32.1
2019-01-24,-33.7
2019-01-25,-34.4
2019-01-29,-34.3
2019-01-30,-33.3
2019-01-31,-34.1
2019-02-01,-34.4
2019-02-04,-35.2
2019-02-05,-34.9
2019-02-06,-40.5
2019-02-07,-41.3
2019-02-08,-41.5
2019-02-11,-38.5
2019-02-12,-37.9
2019-02-13,-37.2
2019-02-14,-37.2
2019-02-15,-37.0
2019-02-18,-38.3
2019-02-19,-38.8
2019-02-20,-39.4
2019-02-21,-39.7
2019-02-22,-38.4
2019-02-25,-36.4
2019-02-26,-36.4
2019-02-27,-35.9
2019-02-28,-37.6
2019-03-01,-37.1
2019-03-04,-37.3
2019-03-05,-38.1
2019-03-06,-39.2
2019-03-07,-37.8
2019-03-08,-37.5
2019-03-11,-37.1
2019-03-12,-37.2
2019-03-13,-36.5
2019-03-14,-38.2
2019-03-15,-37.0
2019-03-18,-37.0
2019-03-19,-37.6
2019-03-20,-38.6
2019-03-21,-36.9
2019-03-22,-35.7
2019-03-25,-35.5
2019-03-26,-37.0
2019-03-27,-38.7
2019-03-28,-37.0
2019-03-29,-37.2
2019-04-01,-36.9
2019-04-02,-40.2
2019-04-03,-36.9
2019-04-04,-37.5
2019-04-05,-36.7
2019-04-08,-36.3
2019-04-09,-38.2
2019-04-10,-35.8
2019-04-11,-34.5
2019-04-12,-35.0
2019-04-15,-35.6
2019-04-16,-35.7
2019-04-17,-35.9
2019-04-18,-34.9
2019-04-23,-33.9
2019-04-24,-36.0
2019-04-26,-33.0
2019-04-29,-33.6
2019-04-30,-35.3
2019-05-01,-35.0
2019-05-02,-33.6
2019-05-03,-33.7
2019-05-06,-34.2
2019-05-07,-34.5
2019-05-08,-34.4
2019-05-09,-34.0
2019-05-10,-34.8
2019-05-13,-35.4
2019-05-14,-35.3
2019-05-15,-34.2
2019-05-16,-32.8
2019-05-17,-30.7
2019-05-20,-28.9
2019-05-21,-29.7
2019-05-22,-29.1
2019-05-23,-26.9
2019-05-24,-25.7
2019-05-27,-25.6
2019-05-28,-25.2
2019-05-29,-24.1
2019-05-30,-24.9
2019-05-31,-23.6
2019-06-03,-24.6
2019-06-04,-24.7
2019-06-05,-25.7
2019-06-06,-26.8
2019-06-07,-27.2
2019-06-11,-26.6
2019-06-12,-26.9
2019-06-13,-28.3
2019-06-14,-26.6
2019-06-17,-25.5
2019-06-18,-25.3
2019-06-19,-25.9
2019-06-20,-26.2
2019-06-21,-26.9
2019-06-24,-26.9
2019-06-25,-26.6
2019-06-26,-26.1
2019-06-27,-26.0
2019-06-28,-24.4
2019-07-01,-24.3
2019-07-02,-22.6
2019-07-03,-22.0
2019-07-04,-22.2
2019-07-05,-22.6
2019-07-08,-24.5
2019-07-09,-25.1
2019-07-10,-25.9
2019-07-11,-26.7
2019-07-12,-28.9
2019-07-15,-28.0
2019-07-16,-27.3
2019-07-17,-27.7
2019-07-18,-26.3
2019-07-19,-26.4
2019-07-22,-25.3
2019-07-23,-26.6
2019-07-24,-27.4
2019-07-25,-26.3
2019-07-26,-27.4
2019-07-29,-27.9
2019-07-30,-28.8
2019-07-31,-29.2
2019-08-01,-29.0
2019-08-02,-28.1
2019-08-05,-28.2
2019-08-06,-29.9
2019-08-07,-29.2
2019-08-08,-28.8
2019-08-09,-30.3
2019-08-12,-29.9
2019-08-13,-28.3
2019-08-14,-28.2
2019-08-15,-25.9
2019-08-16,-25.5
2019-08-19,-26.7
2019-08-20,-27.1
2019-08-21,-26.4
2019-08-22,-24.4
2019-08-23,-25.8
2019-08-26,-22.6
2019-08-27,-21.8
2019-08-28,-21.7
2019-08-29,-21.4
2019-08-30,-21.7
2019-09-02,-22.4
2019-09-03,-23.4
2019-09-04,-21.3
2019-09-05,-22.1
2019-09-06,-24.9
2019-09-09,-22.0
2019-09-10,-23.1
2019-09-11,-24.5
2019-09-12,-24.6
2019-09-13,-21.5
2019-09-16,-21.7
2019-09-17,-22.4
2019-09-18,-23.3
2019-09-19,-22.2
2019-09-20,-21.9
2019-09-23,-21.0
2019-09-24,-19.2
2019-09-25,-19.5
2019-09-26,-20.0
2019-09-27,-19.5
2019-09-30,-22.1
2019-10-01,-23.7
2019-10-02,-24.8
2019-10-03,-22.9
2019-10-04,-21.8
2019-10-08,-22.0
2019-10-09,-22.0
2019-10-10,-23.1
2019-10-11,-23.1
2019-10-14,-22.3
2019-10-15,-21.5
2019-10-16,-21.9
2019-10-17,-23.0
2019-10-18,-21.2
2019-10-21,-22.1
2019-10-22,-22.6
2019-10-23,-21.5
2019-10-24,-21.8
2019-10-25,-21.5
2019-10-28,-21.8
2019-10-29,-21.4
2019-10-30,-21.5
2019-10-31,-19.8
2019-11-01,-19.5
2019-11-04,-21.6
2019-11-05,-20.3
2019-11-06,-22.1
2019-11-07,-20.3
2019-11-08,-21.8
2019-11-11,-23.0
2019-11-12,-23.6
2019-11-13,-24.9
2019-11-14,-24.5
2019-11-15,-23.5
2019-11-18,-23.7
2019-11-19,-23.4
2019-11-20,-22.4
2019-11-21,-22.2
2019-11-22,-22.0
2019-11-25,-22.2
2019-11-26,-22.1
2019-11-27,-24.1
2019-11-28,-24.0
2019-11-29,-24.3
2019-12-02,-24.7
2019-12-03,-25.9
2019-12-04,-24.9
2019-12-05,-26.3
2019-12-06,-27.0
2019-12-09,-27.7
2019-12-10,-26.8
2019-12-11,-29.5
2019-12-12,-28.3
2019-12-13,-27.6
2019-12-16,-24.4
2019-12-17,-26.0
2019-12-18,-27.4
2019-12-19,-25.5
2019-12-20,-23.5
2019-12-23,-22.5
2019-12-24,-22.7
2019-12-27,-21.3
2019-12-30,-22.1
2019-12-31,-22.6
2020-01-02,-22.1
2020-01-03,-21.5
2020-01-06,-21.6
2020-01-07,-22.7
2020-01-08,-22.6
2020-01-09,-23.3
2020-01-10,-24.2
2020-01-13,-22.6
2020-01-14,-22.9
2020-01-15,-21.7
2020-01-16,-21.5
2020-01-17,-22.3
2020-01-20,-21.9
2020-01-21,-21.7
2020-01-22,-21.8
2020-01-23,-19.5
2020-01-24,-19.0
2020-01-28,-19.9
2020-01-29,-18.9
2020-01-30,-19.8
2020-01-31,-20.0
2020-02-03,-20.9
2020-02-04,-19.4
2020-02-05,-19.7
2020-02-06,-19.9
2020-02-07,-20.3
2020-02-10,-20.1
2020-02-11,-20.1
2020-02-12,-21.7
2020-02-13,-21.4
2020-02-14,-22.1
2020-02-17,-21.3
2020-02-18,-19.7
2020-02-19,-20.9
2020-02-20,-21.1
2020-02-21,-19.8
2020-02-24,-19.9
2020-02-25,-20.1
2020-02-26,-21.7
2020-02-27,-20.6
2020-02-28,-21.4
2020-03-02,-21.1
2020-03-03,-19.8
2020-03-04,-19.8
2020-03-05,-20.3
2020-03-06,-18.8
2020-03-09,-14.9
2020-03-10,-19.1
2020-03-11,-15.9
2020-03-12,-20.8
2020-03-13,-23.9
2020-03-16,-28.4
2020-03-17,-31.1
2020-03-18,-44.4
2020-03-19,-68.1
2020-03-20,-45.0
2020-03-23,-29.5
2020-03-24,-27.5
2020-03-25,-33.9
2020-03-26,-28.1
2020-03-27,-26.5
2020-03-30,-19.2
2020-03-31,-17.9
2020-04-01,-16.8
2020-04-02,-17.8
2020-04-03,-18.8
2020-04-06,-19.1
2020-04-07,-29.0
2020-04-08,-28.4
2020-04-09,-24.2
2020-04-14,-25.8
2020-04-15,-24.2
2020-04-16,-22.5
2020-04-17,-23.3
2020-04-20,-21.7
2020-04-21,-22.4
2020-04-22,-23.0
2020-04-23,-24.1
2020-04-24,-23.2
2020-04-27,-25.2
2020-04-28,-27.6
2020-04-29,-28.4
2020-04-30,-27.7
2020-05-01,-27.6
2020-05-04,-27.8
2020-05-05,-30.3
2020-05-06,-33.4
2020-05-07,-34.2
2020-05-08,-34.1
2020-05-11,-38.9
2020-05-12,-39.6
2020-05-13,-40.9
2020-05-14,-40.0
2020-05-15,-38.9
2020-05-18,-39.6
2020-05-19,-42.2
2020-05-20,-39.5
2020-05-21,-38.4
2020-05-22,-34.5
2020-05-25,-33.0
2020-05-26,-34.1
2020-05-27,-34.3
2020-05-28,-33.6
2020-05-29,-34.5
2020-06-01,-37.1
2020-06-02,-38.5
2020-06-03,-42.2
2020-06-04,-44.8
2020-06-05,-49.6
2020-06-09,-48.1
2020-06-10,-45.9
2020-06-11,-42.4
2020-06-12,-41.3
2020-06-15,-37.6
2020-06-16,-39.2
2020-06-17,-38.7
2020-06-18,-36.8
2020-06-19,-34.7
2020-06-22,-34.5
2020-06-23,-35.2
2020-06-24,-35.1
2020-06-25,-33.1
2020-06-26,-32.3
2020-06-29,-32.6
2020-06-30,-31.5
2020-07-01,-35.6
2020-07-02,-35.4
2020-07-03,-33.5
2020-07-06,-34.0
2020-07-07,-32.5
2020-07-08,-31.7
2020-07-09,-32.3
2020-07-10,-29.5
2020-07-13,-29.9
2020-07-14,-30.3
2020-07-15,-28.2
2020-07-16,-28.8
2020-07-17,-29.1
2020-07-20,-30.1
2020-07-21,-28.3
2020-07-22,-30.7
2020-07-23,-28.7
2020-07-24,-29.0
2020-07-27,-30.4
2020-07-28,-32.5
2020-07-29,-30.7
2020-07-30,-30.5
2020-07-31,-28.9
2020-08-03,-30.7
2020-08-04,-30.9
2020-08-05,-30.8
2020-08-06,-32.1
2020-08-07,-30.9
2020-08-10,-32.9
2020-08-11,-33.1
2020-08-12,-35.6
2020-08-13,-32.2
2020-08-14,-33.4
2020-08-17,-31.1
2020-08-18,-30.6
2020-08-19,-30.7
2020-08-20,-29.6
2020-08-21,-31.6
2020-08-24,-30.0
2020-08-25,-31.2
2020-08-26,-34.4
2020-08-27,-33.0
2020-08-28,-38.4
2020-08-31,-36.0
2020-09-01,-35.9
2020-09-02,-33.8
2020-09-03,-33.8
2020-09-04,-33.8
2020-09-07,-37.9
2020-09-08,-37.8
2020-09-09,-32.6
2020-09-10,-35.1
2020-09-11,-33.8
2020-09-14,-33.5
2020-09-15,-34.6
2020-09-16,-35.0
2020-09-17,-32.4
2020-09-18,-30.7
2020-09-21,-28.4
2020-09-22,-30.2
2020-09-23,-29.8
2020-09-24,-32.7
2020-09-25,-32.6
2020-09-28,-32.9
2020-09-29,-32.7
2020-09-30,-32.8
2020-10-01,-34.6
2020-10-02,-33.7
2020-10-06,-38.8
2020-10-07,-38.6
2020-10-08,-40.4
2020-10-09,-40.0
2020-10-12,-39.1
2020-10-13,-39.3
2020-10-14,-38.0
2020-10-15,-32.7
2020-10-16,-31.8
2020-10-19,-31.9
2020-10-20,-32.2
2020-10-21,-34.2
2020-10-22,-35.5
2020-10-23,-39.0
2020-10-26,-34.4
2020-10-27,-35.6
2020-10-28,-33.4
2020-10-29,-36.1
2020-10-30,-37.2
2020-11-02,-37.6
2020-11-03,-36.1
2020-11-04,-37.3
2020-11-05,-33.2
2020-11-06,-33.1
2020-11-09,-35.1
2020-11-10,-40.4
2020-11-11,-42.1
2020-11-12,-39.9
2020-11-13,-36.9
2020-11-16,-37.8
2020-11-17,-41.2
2020-11-18,-37.6
2020-11-19,-37.6
2020-11-20,-37.4
2020-11-23,-36.8
2020-11-24,-39.1
2020-11-25,-41.1
2020-11-26,-40.1
2020-11-27,-39.5
2020-11-30,-38.4
2020-12-01,-39.5
2020-12-02,-42.4
2020-12-03,-43.8
2020-12-04,-41.6
2020-12-07,-44.6
2020-12-08,-44.0
2020-12-09,-43.7
2020-12-10,-40.1
2020-12-11,-38.0
2020-12-14,-37.5
2020-12-15,-35.3
2020-12-16,-35.8
2020-12-17,-33.9
2020-12-18,-33.8
2020-12-21,-32.8
2020-12-22,-34.9
2020-12-23,-34.1
2020-12-24,-36.5
2020-12-29,-35.7
2020-12-30,-36.8
2020-12-31,-37.3
2021-01-04,-37.4
2021-01-05,-35.5
2021-01-06,-38.0
2021-01-07,-36.9
2021-01-08,-37.5
2021-01-11,-37.3
2021-01-12,-38.5
2021-01-13,-36.5
2021-01-14,-36.6
2021-01-15,-38.4
2021-01-18,-39.1
2021-01-19,-39.7
2021-01-20,-39.4
2021-01-21,-38.1
2021-01-22,-40.5
2021-01-25,-39.4
2021-01-27,-40.5
2021-01-28,-39.9
2021-01-29,-43.3
2021-02-01,-44.2
2021-02-02,-46.2
2021-02-03,-47.6
2021-02-04,-48.3
2021-02-05,-46.2
2021-02-08,-49.6
2021-02-09,-47.1
2021-02-10,-46.2
2021-02-11,-44.2
2021-02-12,-46.0
2021-02-15,-50.6
2021-02-16,-48.7
2021-02-17,-50.0
2021-02-18,-48.1
2021-02-19,-48.2
2021-02-22,-46.0
2021-02-23,-44.8
2021-02-24,-44.4
2021-02-25,-40.9
2021-02-26,-38.1
2021-03-01,-40.7
2021-03-02,-39.3
2021-03-03,-35.8
2021-03-04,-32.1
2021-03-05,-32.0
2021-03-08,-32.8
2021-03-09,-32.2
2021-03-10,-31.1
2021-03-11,-36.4
2021-03-12,-39.0
2021-03-15,-43.1
2021-03-16,-43.5
2021-03-17,-42.7
2021-03-18,-38.7
2021-03-19,-34.8
2021-03-22,-38.7
2021-03-23,-41.2
2021-03-24,-42.8
2021-03-25,-42.1
2021-03-26,-40.8
2021-03-29,-41.7
2021-03-30,-38.8
2021-03-31,-40.1
2021-04-01,-42.2
2021-04-06,-42.4
2021-04-07,-43.1
2021-04-08,-43.6
2021-04-09,-42.3
2021-04-12,-42.9
2021-04-13,-40.5
2021-04-14,-38.8
2021-04-15,-37.5
2021-04-16,-34.1
2021-04-19,-34.4
2021-04-20,-33.7
2021-04-21,-34.5
2021-04-22,-31.1
2021-04-23,-29.4
2021-04-26,-28.8
2021-04-27,-29.2
2021-04-28,-32.7
2021-04-29,-34.7
2021-04-30,-36.5
2021-05-03,-37.4
2021-05-04,-37.1
2021-05-05,-37.1
2021-05-06,-37.1
2021-05-07,-35.9
2021-05-10,-37.8
2021-05-11,-37.8
2021-05-12,-37.6
2021-05-13,-34.8
2021-05-14,-32.4
2021-05-17,-30.4
2021-05-18,-29.4
2021-05-19,-28.6
2021-05-20,-30.8
2021-05-21,-33.2
2021-05-24,-34.0
2021-05-25,-34.5
2021-05-26,-31.5
2021-05-27,-28.2
2021-05-28,-26.1
2021-05-31,-26.8
2021-06-01,-25.3
2021-06-02,-22.7
2021-06-03,-23.4
2021-06-04,-19.3
2021-06-07,-19.9
2021-06-08,-18.6
2021-06-09,-19.9
2021-06-10,-18.1
2021-06-11,-19.5
2021-06-15,-19.2
2021-06-16,-20.1
2021-06-17,-10.0
2021-06-18,-3.4
2021-06-21,4.2
2021-06-22,2.1
2021-06-23,-0.9
2021-06-24,-2.8
2021-06-25,3.3
2021-06-28,-3.1
2021-06-29,-1.6
2021-06-30,-1.1
2021-07-01,-0.1
2021-07-02,-0.9
2021-07-05,-1.1
2021-07-06,7.9
2021-07-07,4.1
2021-07-08,1.8
2021-07-09,-0.3
2021-07-12,-4.9
2021-07-13,-6.4
2021-07-14,-2.5
2021-07-15,-4.0
2021-07-16,-2.7
2021-07-19,-4.8
2021-07-20,-6.0
2021-07-21,-6.6
2021-07-22,-3.4
2021-07-23,-1.8
2021-07-26,-3.1
2021-07-27,-4.3
2021-07-28,-4.9
2021-07-29,-5.4
2021-07-30,-5.5
2021-08-03,-2.9
2021-08-04,-2.6
2021-08-05,-0.8
2021-08-06,0.9
2021-08-09,2.0
2021-08-10,1.8
2021-08-11,2.5
2021-08-12,1.4
2021-08-13,0.9
2021-08-16,-2.1
2021-08-17,-3.2
2021-08-18,-4.9
2021-08-19,-5.0
2021-08-20,-6.5
2021-08-23,-6.1
2021-08-24,-4.1
2021-08-25,-1.8
2021-08-26,0.5
2021-08-27,4.2
2021-08-30,0.4
2021-08-31,2.7
2021-09-01,5.1
2021-09-02,4.9
2021-09-03,4.8
2021-09-06,5.0
2021-09-07,5.7
2021-09-08,6.0
2021-09-09,7.2
2021-09-10,5.9
2021-09-13,2.6
2021-09-14,-0.2
2021-09-15,-2.2
2021-09-16,-2.0
2021-09-17,-0.4
2021-09-20,0.3
2021-09-21,-0.8
2021-09-22,0.8
2021-09-23,3.0
2021-09-24,6.6
2021-09-27,5.1
2021-09-28,7.2
2021-09-29,6.1
2021-09-30,5.2
2021-10-01,7.0
2021-10-05,3.5
2021-10-06,2.9
2021-10-07,8.2
2021-10-08,16.0
2021-10-11,9.1
2021-10-12,27.0
2021-10-13,25.9
2021-10-14,29.1
2021-10-15,31.9
2021-10-18,52.3
2021-10-19,52.5
2021-10-20,47.7
2021-10-21,41.6
2021-10-22,47.7
2021-10-25,48.3
2021-10-26,50.8
2021-10-27,70.0
2021-10-28,60.9
2021-10-29,37.5
2021-11-01,18.8
2021-11-02,17.0
2021-11-03,23.6
2021-11-04,32.7
2021-11-05,32.3
2021-11-08,29.9
2021-11-09,34.0
2021-11-10,38.3
2021-11-11,42.8
2021-11-12,47.9
2021-11-15,43.3
2021-11-16,44.5
2021-11-17,40.0
2021-11-18,40.8
2021-11-19,40.8
2021-11-22,42.0
2021-11-23,42.4
2021-11-24,45.8
2021-11-25,51.1
2021-11-26,43.7
2021-11-29,42.1
2021-11-30,40.6
2021-12-01,43.7
2021-12-02,45.5
2021-12-03,45.9
2021-12-06,44.1
2021-12-07,52.4
2021-12-08,54.9
2021-12-09,51.5
2021-12-10,52.2
2021-12-13,50.6
2021-12-14,48.9
2021-12-15,53.5
2021-12-16,58.0
2021-12-17,56.9
2021-12-20,57.0
2021-12-21,56.5
2021-12-22,51.4
2021-12-23,52.2
2021-12-24,53.3
2021-12-29,47.9
2021-12-30,49.0
2021-12-31,50.5
2022-01-04,51.1
2022-01-05,49.7
2022-01-06,49.2
2022-01-07,47.7
2022-01-10,46.9
2022-01-11,46.7
2022-01-12,46.8
2022-01-13,45.6
2022-01-14,47.9
2022-01-17,47.6
2022-01-18,46.7
2022-01-19,47.6
2022-01-20,50.6
2022-01-21,47.4
2022-01-24,49.1
2022-01-25,51.2
2022-01-27,51.2
2022-01-28,48.6
2022-01-31,41.0
2022-02-01,44.9
2022-02-02,45.4
2022-02-03,45.6
2022-02-04,45.8
2022-02-07,50.0
2022-02-08,50.2
2022-02-09,50.9
2022-02-10,49.5
2022-02-11,54.2
2022-02-14,50.9
2022-02-15,51.3
2022-02-16,49.2
2022-02-17,50.0
2022-02-18,49.6
2022-02-21,49.6
2022-02-22,49.7
2022-02-23,54.0
2022-02-24,53.2
2022-02-25,53.3
2022-02-28,50.1
2022-03-01,49.1
2022-03-02,48.1
2022-03-03,49.1
2022-03-04,50.1
2022-03-07,49.0
2022-03-08,50.1
2022-03-09,54.1
2022-03-10,56.8
2022-03-11,57.7
2022-03-14,55.7
2022-03-15,56.3
2022-03-16,54.5
2022-03-17,57.6
2022-03-18,56.0
2022-03-21,56.9
2022-03-22,63.2
2022-03-23,65.4
2022-03-24,73.9
2022-03-25,68.2
2022-03-28,70.3
2022-03-29,69.5
2022-03-30,63.3
2022-03-31,60.7
2022-04-01,64.1
2022-04-04,61.9
2022-04-05,64.3
2022-04-06,56.7
2022-04-07,50.0
2022-04-08,45.4
2022-04-11,38.5
2022-04-12,37.2
2022-04-13,32.2
2022-04-14,27.2
2022-04-19,27.0
2022-04-20,29.9
2022-04-21,33.2
2022-04-22,32.6
2022-04-26,30.5
2022-04-27,28.6
2022-04-28,23.5
2022-04-29,22.0
2022-05-02,22.5
2022-05-03,23.4
2022-05-04,18.1
2022-05-05,17.0
2022-05-06,20.8
2022-05-09,18.2
2022-05-10,17.3
2022-05-11,15.4
2022-05-12,15.3
2022-05-13,12.9
2022-05-16,15.6
2022-05-17,17.1
2022-05-18,15.1
2022-05-19,17.1
2022-05-20,19.2
2022-05-23,19.1
2022-05-24,22.2
2022-05-25,23.7
2022-05-26,27.5
2022-05-27,25.6
2022-05-30,27.6
2022-05-31,27.9
2022-06-01,27.5
2022-06-02,27.5
2022-06-03,25.9
2022-06-06,28.5
2022-06-07,29.7
2022-06-08,28.0
2022-06-09,27.8
2022-06-10,26.1
2022-06-14,26.7
2022-06-15,27.5
2022-06-16,20.5
2022-06-17,21.4
2022-06-20,24.5
2022-06-21,28.9
2022-06-22,32.2
2022-06-23,32.2
2022-06-24,32.2
2022-06-27,33.8
2022-06-28,37.7
2022-06-29,36.3
2022-06-30,33.1
2022-07-01,28.3
2022-07-04,26.9
2022-07-05,24.0
2022-07-06,24.5
2022-07-07,22.0
2022-07-08,21.2
2022-07-11,18.9
2022-07-12,19.0
2022-07-13,21.1
2022-07-14,24.2
2022-07-15,22.6
2022-07-18,21.0
2022-07-19,22.5
2022-07-20,22.4
2022-07-21,21.7
2022-07-22,21.3
2022-07-25,20.2
2022-07-26,16.5
2022-07-27,13.2
2022-07-28,10.4
2022-07-29,5.4
2022-08-01,6.2
2022-08-02,0.9
2022-08-03,1.2
2022-08-04,0.7
2022-08-05,2.6
2022-08-08,6.8
2022-08-09,6.4
2022-08-10,5.5
2022-08-11,5.5
2022-08-12,6.5
2022-08-15,6.3
2022-08-16,5.6
2022-08-17,6.8
2022-08-18,6.0
2022-08-19,5.1
2022-08-22,5.6
2022-08-23,6.8
2022-08-24,3.9
2022-08-25,5.8
2022-08-26,5.8
2022-08-29,9.4
2022-08-30,7.1
2022-08-31,2.3
2022-09-01,2.8
2022-09-02,2.0
2022-09-05,1.5
2022-09-06,0.8
2022-09-07,-0.4
2022-09-08,-5.1
2022-09-09,-3.5
2022-09-12,-3.2
2022-09-13,-2.5
2022-09-14,-1.4
2022-09-15,0.1
2022-09-16,2.6
2022-09-19,1.4
2022-09-20,3.0
2022-09-21,0.9
2022-09-23,3.6
2022-09-26,7.1
2022-09-27,5.1
2022-09-28,4.2
2022-09-29,5.6
2022-09-30,5.8
2022-10-04,-0.4
2022-10-05,3.9
2022-10-06,3.3
2022-10-07,4.8
2022-10-10,4.5
2022-10-11,2.7
2022-10-12,3.4
2022-10-13,-0.1
2022-10-14,2.2
2022-10-17,1.7
2022-10-18,-0.3
2022-10-19,-0.1
2022-10-20,0.3
2022-10-21,0.2
2022-10-24,-5.0
2022-10-25,-4.8
2022-10-26,-3.8
2022-10-27,-7.1
2022-10-28,-7.5
2022-10-31,-8.9
2022-11-01,-11.7
2022-11-02,-7.1
2022-11-03,-6.2
2022-11-04,-8.3
2022-11-07,-7.8
2022-11-08,-4.7
2022-11-09,-2.5
2022-11-10,-3.2
2022-11-11,-6.8
2022-11-14,-6.8
2022-11-15,-4.7
2022-11-16,-5.5
2022-11-17,-3.9
2022-11-18,-2.8
2022-11-21,1.2
2022-11-22,0.5
2022-11-23,-1.9
2022-11-24,-2.3
2022-11-25,-2.6
2022-11-28,-3.3
2022-11-29,-3.7
2022-11-30,-8.3
2022-12-01,-5.9
2022-12-02,-6.8
2022-12-05,-6.3
2022-12-06,-3.2
2022-12-07,-1.6
2022-12-08,-1.8
2022-12-09,1.7
2022-12-12,1.7
2022-12-13,3.9
2022-12-14,1.5
2022-12-15,-1.7
2022-12-16,-4.3
2022-12-19,-1.0
2022-12-20,-10.6
2022-12-21,-12.2
2022-12-22,-13.6
2022-12-23,-12.4
2022-12-28,-4.9
2022-12-29,-8.2
2022-12-30,-8.5
2023-01-03,-5.5
2023-01-04,-3.8
2023-01-05,-1.8
2023-01-06,-7.4
2023-01-09,-9.6
2023-01-10,-9.4
2023-01-11,-7.1
2023-01-12,-10.0
2023-01-13,-7.0
2023-01-16,-9.1
2023-01-17,-10.6
2023-01-18,-10.8
2023-01-19,-13.5
2023-01-20,-16.9
2023-01-23,-16.2
2023-01-24,-16.2
2023-01-25,-15.9
2023-01-27,-14.4
2023-01-30,-10.0
2023-01-31,-10.0
2023-02-01,-11.0
2023-02-02,-17.2
2023-02-03,-17.2
2023-02-06,-13.1
2023-02-07,-11.8
2023-02-08,-13.8
2023-02-09,-14.0
2023-02-10,-11.7
2023-02-13,-11.1
2023-02-14,-8.7
2023-02-15,-9.5
2023-02-16,-13.1
2023-02-17,-15.8
2023-02-20,-9.6
2023-02-21,-10.8
2023-02-22,-14.8
2023-02-23,-13.7
2023-02-24,-12.5
2023-02-27,-10.3
2023-02-28,-7.9
2023-03-01,-11.0
2023-03-02,-16.2
2023-03-03,-18.7
2023-03-06,-13.4
2023-03-07,-20.1
2023-03-08,-16.1
2023-03-09,-15.5
2023-03-10,-12.2
2023-03-13,-16.2
2023-03-14,-17.0
2023-03-15,-14.4
2023-03-16,-17.4
2023-03-17,-14.5
2023-03-20,-15.3
2023-03-21,-8.9
2023-03-22,-8.7
2023-03-23,-9.6
2023-03-24,-10.4
2023-03-27,-12.5
2023-03-28,-13.6
2023-03-29,-11.4
2023-03-30,-13.7
2023-03-31,-11.1
2023-04-03,-11.7
2023-04-04,-15.6
2023-04-05,-18.7
2023-04-06,-18.8
2023-04-11,-15.1
2023-04-12,-14.4
2023-04-13,-14.0
2023-04-14,-16.8
2023-04-17,-19.7
2023-04-18,-18.1
2023-04-19,-11.1
2023-04-20,-11.3
2023-04-21,-12.1
2023-04-24,-11.0
2023-04-26,-13.3
2023-04-27,-11.4
2023-04-28,-13.7
2023-05-01,-18.7
2023-05-02,-19.3
2023-05-03,-23.5
2023-05-04,-23.2
2023-05-05,-25.5
2023-05-08,-23.6
2023-05-09,-26.5
2023-05-10,-26.7
2023-05-11,-26.6
2023-05-12,-27.9
2023-05-15,-32.0
2023-05-16,-33.1
2023-05-17,-33.4
2023-05-18,-35.0
2023-05-19,-31.5
2023-05-22,-33.8
2023-05-23,-32.1
2023-05-24,-34.2
2023-05-25,-36.7
2023-05-26,-36.2
2023-05-29,-34.5
2023-05-30,-31.5
2023-05-31,-33.4
2023-06-01,-36.4
2023-06-02,-39.7
2023-06-05,-37.7
2023-06-06,-36.4
2023-06-07,-34.5
2023-06-08,-31.7
2023-06-09,-32.0
2023-06-13,-32.0
2023-06-14,-25.0
2023-06-15,-22.6
2023-06-16,-27.6
2023-06-19,-24.5
2023-06-20,-31.5
2023-06-21,-30.2
2023-06-22,-28.3
2023-06-23,-28.0
2023-06-26,-31.7
2023-06-27,-31.0
2023-06-28,-29.0
2023-06-29,-26.6
2023-06-30,-28.9
2023-07-03,-28.5
2023-07-04,-27.5
2023-07-05,-27.6
2023-07-06,-26.4
2023-07-07,-25.4
2023-07-10,-28.2
2023-07-11,-27.1
2023-07-12,-24.9
2023-07-13,-27.4
2023-07-14,-27.7
2023-07-17,-26.4
2023-07-18,-30.0
2023-07-19,-28.6
2023-07-20,-28.9
2023-07-21,-28.7
2023-07-24,-30.5
2023-07-25,-29.4
2023-07-26,-31.6
2023-07-27,-32.7
2023-07-28,-33.6
2023-07-31,-38.5
2023-08-01,-40.0
2023-08-02,-37.3
2023-08-03,-38.8
2023-08-04,-34.7
2023-08-07,-35.0
2023-08-08,-32.5
2023-08-09,-33.1
2023-08-10,-32.7
2023-08-11,-31.6
2023-08-14,-30.6
2023-08-15,-28.7
2023-08-16,-28.8
2023-08-17,-29.3
2023-08-18,-28.7
2023-08-21,-29.1
2023-08-22,-27.1
2023-08-23,-24.9
2023-08-24,-26.5
2023-08-25,-26.4
2023-08-28,-26.5
2023-08-29,-29.2
2023-08-30,-28.9
2023-08-31,-31.3
2023-09-01,-30.8
2023-09-04,-27.9
2023-09-05,-29.8
2023-09-06,-29.8
2023-09-07,-28.7
2023-09-08,-30.1
2023-09-11,-29.9
2023-09-12,-28.9
2023-09-13,-27.0
2023-09-14,-28.3
2023-09-15,-26.7
2023-09-18,-27.6
2023-09-19,-26.3
2023-09-20,-25.6
2023-09-21,-24.2
2023-09-22,-26.7
2023-09-25,-27.5
2023-09-26,-28.0
2023-09-27,-27.7
2023-09-28,-27.1
2023-09-29,-30.8
2023-10-03,-33.2
2023-10-04,-33.8
2023-10-05,-36.4
2023-10-06,-36.3
2023-10-09,-37.6
2023-10-10,-35.5
2023-10-11,-36.5
2023-10-12,-36.6
2023-10-13,-40.9
2023-10-16,-39.1
2023-10-17,-35.9
2023-10-18,-36.9
2023-10-19,-35.8
2023-10-20,-34.5
2023-10-23,-34.7
2023-10-24,-33.6
2023-10-25,-33.2
2023-10-26,-33.4
2023-10-27,-32.1
2023-10-30,-33.4
2023-10-31,-33.2
2023-11-01,-33.5
2023-11-02,-33.3
2023-11-03,-33.0
2023-11-06,-33.6
2023-11-07,-32.8
2023-11-08,-32.7
2023-11-09,-32.2
2023-11-10,-31.2
2023-11-13,-30.8
2023-11-14,-30.6
2023-11-15,-31.7
2023-11-16,-32.2
2023-11-17,-34.3
2023-11-20,-33.3
2023-11-21,-32.2
2023-11-22,-32.4
2023-11-23,-31.2
2023-11-24,-31.5
2023-11-27,-30.2
2023-11-28,-30.8
2023-11-29,-33.5
2023-11-30,-36.6
2023-12-01,-36.5
2023-12-04,-35.9
2023-12-05,-37.3
2023-12-06,-38.3
2023-12-07,-40.0
2023-12-08,-37.2
2023-12-11,-36.1
2023-12-12,-35.8
2023-12-13,-34.4
2023-12-14,-37.9
2023-12-15,-35.6
2023-12-18,-37.4
2023-12-19,-35.9
2023-12-20,-35.4
2023-12-21,-35.9
2023-12-22,-34.8
2023-12-27,-35.4
2023-12-28,-34.7
2023-12-29,-35.9
2024-01-02,-37.1
2024-01-03,-36.1
2024-01-04,-36.0
2024-01-05,-36.0
2024-01-08,-35.0
2024-01-09,-36.0
2024-01-10,-36.4
2024-01-11,-36.0
2024-01-12,-37.8
2024-01-15,-38.7
2024-01-16,-38.4
2024-01-17,-37.9
2024-01-18,-37.2
2024-01-19,-37.6
2024-01-22,-35.9
2024-01-23,-38.1
2024-01-24,-38.0
2024-01-25,-39.1
2024-01-29,-39.8
2024-01-30,-39.9
2024-01-31,-40.9
2024-02-01,-40.2
2024-02-02,-38.6
2024-02-05,-36.9
2024-02-06,-38.0
2024-02-07,-38.2
2024-02-08,-37.9
2024-02-09,-37.1
2024-02-12,-35.6
2024-02-13,-35.3
2024-02-14,-34.5
2024-02-15,-34.8
2024-02-16,-34.6
2024-02-19,-34.2
2024-02-20,-34.9
2024-02-21,-35.5
2024-02-22,-34.4
2024-02-23,-33.4
2024-02-26,-32.9
2024-02-27,-33.8
2024-02-28,-34.6
2024-02-29,-34.7
2024-03-01,-34.6
2024-03-04,-33.4
2024-03-05,-33.2
2024-03-06,-32.3
2024-03-07,-32.8
2024-03-08,-32.4
2024-03-11,-32.1
2024-03-12,-30.6
2024-03-13,-30.5
2024-03-14,-30.6
2024-03-15,-31.6
2024-03-18,-30.3
2024-03-19,-33.7
2024-03-20,-35.5
2024-03-21,-36.1
2024-03-22,-36.4
2024-03-25,-36.1
2024-03-26,-36.4
2024-03-27,-36.8
2024-03-28,-36.8
2024-04-02,-35.9
2024-04-03,-36.2
2024-04-04,-36.9
2024-04-05,-36.5
2024-04-08,-36.1
2024-04-09,-36.6
2024-04-10,-35.9
2024-04-11,-35.1
2024-04-12,-34.4
2024-04-15,-34.7
2024-04-16,-35.1
2024-04-17,-33.6
2024-04-18,-33.1
2024-04-19,-33.7
2024-04-22,-33.2
2024-04-23,-33.4
2024-04-24,-30.3
2024-04-26,-29.5
2024-04-29,-29.9
2024-04-30,-31.8
2024-05-01,-32.0
2024-05-02,-31.2
2024-05-03,-31.6
2024-05-06,-29.7
2024-05-07,-32.6
2024-05-08,-31.1
2024-05-09,-30.4
2024-05-10,-30.2
2024-05-13,-31.1
2024-05-14,-31.4
2024-05-15,-31.5
2024-05-16,-31.6
2024-05-17,-32.3
2024-05-20,-31.6
2024-05-21,-32.2
2024-05-22,-32.4
2024-05-23,-32.1
2024-05-24,-31.8
2024-05-27,-30.7
2024-05-28,-29.9
2024-05-29,-29.8
2024-05-30,-30.4
2024-05-31,-31.1
2024-06-03,-30.2
2024-06-04,-29.6
2024-06-05,-29.2
2024-06-06,-29.4
2024-06-07,-30.2
2024-06-11,-30.9
2024-06-12,-30.2
2024-06-13,-29.1
2024-06-14,-29.6
2024-06-17,-29.9
2024-06-18,-29.8
2024-06-19,-29.1
2024-06-20,-29.8
2024-06-21,-31.6
2024-06-24,-31.2
2024-06-25,-31.8
2024-06-26,-29.4
2024-06-27,-31.3
2024-06-28,-30.3
2024-07-01,-30.0
2024-07-02,-31.0
2024-07-03,-31.3
2024-07-04,-30.7
2024-07-05,-29.1
2024-07-08,-29.4
2024-07-09,-29.4
2024-07-10,-31.2
2024-07-11,-31.4
2024-07-12,-31.7
2024-07-15,-31.3
2024-07-16,-33.1
2024-07-17,-34.3
2024-07-18,-32.7
2024-07-19,-34.2
2024-07-22,-34.6
2024-07-23,-34.6
2024-07-24,-34.6
2024-07-25,-37.0
2024-07-26,-36.6
2024-07-29,-34.8
2024-07-30,-34.5
2024-07-31,-37.1
2024-08-01,-36.4
2024-08-02,-36.3
2024-08-05,-36.9
2024-08-06,-35.2
2024-08-07,-35.8
2024-08-08,-35.5
2024-08-09,-34.0
2024-08-12,-33.3
2024-08-13,-33.1
2024-08-14,-34.8
2024-08-15,-33.2
2024-08-16,-32.9
2024-08-19,-32.7
2024-08-20,-32.0
2024-08-21,-32.9
2024-08-22,-33.0
2024-08-23,-31.8
2024-08-26,-33.2
2024-08-27,-32.5
2024-08-28,-32.6
2024-08-29,-34.0
2024-08-30,-36.0
2024-09-02,-36.0
2024-09-03,-36.4
2024-09-04,-36.6
2024-09-05,-37.5
2024-09-06,-37.4
2024-09-09,-38.1
2024-09-10,-37.9
2024-09-11,-37.3
2024-09-12,-36.6
2024-09-13,-38.8
2024-09-16,-40.3
2024-09-17,-39.5
2024-09-18,-38.3
2024-09-19,-37.5
2024-09-20,-37.9
2024-09-23,-36.4
2024-09-24,-37.5
2024-09-25,-36.1
2024-09-26,-35.7
2024-09-27,-34.8
2024-09-30,-34.6
2024-10-01,-33.2
2024-10-02,-33.4
2024-10-03,-34.2
2024-10-04,-32.4
2024-10-08,-31.6
2024-10-09,-32.7
2024-10-10,-31.7
2024-10-11,-32.3
2024-10-14,-32.8
2024-10-15,-31.9
2024-10-16,-31.7
2024-10-17,-31.2
2024-10-18,-32.8
2024-10-21,-32.6
2024-10-22,-35.0
2024-10-23,-33.7
2024-10-24,-33.5
2024-10-25,-32.5
2024-10-28,-31.9
2024-10-29,-31.9
2024-10-30,-31.9
2024-10-31,-30.2
2024-11-01,-29.7
2024-11-04,-30.5
2024-11-05,-26.7
2024-11-06,-27.2
2024-11-07,-27.6
2024-11-08,-28.3
2024-11-11,-27.3
2024-11-12,-26.0
2024-11-13,-25.1
2024-11-14,-27.5
2024-11-15,-25.8
2024-11-18,-26.8
2024-11-19,-27.2
2024-11-20,-27.7
2024-11-21,-26.7
2024-11-22,-28.2
2024-11-25,-27.7
2024-11-26,-29.3
2024-11-27,-29.8
2024-11-28,-30.8
2024-11-29,-30.8
2024-12-02,-30.1
2024-12-03,-29.2
2024-12-04,-30.3
2024-12-05,-30.8
2024-12-06,-30.9
2024-12-09,-30.9
2024-12-10,-31.7
2024-12-11,-33.1
2024-12-12,-30.8
2024-12-13,-31.5
2024-12-16,-31.0
2024-12-17,-31.7
2024-12-18,-32.6
2024-12-19,-30.9
2024-12-20,-32.4
2024-12-23,-31.0
2024-12-24,-32.4
2024-12-27,-32.2
2024-12-30,-31.9
2024-12-31,-32.0
2025-01-02,-32.7
2025-01-03,-30.9
2025-01-06,-30.6
2025-01-07,-29.0
2025-01-08,-31.1
2025-01-09,-30.1
2025-01-10,-30.3
2025-01-13,-26.2
2025-01-14,-26.6
2025-01-15,-26.8
2025-01-16,-25.9
2025-01-17,-25.1
2025-01-20,-26.2
2025-01-21,-28.8
2025-01-22,-29.4
2025-01-23,-30.1
2025-01-24,-30.4
2025-01-28,-31.0
2025-01-29,-30.8
2025-01-30,-31.1
2025-01-31,-32.1
2025-02-03,-33.5
2025-02-04,-32.4
2025-02-05,-31.5
2025-02-06,-30.9
2025-02-07,-29.9
2025-02-10,-29.6
2025-02-11,-29.6
2025-02-12,-31.0
2025-02-13,-31.4
2025-02-14,-29.9
2025-02-17,-30.0
2025-02-18,-29.6
2025-02-19,-30.0
2025-02-20,-28.8
2025-02-21,-29.6
2025-02-24,-29.5
2025-02-25,-29.8
2025-02-26,-29.7
2025-02-27,-29.5
2025-02-28,-30.4
2025-03-03,-31.2
2025-03-04,-32.4
2025-03-05,-34.7
2025-03-06,-35.6
2025-03-07,-35.3
2025-03-10,-34.2
2025-03-11,-35.6
2025-03-12,-37.1
2025-03-13,-35.8
2025-03-14,-37.0
2025-03-17,-35.7
2025-03-18,-34.1
2025-03-19,-34.6
2025-03-20,-35.5
2025-03-21,-36.4
2025-03-24,-37.2
2025-03-25,-38.1
2025-03-26,-38.5
2025-03-27,-39.2
2025-03-28,-38.8
2025-03-31,-39.4
2025-04-01,-37.2
2025-04-02,-36.4
2025-04-03,-37.5
2025-04-04,-40.7
2025-04-07,-39.3
2025-04-08,-42.4
2025-04-09,-49.0
2025-04-10,-43.7
2025-04-11,-45.7
2025-04-14,-42.1
2025-04-15,-40.9
2025-04-16,-39.4
2025-04-17,-39.2
2025-04-22,-40.5
2025-04-23,-38.8
2025-04-24,-38.4
2025-04-28,-36.4
2025-04-29,-36.4
2025-04-30,-36.3
2025-05-01,-39.6
2025-05-02,-39.8
2025-05-05,-39.1
2025-05-06,-40.7
2025-05-07,-40.8
2025-05-08,-41.0
2025-05-09,-41.4
2025-05-12,-42.5
2025-05-13,-41.6
2025-05-14,-42.7
2025-05-15,-41.9
2025-05-16,-42.1
2025-05-19,-43.2
2025-05-20,-45.4
2025-05-21,-44.2
2025-05-22,-43.3
2025-05-23,-43.5
2025-05-26,-42.7
2025-05-27,-41.6
2025-05-28,-41.5
2025-05-29,-42.1
2025-05-30,-43.5
2025-06-02,-44.3
2025-06-03,-44.3
2025-06-04,-44.3
2025-06-05,-45.2
2025-06-06,-44.4
2025-06-10,-44.1
2025-06-11,-44.1
2025-06-12,-44.2
2025-06-13,-44.1
2025-06-16,-43.6
2025-06-17,-42.3
2025-06-18,-43.1
2025-06-19,-42.1
2025-06-20,-41.8
2025-06-23,-43.0
2025-06-24,-43.7
2025-06-25,-43.6
2025-06-26,-42.1
2025-06-27,-43.0
2025-06-30,-43.1
2025-07-01,-43.0
2025-07-02,-42.4
2025-07-03,-42.8
2025-07-04,-42.9
2025-07-07,-43.6
2025-07-08,-42.1
2025-07-09,-44.2
2025-07-10,-43.9
2025-07-11,-44.2
2025-07-14,-43.8
2025-07-15,-42.9
2025-07-16,-42.4
2025-07-17,-44.2
2025-07-18,-44.3
2025-07-21,-42.6
2025-07-22,-40.6
2025-07-23,-40.3
2025-07-24,-39.1
2025-07-25,-38.3
2025-07-28,-39.3
2025-07-29,-40.6
2025-07-30,-40.5
2025-07-31,-39.4
2025-08-01,-39.9
2025-08-04,-40.0
2025-08-05,-41.6
2025-08-06,-41.7
2025-08-07,-42.3
2025-08-08,-41.7
2025-08-11,-41.6
2025-08-12,-42.3
2025-08-13,-42.9
2025-08-14,-43.2
2025-08-15,-43.1
2025-08-18,-43.8
2025-08-19,-43.2
2025-08-20,-43.7
2025-08-21,-42.2
2025-08-22,-42.8
2025-08-25,-43.3
2025-08-26,-43.5
2025-08-27,-42.9
2025-08-28,-43.2
2025-08-29,-42.5
2025-09-01,-41.7
2025-09-02,-42.3
2025-09-03,-40.7
2025-09-04,-41.0
2025-09-05,-40.7
2025-09-08,-40.6
2025-09-09,-40.0
2025-09-10,-39.0
2025-09-11,-39.9
2025-09-12,-37.2
2025-09-15,-38.3
2025-09-16,-37.8
2025-09-17,-38.3
2025-09-18,-38.5
2025-09-19,-38.2
2025-09-22,-38.7
2025-09-23,-38.0
2025-09-24,-35.5
2025-09-25,-37.0
2025-09-26,-36.9
2025-09-29,-36.9
2025-09-30,-35.0
2025-10-01,-36.4
2025-10-02,-37.9
2025-10-03,-37.2
2025-10-07,-38.1
2025-10-08,-38.2
2025-10-09,-38.8
2025-10-10,-38.4
2025-10-13,-39.4
2025-10-14,-39.1
2025-10-15,-38.7
2025-10-16,-39.2
2025-10-17,-39.5
2025-10-20,-39.3
2025-10-21,-39.1
2025-10-22,-39.3
2025-10-23,-38.8
2025-10-24,-38.6
2025-10-27,-38.7
2025-10-28,-36.3
2025-10-29,-33.2
2025-10-30,-34.6
2025-10-31,-34.5
2025-11-03,-33.2
2025-11-04,-31.2
2025-11-05,-31.9
2025-11-06,-32.0
2025-11-07,-32.7
2025-11-10,-32.3
2025-11-11,-31.1
2025-11-12,-30.7
2025-11-13,-25.3
2025-11-14,-25.0
2025-11-17,-25.9
2025-11-18,-26.0
2025-11-19,-26.0
2025-11-20,-25.6
2025-11-21,-26.8
2025-11-24,-26.2
2025-11-25,-25.5
2025-11-26,-21.5
2025-11-27,-21.9
2025-11-28,-21.6
2025-12-01,-22.2
2025-12-02,-23.8
2025-12-03,-22.7
2025-12-04,-22.6
2025-12-05,-23.7
2025-12-08,-23.2
2025-12-09,-20.3
2025-12-10,-19.6
2025-12-11,-20.8
2025-12-12,-21.2
2025-12-15,-22.5
2025-12-16,-22.2
2025-12-17,-21.5
2025-12-18,-23.7
2025-12-19,-22.2
2025-12-22,-21.0
2025-12-23,-22.9
2025-12-24,-21.5
2025-12-29,-21.6
2025-12-30,-21.9
2025-12-31,-20.9
2026-01-02,-22.4
2026-01-05,-23.2
2026-01-06,-22.7
2026-01-07,-21.5
2026-01-08,-22.5
2026-01-09,-22.1
2026-01-12,-22.1
2026-01-13,-22.5
2026-01-14,-23.3
2026-01-15,-23.2
2026-01-16,-23.2
2026-01-19,-23.0
2026-01-20,-22.6
2026-01-21,-23.1
2026-01-22,-21.9
2026-01-23,-21.8
2026-01-27,-20.5
2026-01-28,-23.5
2026-01-29,-24.4
2026-01-30,-23.4
2026-02-02,-24.5
2026-02-03,-24.4
2026-02-04,-24.7
2026-02-05,-25.2
2026-02-06,-27.1
2026-02-09,-26.8
2026-02-10,-27.0
2026-02-11,-25.7
2026-02-12,-24.7
2026-02-13,-24.1
2026-02-16,-23.2
2026-02-17,-23.6
2026-02-18,-23.3
2026-02-19,-21.6
2026-02-20,-21.5
2026-02-23,-22.3
2026-02-24,-23.1
2026-02-25,-22.8
2026-02-26,-23.3
2026-02-27,-25.2
2026-03-02,-25.9
2026-03-03,-24.3
2026-03-04,-24.7
2026-03-05,-23.3
2026-03-06,-21.5
2026-03-09,-16.8
2026-03-10,-17.7
2026-03-11,-21.8
2026-03-12,-22.5
2026-03-13,-21.7
2026-03-16,-22.6
2026-03-17,-23.4
2026-03-18,-24.9
2026-03-19,-22.6
2026-03-20,-16.5
2026-03-23,-19.0
2026-03-24,-21.6
2026-03-25,-24.1
2026-03-26,-21.6
2026-03-27,-21.1
2026-03-30,-25.0
2026-03-31,-25.0
2026-04-01,-27.3
2026-04-02,-25.2
2026-04-07,-26.6
2026-04-08,-26.5
2026-04-09,-26.7
2026-04-10,-26.6
2026-04-13,-26.9
2026-04-14,-27.5
2026-04-15,-27.6
2026-04-16,-27.1
2026-04-17,-26.5
2026-04-20,-27.3
2026-04-21,-28.2
2026-04-22,-27.9
2026-04-23,-26.1
2026-04-24,-25.5
2026-04-27,-26.3
2026-04-28,-25.9
2026-04-29,-26.4
2026-04-30,-25.4
2026-05-01,-26.4
2026-05-04,-27.3
2026-05-05,-29.6
2026-05-06,-29.5
2026-05-07,-30.6
2026-05-08,-30.9
2026-05-11,-30.2
2026-05-12,-29.5
2026-05-13,-30.1
2026-05-14,-29.7
2026-05-15,-29.7
2026-05-18,-29.6
2026-05-19,-30.7
2026-05-20,-29.8
2026-05-21,-31.3
2026-05-22,-32.9
2026-05-25,-32.5
2026-05-26,-32.5
2026-05-27,-33.0
2026-05-28,-33.2
2026-05-29,-33.0
2026-06-01,-32.5
2026-06-02,-32.4
2026-06-03,-32.3
2026-06-04,-32.3
2026-06-05,-32.3
2026-06-09,-32.8
2026-06-10,-33.0
2026-06-11,-34.0
2026-06-12,-34.5
2026-06-15,-34.3
2026-06-16,-34.5
2026-06-17,-36.3
2026-06-18,-34.5
2026-06-19,-33.9
2026-06-22,-34.4
2026-06-23,-35.6
2026-06-24,-35.0
2026-06-25,-35.8
2026-06-26,-35.7
2026-06-29,-34.9
2026-06-30,-35.3
2026-07-01,-35.2
2026-07-02,-35.6
2026-07-03,-36.4
2026-07-06,-36.4
2026-07-07,-35.9
2026-07-08,-35.6
2026-07-09,-33.8
2026-07-10,-34.1
2026-07-13,-33.3
2026-07-14,-32.3
2026-07-15,-32.2
2026-07-16,-32.8
2026-07-17,-32.2
2026-07-20,-30.8
2026-07-21,-31.8
2026-07-22,-32.0
2026-07-23,-29.9
2026-07-24,-28.5
2026-07-27,-30.5
2026-07-28,-31.1
2026-07-29,-33.1
2026-07-30,-33.4
2026-07-31,-33.4
2026-08-03,-32.9
2026-08-04,-33.4
2026-08-05,-34.2
2026-08-06,-34.3
2026-08-07,-34.2
2026-08-10,-33.0
2026-08-11,-33.7
2026-08-12,-34.1
2026-08-13,-35.1
2026-08-14,-35.2
2026-08-17,-34.9
2026-08-18,-35.5
2026-08-19,-34.7
2026-08-20,-34.2
2026-08-21,-34.7
2026-08-24,-34.3
2026-08-25,-33.6
2026-08-26,-32.9
2026-08-27,-32.1
2026-08-28,-32.9
2026-08-31,-32.5
2026-09-01,-33.5
2026-09-02,-30.9
2026-09-03,-32.1
2026-09-04,-32.0
2026-09-07,-31.8
2026-09-08,-31.6
2026-09-09,-30.5
2026-09-10,-30.7
2026-09-11,-27.6
2026-09-14,-28.3
2026-09-15,-27.0
2026-09-16,-26.6
2026-09-17,-25.2
2026-09-18,-26.3
2026-09-21,-25.0
2026-09-22,-25.2
2026-09-23,-26.2
2026-09-24,-25.6
2026-09-25,-26.7
2026-09-28,-28.6
2026-09-29,-30.7
2026-09-30,-32.0
