date,f1y1y,f2y1y,f5y5y
2016-01-04,1.9583,2.0131,3.3791
2016-01-05,1.9741,2.0058,3.3624
2016-01-06,1.9719,2.0035,3.2876
2016-01-07,1.9018,1.9467,3.2333
2016-01-08,2.0004,1.9931,3.3109
2016-01-11,1.9635,1.9542,3.2903
2016-01-12,1.9913,1.9792,3.3397
2016-01-13,1.9765,1.9652,3.299
2016-01-14,1.8946,1.8806,3.1995
2016-01-15,1.9116,1.8692,3.2221
2016-01-18,1.8976,1.839,3.2376
2016-01-19,1.934,1.8595,3.2647
2016-01-20,1.8707,1.844,3.1892
2016-01-21,1.9391,1.8727,3.2285
2016-01-22,1.9787,1.9086,3.2775
2016-01-25,1.9726,1.9143,3.2838
2016-01-27,1.9343,1.8839,3.197
2016-01-28,1.9427,1.9029,3.2171
2016-01-29,1.86,1.8451,3.1562
2016-02-01,1.8238,1.8298,3.1382
2016-02-02,1.8048,1.8348,3.1376
2016-02-03,1.6861,1.7562,3.0099
2016-02-04,1.7737,1.8118,3.0597
2016-02-05,1.7606,1.8031,3.0227
2016-02-08,1.8002,1.8255,3.0726
2016-02-09,1.5878,1.6804,2.8662
2016-02-10,1.5971,1.6914,2.8449
2016-02-11,1.59,1.6594,2.8087
2016-02-12,1.6747,1.6968,2.8605
2016-02-15,1.7929,1.782,2.9726
2016-02-16,1.8121,1.7993,2.9655
2016-02-17,1.7703,1.7599,2.9159
2016-02-18,1.7901,1.7832,2.9976
2016-02-19,1.6799,1.7063,2.8588
2016-02-22,1.7318,1.7387,2.8813
2016-02-23,1.6684,1.7098,2.8453
2016-02-24,1.6414,1.6805,2.8278
2016-02-25,1.6345,1.6653,2.8398
2016-02-26,1.6027,1.6502,2.8299
2016-02-29,1.6124,1.6674,2.8487
2016-03-01,1.5482,1.6199,2.7967
2016-03-02,1.7523,1.7529,2.8856
2016-03-03,1.8616,1.8527,3.0006
2016-03-04,1.8825,1.875,2.9835
2016-03-07,1.9362,1.9344,3.0059
2016-03-08,1.9237,1.9359,2.9644
2016-03-09,1.9537,1.9598,2.9492
2016-03-10,1.9405,1.9664,3.0157
2016-03-11,2.0504,2.0754,3.1145
2016-03-14,2.1054,2.1596,3.0929
2016-03-15,2.0387,2.1142,3.0854
2016-03-16,2.0127,2.0881,3.0347
2016-03-17,1.8875,1.9733,2.9705
2016-03-18,1.8938,1.9882,2.954
2016-03-21,1.8856,1.9932,2.982
2016-03-22,1.9449,2.0397,3.0149
2016-03-23,1.9965,2.1069,3.0536
2016-03-24,1.923,2.0383,2.985
2016-03-29,1.918,2.0397,2.9727
2016-03-30,1.8071,1.9528,2.8881
2016-03-31,1.7953,1.9266,2.8853
2016-04-01,1.8747,1.9363,2.9287
2016-04-04,1.7731,1.8556,2.8771
2016-04-05,1.7676,1.8363,2.8607
2016-04-06,1.7659,1.8204,2.8339
2016-04-07,1.7678,1.8254,2.8721
2016-04-08,1.738,1.778,2.8132
2016-04-11,1.7435,1.7689,2.8221
2016-04-12,1.8149,1.8167,2.881
2016-04-13,1.8741,1.8503,2.944
2016-04-14,1.9168,1.8919,2.929
2016-04-15,1.9719,1.9238,2.9621
2016-04-18,1.8993,1.8665,2.8897
2016-04-19,1.9746,1.9427,2.9589
2016-04-20,1.9268,1.9258,2.9166
2016-04-21,1.9841,1.9936,3.0036
2016-04-22,2.0352,2.0182,3.0535
2016-04-26,2.0404,2.0368,3.0825
2016-04-27,1.9339,1.9423,3.094
2016-04-28,1.8524,1.876,2.9782
2016-04-29,1.831,1.865,2.9852
2016-05-02,1.847,1.8747,2.9841
2016-05-03,1.7331,1.749,2.9749
2016-05-04,1.7072,1.7379,2.9264
2016-05-05,1.6534,1.6951,2.8853
2016-05-06,1.5002,1.5714,2.7955
2016-05-09,1.499,1.5542,2.8589
2016-05-10,1.5193,1.5664,2.8094
2016-05-11,1.5208,1.5807,2.8054
2016-05-12,1.486,1.5643,2.8156
2016-05-13,1.5052,1.5454,2.7765
2016-05-16,1.4774,1.5196,2.7111
2016-05-17,1.5844,1.5875,2.7822
2016-05-18,1.5668,1.5813,2.772
2016-05-19,1.6141,1.5929,2.859
2016-05-20,1.5854,1.5592,2.7981
2016-05-23,1.6055,1.5684,2.7641
2016-05-24,1.5827,1.5609,2.7553
2016-05-25,1.6049,1.5628,2.8044
2016-05-26,1.5771,1.5437,2.7702
2016-05-27,1.5702,1.5484,2.7353
2016-05-30,1.5958,1.5669,2.7592
2016-05-31,1.6276,1.5974,2.7869
2016-06-01,1.6264,1.5865,2.777
2016-06-02,1.5833,1.541,2.7595
2016-06-03,1.5725,1.5115,2.7096
2016-06-06,1.4807,1.449,2.6178
2016-06-07,1.5933,1.5114,2.6231
2016-06-08,1.5661,1.4739,2.5719
2016-06-09,1.5739,1.4458,2.4837
2016-06-10,1.6391,1.4645,2.4898
2016-06-14,1.6397,1.4335,2.425
2016-06-15,1.6272,1.4842,2.458
2016-06-16,1.5321,1.4268,2.3867
2016-06-17,1.6152,1.4763,2.4747
2016-06-20,1.6592,1.5088,2.5703
2016-06-21,1.7181,1.5544,2.5708
2016-06-22,1.7943,1.6173,2.6466
2016-06-23,1.8088,1.6636,2.6768
2016-06-24,1.5512,1.4139,2.4072
2016-06-27,1.6163,1.4772,2.4544
2016-06-28,1.5833,1.4598,2.3587
2016-06-29,1.6306,1.4844,2.3665
2016-06-30,1.5723,1.4883,2.3258
2016-07-01,1.5208,1.4508,2.3008
2016-07-04,1.6013,1.4976,2.3584
2016-07-05,1.5318,1.4692,2.2642
2016-07-06,1.4944,1.4257,2.1567
2016-07-07,1.4983,1.4189,2.168
2016-07-08,1.5308,1.4439,2.1762
2016-07-11,1.5825,1.4609,2.1967
2016-07-12,1.6108,1.471,2.2508
2016-07-13,1.6099,1.4604,2.3045
2016-07-14,1.5965,1.4545,2.2826
2016-07-15,1.5954,1.4793,2.2995
2016-07-18,1.5775,1.4624,2.3422
2016-07-19,1.4921,1.4072,2.2648
2016-07-20,1.4792,1.4046,2.2734
2016-07-21,1.4478,1.3843,2.2913
2016-07-22,1.4412,1.3775,2.2646
2016-07-25,1.4718,1.3857,2.2688
2016-07-26,1.5079,1.4061,2.2668
2016-07-27,1.5599,1.4314,2.3013
2016-07-28,1.4844,1.3836,2.1832
2016-07-29,1.4586,1.3535,2.2104
2016-08-02,1.376,1.2634,2.1801
2016-08-03,1.4397,1.3306,2.3347
2016-08-04,1.4495,1.3446,2.3506
2016-08-05,1.4299,1.3388,2.2248
2016-08-08,1.4536,1.3637,2.3551
2016-08-09,1.4287,1.346,2.3465
2016-08-10,1.3741,1.3061,2.2516
2016-08-11,1.3723,1.3092,2.2246
2016-08-12,1.4187,1.3467,2.2967
2016-08-15,1.3806,1.3322,2.2491
2016-08-16,1.3576,1.3308,2.2691
2016-08-17,1.3925,1.3573,2.2991
2016-08-18,1.3785,1.3487,2.2403
2016-08-19,1.3606,1.3438,2.2306
2016-08-22,1.4136,1.3726,2.2869
2016-08-23,1.3722,1.3415,2.2109
2016-08-24,1.3752,1.3442,2.1938
2016-08-25,1.4023,1.351,2.2088
2016-08-26,1.4156,1.3598,2.1994
2016-08-29,1.4472,1.3856,2.2183
2016-08-30,1.3956,1.352,2.1618
2016-08-31,1.3781,1.3411,2.1413
2016-09-01,1.4175,1.3493,2.1619
2016-09-02,1.4484,1.3803,2.1634
2016-09-05,1.4631,1.3837,2.2258
2016-09-06,1.4725,1.3951,2.2371
2016-09-07,1.4147,1.3635,2.1288
2016-09-08,1.47,1.409,2.1605
2016-09-09,1.5284,1.4748,2.2997
2016-09-12,1.5871,1.5449,2.4082
2016-09-13,1.5669,1.6224,2.4114
2016-09-14,1.5672,1.6527,2.4544
2016-09-15,1.5718,1.7168,2.4616
2016-09-16,1.5494,1.6931,2.4704
2016-09-19,1.6151,1.7106,2.4624
2016-09-20,1.6277,1.7089,2.4614
2016-09-21,1.6019,1.7078,2.4953
2016-09-22,1.5569,1.672,2.3515
2016-09-23,1.5787,1.6474,2.2934
2016-09-26,1.5656,1.6326,2.2593
2016-09-27,1.5845,1.6408,2.2495
2016-09-28,1.5349,1.5944,2.2363
2016-09-29,1.5447,1.5767,2.2881
2016-09-30,1.4855,1.4602,2.2317
2016-10-04,1.5803,1.5392,2.3814
2016-10-05,1.6204,1.5745,2.4549
2016-10-06,1.6487,1.5929,2.5072
2016-10-07,1.6755,1.6151,2.5106
2016-10-10,1.6878,1.6527,2.5197
2016-10-11,1.7245,1.7069,2.6062
2016-10-12,1.7809,1.7723,2.6758
2016-10-13,1.7326,1.722,2.5967
2016-10-14,1.7703,1.7645,2.6087
2016-10-17,1.7619,1.7802,2.6846
2016-10-18,1.7568,1.8001,2.717
2016-10-19,1.7288,1.7761,2.6755
2016-10-20,1.6459,1.781,2.6719
2016-10-21,1.6513,1.799,2.6671
2016-10-24,1.6311,1.7633,2.601
2016-10-25,1.6574,1.7978,2.6504
2016-10-26,1.6994,1.8245,2.6116
2016-10-27,1.7195,1.8431,2.7194
2016-10-28,1.7237,1.8873,2.7885
2016-10-31,1.6636,1.8155,2.7807
2016-11-01,1.7075,1.8386,2.8207
2016-11-02,1.6612,1.7807,2.7858
2016-11-03,1.639,1.747,2.721
2016-11-04,1.6644,1.7794,2.7482
2016-11-07,1.6709,1.7825,2.7766
2016-11-08,1.6756,1.778,2.7846
2016-11-09,1.5299,1.5961,2.6502
2016-11-10,1.7129,1.8426,3.0125
2016-11-11,1.7546,1.8896,3.0977
2016-11-14,1.8284,1.9509,3.2163
2016-11-15,1.8415,1.959,3.2073
2016-11-16,1.8272,1.9427,3.1984
2016-11-17,1.7588,1.904,3.0956
2016-11-18,1.8225,2.079,3.2878
2016-11-21,1.805,2.0675,3.2288
2016-11-22,1.7998,2.0872,3.2027
2016-11-23,1.8316,2.1344,3.2197
2016-11-24,1.886,2.1998,3.2638
2016-11-25,1.8945,2.1958,3.2833
2016-11-28,1.8549,2.1458,3.1997
2016-11-29,1.8825,2.1677,3.2041
2016-11-30,1.8859,2.1615,3.2422
2016-12-01,1.9335,2.1989,3.3047
2016-12-02,1.9567,2.2747,3.4217
2016-12-05,1.9191,2.2074,3.3336
2016-12-06,1.9347,2.2241,3.3791
2016-12-07,1.8643,2.1642,3.3765
2016-12-08,1.8582,2.1152,3.2775
2016-12-09,1.9155,2.1686,3.3919
2016-12-12,1.9498,2.1935,3.4408
2016-12-13,1.931,2.1272,3.4171
2016-12-14,1.9096,2.0629,3.393
2016-12-15,1.9847,2.1783,3.4528
2016-12-16,1.9634,2.1701,3.3909
2016-12-19,2.0386,2.2309,3.4093
2016-12-20,2.0717,2.2487,3.3649
2016-12-21,2.0732,2.268,3.3126
2016-12-22,2.0834,2.282,3.3193
2016-12-23,2.1225,2.3117,3.3688
2016-12-28,2.1164,2.3103,3.3295
2016-12-29,2.0501,2.2499,3.247
2016-12-30,2.0089,2.2135,3.2477
2017-01-03,1.9865,2.2074,3.2298
2017-01-04,2.0311,2.2327,3.284
2017-01-05,1.9827,2.1859,3.2261
2017-01-06,1.9347,2.1403,3.1503
2017-01-09,2.0054,2.2153,3.2507
2017-01-10,1.9549,2.1724,3.1942
2017-01-11,1.9401,2.1729,3.2267
2017-01-12,1.8743,2.1141,3.1417
2017-01-13,1.9261,2.154,3.1553
2017-01-16,1.9206,2.1627,3.1653
2017-01-17,1.9404,2.1792,3.1537
2017-01-18,1.9403,2.1819,3.1097
2017-01-19,1.974,2.2692,3.2092
2017-01-20,1.98,2.2883,3.2474
2017-01-23,1.9566,2.2661,3.2182
2017-01-24,1.887,2.203,3.1407
2017-01-25,1.8982,2.2008,3.208
2017-01-27,1.9017,2.2223,3.2898
2017-01-30,1.8635,2.1784,3.2146
2017-01-31,1.8148,2.1153,3.2302
2017-02-01,1.8395,2.123,3.2498
2017-02-02,1.8766,2.1448,3.2929
2017-02-03,1.9238,2.183,3.3154
2017-02-06,1.9,2.1556,3.2805
2017-02-07,1.8685,2.1129,3.1842
2017-02-08,1.861,2.0945,3.1929
2017-02-09,1.8427,2.0549,3.1207
2017-02-10,1.9185,2.122,3.1795
2017-02-13,1.9118,2.117,3.2078
2017-02-14,1.9729,2.1808,3.2369
2017-02-15,2.0429,2.2602,3.2886
2017-02-16,2.0179,2.3205,3.29
2017-02-17,2.0419,2.3244,3.3036
2017-02-20,2.024,2.3041,3.2942
2017-02-21,2.0448,2.3109,3.3012
2017-02-22,2.0781,2.3357,3.3502
2017-02-23,2.0138,2.2867,3.2921
2017-02-24,1.9652,2.232,3.2281
2017-02-27,1.9658,2.1926,3.2031
2017-02-28,1.9713,2.2114,3.2145
2017-03-01,2.0294,2.3144,3.3114
2017-03-02,1.9884,2.2953,3.298
2017-03-03,1.9964,2.3161,3.3278
2017-03-06,2.0186,2.3174,3.3161
2017-03-07,2.0499,2.3331,3.327
2017-03-08,2.1189,2.4057,3.3663
2017-03-09,2.1571,2.4651,3.458
2017-03-10,2.2006,2.5011,3.5179
2017-03-13,2.1529,2.4574,3.4663
2017-03-14,2.1176,2.4727,3.4462
2017-03-15,2.1144,2.4665,3.4331
2017-03-16,2.0008,2.3534,3.3181
2017-03-17,2.0086,2.3864,3.383
2017-03-20,1.9576,2.3577,3.3358
2017-03-21,1.9473,2.3431,3.3202
2017-03-22,1.9369,2.3031,3.2384
2017-03-23,1.9064,2.2767,3.2265
2017-03-24,1.89,2.2714,3.2486
2017-03-27,1.8643,2.223,3.1922
2017-03-28,1.8626,2.1815,3.1917
2017-03-29,1.9077,2.2009,3.2201
2017-03-30,1.9271,2.1633,3.1729
2017-03-31,1.9318,2.1824,3.1749
2017-04-03,1.8966,2.1643,3.1545
2017-04-04,1.8575,2.1257,3.0626
2017-04-05,1.8376,2.1141,3.0727
2017-04-06,1.8076,2.073,3.0511
2017-04-07,1.7665,2.0275,3.0317
2017-04-10,1.775,2.0484,3.0744
2017-04-11,1.7699,2.0207,3.0023
2017-04-12,1.752,1.9946,2.9648
2017-04-13,1.7242,1.9913,2.9179
2017-04-18,1.7185,2.0135,2.9349
2017-04-19,1.6944,1.9815,2.8916
2017-04-20,1.737,2.024,2.953
2017-04-21,1.753,2.0471,3.0025
2017-04-24,1.7662,2.0891,3.0953
2017-04-26,1.8179,2.1397,3.1239
2017-04-27,1.803,2.1155,3.1069
2017-04-28,1.7679,2.0685,3.0695
2017-05-01,1.7734,2.0728,3.0625
2017-05-02,1.793,2.1075,3.0975
2017-05-03,1.784,2.09,3.0803
2017-05-04,1.8655,2.1231,3.1421
2017-05-05,1.8574,2.1398,3.1499
2017-05-08,1.8812,2.17,3.1805
2017-05-09,1.8784,2.1725,3.1978
2017-05-10,1.8463,2.1419,3.1785
2017-05-11,1.8208,2.1157,3.1873
2017-05-12,1.8046,2.0689,3.1745
2017-05-15,1.7603,2.0329,3.1196
2017-05-16,1.7563,2.0362,3.1101
2017-05-17,1.7018,1.9861,3.0459
2017-05-18,1.7298,1.9913,2.9867
2017-05-19,1.6943,1.9703,2.9618
2017-05-22,1.6887,1.9673,2.9909
2017-05-23,1.6656,1.8927,2.9367
2017-05-24,1.6716,1.9123,3.0036
2017-05-25,1.6383,1.8738,2.9475
2017-05-26,1.615,1.8492,2.9103
2017-05-29,1.6287,1.8647,2.917
2017-05-30,1.6035,1.8412,2.8936
2017-05-31,1.5709,1.822,2.9031
2017-06-01,1.5797,1.8342,2.9168
2017-06-02,1.6142,1.8648,2.9273
2017-06-05,1.6235,1.8552,2.8916
2017-06-06,1.5871,1.8345,2.8758
2017-06-07,1.6445,1.8952,2.8618
2017-06-08,1.6562,1.9143,2.8872
2017-06-09,1.6719,1.9322,2.8738
2017-06-13,1.6707,1.9339,2.8743
2017-06-14,1.6952,1.9364,2.8675
2017-06-15,1.7269,1.9255,2.789
2017-06-16,1.7686,1.9873,2.8405
2017-06-19,1.7804,2.0008,2.8314
2017-06-20,1.799,2.0263,2.8319
2017-06-21,1.7687,2.0063,2.8023
2017-06-22,1.7526,1.997,2.7831
2017-06-23,1.7562,1.9956,2.7729
2017-06-26,1.7789,2.0173,2.7749
2017-06-27,1.7666,2.007,2.7516
2017-06-28,1.8315,2.1156,2.8823
2017-06-29,1.8556,2.1976,2.9396
2017-06-30,1.928,2.2602,3.0543
2017-07-03,1.9203,2.2783,3.06
2017-07-04,1.8359,2.2009,3.0231
2017-07-05,1.8538,2.228,3.0209
2017-07-06,1.8808,2.2362,3.0376
2017-07-07,1.9551,2.3301,3.1453
2017-07-10,1.9556,2.3314,3.1641
2017-07-11,1.9901,2.3536,3.1688
2017-07-12,1.9706,2.3281,3.1311
2017-07-13,1.9135,2.2633,3.1044
2017-07-14,1.9227,2.2854,3.1528
2017-07-17,1.9513,2.2902,3.1734
2017-07-18,2.0381,2.3435,3.1577
2017-07-19,2.0334,2.3412,3.1233
2017-07-20,2.072,2.3655,3.1447
2017-07-21,1.9401,2.2983,3.1268
2017-07-24,1.9241,2.2973,3.0991
2017-07-25,1.9264,2.3105,3.1135
2017-07-26,1.9318,2.3259,3.1733
2017-07-27,1.8812,2.2707,3.1344
2017-07-28,1.8861,2.2665,3.1254
2017-07-31,1.8517,2.2454,3.1358
2017-08-01,1.8816,2.2738,3.1801
2017-08-02,1.8691,2.2605,3.1722
2017-08-03,1.8375,2.2342,3.1151
2017-08-04,1.8314,2.2229,3.0393
2017-08-08,1.8458,2.2339,3.0428
2017-08-09,1.8769,2.2638,3.055
2017-08-10,1.8944,2.2774,3.0743
2017-08-11,1.8173,2.2112,2.9914
2017-08-14,1.854,2.2352,3.0301
2017-08-15,1.8874,2.26,3.0682
2017-08-16,1.9143,2.289,3.0792
2017-08-17,1.9042,2.2769,3.0523
2017-08-18,1.872,2.2576,3.0237
2017-08-21,1.908,2.2804,3.0462
2017-08-22,1.9273,2.2908,3.0473
2017-08-23,1.9618,2.3143,3.0843
2017-08-24,1.9239,2.2736,3.0383
2017-08-25,1.9379,2.2794,3.0475
2017-08-28,1.9913,2.3152,3.061
2017-08-29,1.9584,2.2711,3.0142
2017-08-30,2.0217,2.3119,3.0833
2017-08-31,2.0379,2.3262,3.1408
2017-09-01,1.9846,2.2931,3.0659
2017-09-04,1.9461,2.2521,3.0297
2017-09-05,2.0195,2.3063,3.0806
2017-09-06,1.9383,2.2364,2.9881
2017-09-07,2.0042,2.2769,3.0287
2017-09-08,1.9653,2.2234,2.9496
2017-09-11,1.9799,2.2259,2.988
2017-09-12,1.9895,2.2505,3.0411
2017-09-13,2.0266,2.2939,3.0751
2017-09-14,2.063,2.3695,3.1307
2017-09-15,2.1103,2.4076,3.1325
2017-09-18,2.1768,2.4631,3.1936
2017-09-19,2.2099,2.4914,3.2015
2017-09-20,2.2221,2.5063,3.2227
2017-09-21,2.1781,2.5112,3.2305
2017-09-22,2.1452,2.4879,3.1805
2017-09-25,2.1455,2.4922,3.196
2017-09-26,2.1073,2.4704,3.1563
2017-09-27,2.096,2.4697,3.1868
2017-09-28,2.1433,2.5135,3.2856
2017-09-29,2.1056,2.4721,3.2719
2017-10-03,2.0893,2.4683,3.2752
2017-10-04,2.062,2.4393,3.225
2017-10-05,1.9986,2.3908,3.2126
2017-10-06,2.0499,2.4332,3.2532
2017-10-09,2.0365,2.419,3.2539
2017-10-10,2.0813,2.4322,3.2595
2017-10-11,2.0837,2.4282,3.2309
2017-10-12,2.0741,2.4166,3.2114
2017-10-13,2.0566,2.4095,3.2049
2017-10-16,2.0117,2.3784,3.1462
2017-10-17,2.0251,2.3961,3.1661
2017-10-18,1.9898,2.3753,3.113
2017-10-19,2.0493,2.4195,3.1529
2017-10-20,2.0649,2.4324,3.1723
2017-10-23,2.0571,2.4231,3.209
2017-10-24,2.0406,2.3948,3.1786
2017-10-25,1.9783,2.3414,3.1912
2017-10-26,1.9621,2.3207,3.1995
2017-10-27,1.9731,2.3361,3.2266
2017-10-30,1.9481,2.2977,3.1749
2017-10-31,1.9061,2.2473,3.0888
2017-11-01,1.929,2.3011,3.1279
2017-11-02,1.9069,2.2508,3.069
2017-11-03,1.8252,2.1578,2.9763
2017-11-06,1.8335,2.1541,2.9741
2017-11-07,1.8377,2.1665,2.9951
2017-11-08,1.8665,2.1827,2.9708
2017-11-09,1.8752,2.2013,3.0019
2017-11-10,1.8785,2.2072,3.0311
2017-11-13,1.8834,2.2063,3.0492
2017-11-14,1.9571,2.2749,3.0693
2017-11-15,1.8739,2.199,2.992
2017-11-16,1.8856,2.2171,2.9758
2017-11-17,1.8605,2.2152,2.9638
2017-11-20,1.8411,2.2067,2.9195
2017-11-21,1.8419,2.2039,2.9276
2017-11-22,1.853,2.1997,2.8877
2017-11-23,1.8391,2.1876,2.867
2017-11-24,1.8427,2.1825,2.8602
2017-11-27,1.8502,2.1849,2.897
2017-11-28,1.8186,2.1729,2.8611
2017-11-29,1.789,2.1561,2.8323
2017-11-30,1.8266,2.2042,2.8614
2017-12-01,1.8773,2.2372,2.9016
2017-12-04,1.9033,2.2493,2.9054
2017-12-05,1.9886,2.3177,2.9557
2017-12-06,1.8891,2.2401,2.8461
2017-12-07,1.881,2.1983,2.8696
2017-12-08,1.9135,2.2252,2.8779
2017-12-11,1.955,2.2419,2.9134
2017-12-12,1.9524,2.2214,2.8498
2017-12-13,1.9865,2.2458,2.8382
2017-12-14,2.0964,2.3536,2.8381
2017-12-15,2.066,2.3264,2.7965
2017-12-18,2.095,2.3634,2.7839
2017-12-19,2.1288,2.4002,2.8448
2017-12-20,2.1607,2.4494,2.9294
2017-12-21,2.1844,2.4536,2.97
2017-12-22,2.2097,2.478,3.0358
2017-12-27,2.2171,2.475,2.9941
2017-12-28,2.2114,2.4624,2.9537
2017-12-29,2.1635,2.4236,2.918
2018-01-02,2.1782,2.4482,2.9544
2018-01-03,2.1721,2.4559,3.0067
2018-01-04,2.136,2.4349,2.9699
2018-01-05,2.1008,2.4362,2.9305
2018-01-08,2.1155,2.4364,2.9435
2018-01-09,2.1458,2.4458,2.9706
2018-01-10,2.1613,2.452,3.0365
2018-01-11,2.1964,2.4865,3.0442
2018-01-12,2.1964,2.4886,3.0849
2018-01-15,2.2296,2.5045,3.0989
2018-01-16,2.2494,2.535,3.0892
2018-01-17,2.2626,2.5636,3.1063
2018-01-18,2.3507,2.6681,3.1303
2018-01-19,2.3326,2.705,3.1986
2018-01-22,2.3148,2.6998,3.1944
2018-01-23,2.2853,2.6791,3.1522
2018-01-24,2.2712,2.6624,3.1547
2018-01-25,2.2684,2.647,3.1941
2018-01-29,2.2758,2.6629,3.1984
2018-01-30,2.2854,2.6672,3.2091
2018-01-31,2.199,2.5723,3.1778
2018-02-01,2.1424,2.5275,3.1823
2018-02-02,2.1511,2.549,3.2151
2018-02-05,2.2486,2.616,3.3632
2018-02-06,2.1767,2.5009,3.2179
2018-02-07,2.1394,2.5022,3.2554
2018-02-08,2.1666,2.5549,3.3115
2018-02-09,2.1146,2.4782,3.2935
2018-02-12,2.1456,2.5004,3.3632
2018-02-13,2.1354,2.4771,3.3108
2018-02-14,2.1175,2.458,3.2729
2018-02-15,2.1187,2.5054,3.3713
2018-02-16,2.1666,2.4964,3.3769
2018-02-19,2.1584,2.4719,3.3106
2018-02-20,2.199,2.5051,3.316
2018-02-21,2.1464,2.4632,3.275
2018-02-22,2.141,2.4423,3.3087
2018-02-23,2.0958,2.398,3.2848
2018-02-26,2.0705,2.3522,3.176
2018-02-27,2.0612,2.3449,3.1431
2018-02-28,2.1251,2.394,3.2007
2018-03-01,2.0862,2.3563,3.1205
2018-03-02,2.0614,2.3429,3.1024
2018-03-05,2.0744,2.3443,3.1182
2018-03-06,2.1305,2.3991,3.2193
2018-03-07,2.1066,2.3725,3.1925
2018-03-08,2.1084,2.3784,3.2064
2018-03-09,2.1178,2.3913,3.1566
2018-03-12,2.1592,2.4218,3.1989
2018-03-13,2.1508,2.4079,3.1821
2018-03-14,2.0861,2.3096,3.1171
2018-03-15,2.0401,2.2327,3.0924
2018-03-16,2.0496,2.2458,3.0572
2018-03-19,2.0617,2.2613,3.0711
2018-03-20,2.0804,2.2803,3.0445
2018-03-21,2.1242,2.3325,3.0199
2018-03-22,2.1756,2.3883,2.9919
2018-03-23,2.0853,2.3106,2.9425
2018-03-26,2.0823,2.2671,2.966
2018-03-27,2.1293,2.2891,2.9469
2018-03-28,2.0492,2.2397,2.8768
2018-03-29,2.0888,2.2795,2.8783
2018-04-03,2.1266,2.2959,2.8726
2018-04-04,2.1593,2.3306,2.9005
2018-04-05,2.1251,2.3318,2.9588
2018-04-06,2.1082,2.3284,2.9546
2018-04-09,2.0998,2.3213,2.9933
2018-04-10,2.1264,2.339,3.0341
2018-04-11,2.1032,2.3544,2.9883
2018-04-12,2.089,2.3265,2.9706
2018-04-13,2.1523,2.3895,3.0553
2018-04-16,2.1809,2.4125,3.0568
2018-04-17,2.2239,2.4327,3.0709
2018-04-18,2.2197,2.4284,3.0469
2018-04-19,2.2242,2.4591,3.1
2018-04-20,2.2013,2.4651,3.1435
2018-04-23,2.265,2.5262,3.2161
2018-04-24,2.2233,2.4854,3.1878
2018-04-26,2.2317,2.4949,3.2171
2018-04-27,2.186,2.4765,3.1668
2018-04-30,2.1261,2.4254,3.1073
2018-05-01,2.1334,2.4258,3.0861
2018-05-02,2.1503,2.4385,3.1529
2018-05-03,2.1456,2.4566,3.1714
2018-05-04,2.1618,2.4395,3.1182
2018-05-07,2.1444,2.4229,3.1036
2018-05-08,2.1347,2.4143,3.0942
2018-05-09,2.148,2.4465,3.1517
2018-05-10,2.1437,2.4364,3.1456
2018-05-11,2.1419,2.4298,3.1603
2018-05-14,2.1224,2.4327,3.1507
2018-05-15,2.1894,2.4997,3.216
2018-05-16,2.2154,2.5333,3.2937
2018-05-17,2.2224,2.5923,3.349
2018-05-18,2.2158,2.549,3.3227
2018-05-21,2.2064,2.529,3.3039
2018-05-22,2.2068,2.5011,3.2699
2018-05-23,2.208,2.4792,3.2329
2018-05-24,2.1858,2.4484,3.1881
2018-05-25,2.177,2.4428,3.1688
2018-05-28,2.1607,2.4132,3.1245
2018-05-29,2.1372,2.362,3.0264
2018-05-30,2.1104,2.322,2.9794
2018-05-31,2.1246,2.3124,3.0183
2018-06-01,2.1735,2.3168,3.0505
2018-06-04,2.234,2.3818,3.0667
2018-06-05,2.2071,2.3783,3.0618
2018-06-06,2.2564,2.4029,3.1042
2018-06-07,2.2838,2.469,3.2156
2018-06-08,2.2034,2.4074,3.1382
2018-06-12,2.2232,2.4138,3.1764
2018-06-13,2.1983,2.3967,3.1353
2018-06-14,2.1543,2.3252,3.0745
2018-06-15,2.1249,2.3048,3.0359
2018-06-18,2.0976,2.2888,3.0074
2018-06-19,2.0758,2.2186,2.9432
2018-06-20,2.1156,2.2461,2.9748
2018-06-21,2.1583,2.2704,2.9973
2018-06-22,2.1171,2.2373,2.9782
2018-06-25,2.1104,2.2364,2.9456
2018-06-26,2.1055,2.231,2.9709
2018-06-27,2.0856,2.2259,2.9506
2018-06-28,2.0669,2.2015,2.9512
2018-06-29,2.0626,2.2035,2.9759
2018-07-02,2.0263,2.1714,2.9387
2018-07-03,2.0638,2.2031,2.9591
2018-07-04,2.0635,2.1989,2.9117
2018-07-05,2.0563,2.2061,2.9283
2018-07-06,2.0721,2.2313,2.9666
2018-07-09,2.0602,2.2005,2.9526
2018-07-10,2.0903,2.227,2.968
2018-07-11,2.0411,2.1885,2.95
2018-07-12,2.0356,2.19,2.9828
2018-07-13,2.0419,2.1928,2.9828
2018-07-16,2.0455,2.1863,2.9923
2018-07-17,2.0635,2.2308,3.0046
2018-07-18,2.0765,2.2241,2.9739
2018-07-19,2.14,2.2567,2.9844
2018-07-20,2.0981,2.2171,2.9399
2018-07-23,2.1319,2.2641,3.0093
2018-07-24,2.177,2.3022,3.0768
2018-07-25,2.1352,2.2523,3.0373
2018-07-26,2.0972,2.2368,3.0642
2018-07-27,2.067,2.2054,3.0108
2018-07-30,2.0835,2.2172,3.0121
2018-07-31,2.0994,2.2274,3.0043
2018-08-01,2.1153,2.2559,3.0576
2018-08-02,2.1208,2.2761,3.1185
2018-08-03,2.1351,2.2784,3.1049
2018-08-07,2.0803,2.2245,3.0176
2018-08-08,2.0956,2.2411,3.0453
2018-08-09,2.0577,2.2084,3.027
2018-08-10,1.9989,2.145,2.9518
2018-08-13,2.0175,2.1522,2.9328
2018-08-14,2.0143,2.138,2.9522
2018-08-15,2.0214,2.117,2.9415
2018-08-16,2.0015,2.1389,2.9021
2018-08-17,2.0019,2.1248,2.8905
2018-08-20,2.0024,2.1096,2.8569
2018-08-21,2.0162,2.1368,2.8609
2018-08-22,2.0137,2.1285,2.8754
2018-08-23,1.9862,2.1059,2.8702
2018-08-24,2.0031,2.1358,2.8638
2018-08-27,2.0209,2.1581,2.859
2018-08-28,2.0233,2.1785,2.8884
2018-08-29,1.994,2.1255,2.8958
2018-08-30,2.0125,2.123,2.9252
2018-08-31,1.9776,2.0627,2.8658
2018-09-03,1.975,2.0328,2.8789
2018-09-04,1.9927,2.0482,2.8771
2018-09-05,2.0176,2.084,2.8997
2018-09-06,2.0066,2.0619,2.9386
2018-09-07,1.9908,2.0437,2.9205
2018-09-10,2.0172,2.0666,2.9601
2018-09-11,2.0247,2.0733,2.9681
2018-09-12,2.0223,2.0735,2.9767
2018-09-13,2.0711,2.1136,2.9889
2018-09-14,2.072,2.0942,2.9977
2018-09-17,2.0846,2.1043,3.026
2018-09-18,2.1306,2.153,3.0605
2018-09-19,2.2094,2.2308,3.0967
2018-09-20,2.2048,2.2569,3.0975
2018-09-21,2.1721,2.2301,3.0867
2018-09-24,2.1753,2.2329,3.0903
2018-09-25,2.1967,2.2622,3.1509
2018-09-26,2.169,2.2316,3.142
2018-09-27,2.1473,2.2241,3.0778
2018-09-28,2.1196,2.1918,3.0544
2018-10-02,2.0855,2.1781,3.0616
2018-10-03,2.0376,2.1551,3.0353
2018-10-04,2.0686,2.2112,3.1321
2018-10-05,2.0656,2.2068,3.1498
2018-10-08,2.113,2.2643,3.2215
2018-10-09,2.1365,2.28,3.2121
2018-10-10,2.137,2.2671,3.1811
2018-10-11,2.1145,2.2004,3.1642
2018-10-12,2.1507,2.2273,3.1783
2018-10-15,2.1197,2.192,3.0859
2018-10-16,2.1264,2.1967,3.1188
2018-10-17,2.1061,2.184,3.1146
2018-10-18,2.1574,2.2423,3.1286
2018-10-19,2.1346,2.1968,3.0737
2018-10-22,2.1448,2.2126,3.101
2018-10-23,2.1058,2.1874,3.0721
2018-10-24,2.0931,2.1729,3.0453
2018-10-25,2.0457,2.1302,2.9819
2018-10-26,2.0307,2.1139,2.9617
2018-10-29,2.0048,2.0841,2.9298
2018-10-30,1.9946,2.1099,2.9515
2018-10-31,2.0132,2.151,3.0172
2018-11-01,2.0486,2.1862,3.0258
2018-11-02,2.0816,2.2546,3.0866
2018-11-05,2.1307,2.2893,3.1405
2018-11-06,2.1225,2.2888,3.117
2018-11-07,2.1271,2.2832,3.1152
2018-11-08,2.1769,2.3343,3.1425
2018-11-09,2.2037,2.3334,3.1399
2018-11-12,2.2029,2.3154,3.1108
2018-11-13,2.1885,2.2881,3.1075
2018-11-14,2.1608,2.2759,3.0662
2018-11-15,2.1804,2.316,3.0711
2018-11-16,2.1481,2.2843,3.0194
2018-11-19,2.1259,2.2669,3.0067
2018-11-20,2.1495,2.2825,3.0491
2018-11-21,2.1312,2.2692,3.0472
2018-11-22,2.1227,2.2561,3.0122
2018-11-23,2.1169,2.2436,2.9919
2018-11-26,2.0976,2.2242,2.9778
2018-11-27,2.1045,2.2228,2.9784
2018-11-28,2.0996,2.2144,2.9537
2018-11-29,2.0752,2.1966,2.9304
2018-11-30,2.054,2.1812,2.9242
2018-12-03,2.0638,2.1983,2.9605
2018-12-04,2.0326,2.1192,2.8442
2018-12-05,2.014,2.0434,2.8286
2018-12-06,1.9556,1.957,2.7816
2018-12-07,1.9392,1.9447,2.7795
2018-12-10,1.9514,1.93,2.7753
2018-12-11,1.984,1.9549,2.7823
2018-12-12,1.9765,1.9505,2.7796
2018-12-13,2.0221,1.9767,2.7829
2018-12-14,2.0043,1.9598,2.791
2018-12-17,1.981,1.9366,2.7712
2018-12-18,1.9219,1.883,2.7583
2018-12-19,1.9053,1.8267,2.7204
2018-12-20,1.8662,1.7536,2.6761
2018-12-21,1.945,1.7694,2.7313
2018-12-24,1.904,1.7154,2.7184
2018-12-27,1.9171,1.755,2.728
2018-12-28,1.8937,1.7393,2.7062
2018-12-31,1.8388,1.7084,2.6512
2019-01-02,1.8091,1.666,2.6304
2019-01-03,1.7282,1.5823,2.4813
2019-01-04,1.8124,1.6122,2.5604
2019-01-07,1.8267,1.643,2.6044
2019-01-08,1.8586,1.6798,2.6486
2019-01-09,1.8856,1.7099,2.6791
2019-01-10,1.864,1.699,2.6718
2019-01-11,1.8555,1.6918,2.6596
2019-01-14,1.817,1.6515,2.6174
2019-01-15,1.8398,1.6706,2.6349
2019-01-16,1.8142,1.6562,2.6259
2019-01-17,1.8192,1.6421,2.6452
2019-01-18,1.8508,1.6837,2.6846
2019-01-21,1.8515,1.6794,2.6814
2019-01-22,1.8457,1.6815,2.6676
2019-01-23,1.8189,1.6536,2.6514
2019-01-24,1.7644,1.624,2.6602
2019-01-25,1.7048,1.5606,2.593
2019-01-29,1.7097,1.5757,2.6184
2019-01-30,1.7718,1.6141,2.6127
2019-01-31,1.7627,1.6117,2.6195
2019-02-01,1.7417,1.597,2.5758
2019-02-04,1.7651,1.6129,2.611
2019-02-05,1.7783,1.6363,2.6273
2019-02-06,1.6591,1.4984,2.6014
2019-02-07,1.6509,1.4872,2.5618
2019-02-08,1.6318,1.4559,2.5123
2019-02-11,1.637,1.4706,2.4345
2019-02-12,1.6897,1.5216,2.4978
2019-02-13,1.7285,1.5505,2.5338
2019-02-14,1.7352,1.5567,2.5229
2019-02-15,1.6924,1.5199,2.4671
2019-02-18,1.7455,1.5386,2.5183
2019-02-19,1.7337,1.5321,2.5158
2019-02-20,1.6693,1.4972,2.4858
2019-02-21,1.601,1.4441,2.4463
2019-02-22,1.6612,1.4973,2.482
2019-02-25,1.6907,1.5158,2.4485
2019-02-26,1.6806,1.516,2.4571
2019-02-27,1.6595,1.4964,2.4355
2019-02-28,1.6558,1.4921,2.4898
2019-03-01,1.7244,1.5368,2.5402
2019-03-04,1.7367,1.5666,2.5942
2019-03-05,1.695,1.5285,2.5591
2019-03-06,1.6193,1.4541,2.5029
2019-03-07,1.6635,1.4795,2.4755
2019-03-08,1.6347,1.4441,2.4032
2019-03-11,1.6566,1.4592,2.3986
2019-03-12,1.6799,1.4659,2.4023
2019-03-13,1.6026,1.4043,2.3263
2019-03-14,1.5913,1.3924,2.3564
2019-03-15,1.5977,1.4187,2.354
2019-03-18,1.6147,1.428,2.3562
2019-03-19,1.548,1.3735,2.3018
2019-03-20,1.5359,1.3614,2.3201
2019-03-21,1.507,1.3251,2.2338
2019-03-22,1.4724,1.2955,2.176
2019-03-25,1.4397,1.2544,2.1068
2019-03-26,1.4977,1.286,2.1628
2019-03-27,1.427,1.2254,2.1144
2019-03-28,1.3855,1.1977,2.0414
2019-03-29,1.3963,1.2428,2.1131
2019-04-01,1.4049,1.2674,2.1423
2019-04-02,1.3598,1.2301,2.1893
2019-04-03,1.3798,1.2925,2.2114
2019-04-04,1.4242,1.3301,2.2793
2019-04-05,1.4464,1.3547,2.2842
2019-04-08,1.4057,1.3285,2.2508
2019-04-09,1.4204,1.3211,2.2941
2019-04-10,1.4299,1.3247,2.2408
2019-04-11,1.4338,1.3262,2.2126
2019-04-12,1.4384,1.3373,2.2505
2019-04-15,1.4822,1.3929,2.3403
2019-04-16,1.4605,1.3681,2.3223
2019-04-17,1.4709,1.3817,2.3582
2019-04-18,1.4792,1.3829,2.342
2019-04-23,1.4197,1.3285,2.2744
2019-04-24,1.2551,1.1708,2.2006
2019-04-26,1.2748,1.1979,2.1643
2019-04-29,1.2796,1.1991,2.1792
2019-04-30,1.2402,1.1827,2.1961
2019-05-01,1.2385,1.1783,2.1881
2019-05-02,1.2437,1.208,2.1881
2019-05-03,1.2525,1.2133,2.197
2019-05-06,1.2055,1.1611,2.1347
2019-05-07,1.2988,1.2264,2.1666
2019-05-08,1.2548,1.1916,2.1096
2019-05-09,1.2212,1.1867,2.0812
2019-05-10,1.2306,1.191,2.1121
2019-05-13,1.2229,1.1822,2.113
2019-05-14,1.1961,1.1545,2.0869
2019-05-15,1.1916,1.158,2.0758
2019-05-16,1.139,1.1145,2.0139
2019-05-17,1.1314,1.1307,2.0116
2019-05-20,1.1931,1.1892,2.0345
2019-05-21,1.1277,1.1438,2.0036
2019-05-22,1.1305,1.1402,2.0025
2019-05-23,1.0677,1.1132,1.9317
2019-05-24,1.0398,1.0722,1.8598
2019-05-27,1.0823,1.1036,1.8898
2019-05-28,1.0606,1.0932,1.8695
2019-05-29,1.031,1.0645,1.7958
2019-05-30,1.069,1.1015,1.857
2019-05-31,1.024,1.0699,1.752
2019-06-03,1.0607,1.1018,1.8235
2019-06-04,1.0606,1.0977,1.8195
2019-06-05,1.0138,1.0595,1.8141
2019-06-06,0.9946,1.0429,1.8087
2019-06-07,1.005,1.0466,1.8093
2019-06-11,0.9857,1.0281,1.7856
2019-06-12,0.945,1.003,1.7597
2019-06-13,0.9028,0.9581,1.7464
2019-06-14,0.9038,0.9477,1.6981
2019-06-17,0.9566,0.9891,1.7036
2019-06-18,0.9322,0.9797,1.6821
2019-06-19,0.8767,0.9432,1.6569
2019-06-20,0.8333,0.8876,1.6124
2019-06-21,0.8072,0.8627,1.6077
2019-06-24,0.8211,0.8796,1.628
2019-06-25,0.818,0.8754,1.609
2019-06-26,0.8915,0.8737,1.5821
2019-06-27,0.9336,0.9371,1.664
2019-06-28,0.9206,0.9219,1.6242
2019-07-01,0.9426,0.9634,1.6708
2019-07-02,0.9454,0.9611,1.6343
2019-07-03,0.8733,0.9075,1.5695
2019-07-04,0.8936,0.9233,1.5853
2019-07-05,0.8916,0.9207,1.5724
2019-07-08,0.9096,0.9346,1.6318
2019-07-09,0.9026,0.9251,1.6319
2019-07-10,0.9458,0.9471,1.6756
2019-07-11,0.8888,0.9136,1.6678
2019-07-12,0.955,0.9679,1.8149
2019-07-15,0.9704,0.9927,1.8299
2019-07-16,0.9283,0.9598,1.7684
2019-07-17,0.9034,0.9477,1.7635
2019-07-18,0.8859,0.9174,1.6924
2019-07-19,0.8995,0.9163,1.6916
2019-07-22,0.8877,0.907,1.6601
2019-07-23,0.8762,0.8888,1.647
2019-07-24,0.8413,0.8522,1.6387
2019-07-25,0.7733,0.801,1.551
2019-07-26,0.7819,0.7948,1.5542
2019-07-29,0.7586,0.771,1.5365
2019-07-30,0.7466,0.7611,1.5389
2019-07-31,0.7276,0.7512,1.517
2019-08-01,0.7729,0.7789,1.5373
2019-08-02,0.6548,0.6737,1.3875
2019-08-05,0.6058,0.6346,1.3532
2019-08-06,0.6218,0.6108,1.346
2019-08-07,0.5815,0.5508,1.2387
2019-08-08,0.6179,0.5893,1.2528
2019-08-09,0.5958,0.5799,1.2387
2019-08-12,0.6055,0.5784,1.2369
2019-08-13,0.5871,0.5712,1.1946
2019-08-14,0.5962,0.5823,1.2076
2019-08-15,0.5913,0.5612,1.1119
2019-08-16,0.5996,0.5655,1.0999
2019-08-19,0.6131,0.5739,1.1477
2019-08-20,0.6191,0.5866,1.1917
2019-08-21,0.6104,0.5834,1.1755
2019-08-22,0.6055,0.5808,1.1363
2019-08-23,0.6396,0.6304,1.2273
2019-08-26,0.5849,0.5922,1.1021
2019-08-27,0.6187,0.6172,1.1122
2019-08-28,0.6076,0.5989,1.0883
2019-08-29,0.5925,0.593,1.0756
2019-08-30,0.5891,0.5951,1.0905
2019-09-02,0.613,0.6209,1.1379
2019-09-03,0.629,0.6292,1.1671
2019-09-04,0.6558,0.6453,1.1314
2019-09-05,0.6931,0.6663,1.1762
2019-09-06,0.795,0.7497,1.3366
2019-09-09,0.7823,0.74,1.2397
2019-09-10,0.8125,0.7659,1.2982
2019-09-11,0.8641,0.8131,1.386
2019-09-12,0.8666,0.8287,1.4039
2019-09-13,0.8842,0.8527,1.388
2019-09-16,0.9247,0.8816,1.4288
2019-09-17,0.844,0.8141,1.3709
2019-09-18,0.8435,0.8081,1.3831
2019-09-19,0.7492,0.7336,1.3002
2019-09-20,0.7047,0.6962,1.2554
2019-09-23,0.6985,0.6895,1.2234
2019-09-24,0.6832,0.6746,1.1626
2019-09-25,0.6716,0.6523,1.1401
2019-09-26,0.6626,0.6446,1.1588
2019-09-27,0.6622,0.6451,1.1493
2019-09-30,0.7073,0.6842,1.2506
2019-10-01,0.6206,0.6092,1.2325
2019-10-02,0.591,0.5791,1.2392
2019-10-03,0.569,0.559,1.1729
2019-10-04,0.5532,0.5416,1.1296
2019-10-08,0.5653,0.5441,1.1371
2019-10-09,0.566,0.5317,1.1169
2019-10-10,0.5658,0.5345,1.1438
2019-10-11,0.6616,0.6458,1.2917
2019-10-14,0.6874,0.6731,1.3228
2019-10-15,0.6631,0.6579,1.2811
2019-10-16,0.6958,0.6778,1.3238
2019-10-17,0.7406,0.725,1.3875
2019-10-18,0.7601,0.7399,1.3753
2019-10-21,0.7829,0.7738,1.4364
2019-10-22,0.795,0.7706,1.4677
2019-10-23,0.7447,0.7215,1.3828
2019-10-24,0.7069,0.6913,1.3611
2019-10-25,0.6895,0.6747,1.328
2019-10-28,0.7171,0.703,1.3711
2019-10-29,0.8087,0.7935,1.4682
2019-10-30,0.7621,0.7499,1.4143
2019-10-31,0.7969,0.7712,1.3921
2019-11-01,0.7571,0.7326,1.3407
2019-11-04,0.8031,0.7819,1.4502
2019-11-05,0.8582,0.8153,1.467
2019-11-06,0.9011,0.8484,1.5698
2019-11-07,0.8356,0.8176,1.4886
2019-11-08,0.8847,0.8596,1.6023
2019-11-11,0.8529,0.8475,1.6234
2019-11-12,0.8219,0.8242,1.6152
2019-11-13,0.796,0.7882,1.6139
2019-11-14,0.689,0.6968,1.5048
2019-11-15,0.7137,0.6988,1.4701
2019-11-18,0.717,0.6944,1.4801
2019-11-19,0.6873,0.6608,1.4325
2019-11-20,0.684,0.6361,1.3479
2019-11-21,0.703,0.6471,1.3421
2019-11-22,0.7146,0.6736,1.3753
2019-11-25,0.7124,0.672,1.3686
2019-11-26,0.715,0.6607,1.3449
2019-11-27,0.6077,0.5698,1.307
2019-11-28,0.5646,0.5518,1.2927
2019-11-29,0.6081,0.5789,1.3346
2019-12-02,0.6619,0.6336,1.4092
2019-12-03,0.7753,0.7169,1.5298
2019-12-04,0.6479,0.6047,1.3655
2019-12-05,0.6455,0.6101,1.4138
2019-12-06,0.6739,0.6284,1.4607
2019-12-09,0.6983,0.6363,1.4928
2019-12-10,0.6596,0.5855,1.4333
2019-12-11,0.6934,0.6018,1.5039
2019-12-12,0.6697,0.5903,1.4683
2019-12-13,0.7913,0.7331,1.6175
2019-12-16,0.7145,0.6727,1.4762
2019-12-17,0.6687,0.6388,1.4952
2019-12-18,0.7217,0.6689,1.5599
2019-12-19,0.8166,0.7445,1.6124
2019-12-20,0.8566,0.787,1.6143
2019-12-23,0.8754,0.8084,1.6192
2019-12-24,0.9025,0.822,1.6288
2019-12-27,0.9145,0.844,1.6154
2019-12-30,0.8952,0.8345,1.6243
2019-12-31,0.917,0.8902,1.6935
2020-01-02,0.8436,0.8669,1.6918
2020-01-03,0.7688,0.7859,1.5813
2020-01-06,0.7335,0.7436,1.5214
2020-01-07,0.7417,0.7434,1.5506
2020-01-08,0.7433,0.7229,1.5102
2020-01-09,0.7861,0.7564,1.5773
2020-01-10,0.8102,0.7643,1.6026
2020-01-13,0.7917,0.7467,1.5353
2020-01-14,0.8152,0.7771,1.5985
2020-01-15,0.7947,0.7554,1.533
2020-01-16,0.759,0.7277,1.499
2020-01-17,0.7401,0.7204,1.5007
2020-01-20,0.7223,0.712,1.4966
2020-01-21,0.7106,0.7058,1.4793
2020-01-22,0.6548,0.6615,1.4321
2020-01-23,0.6724,0.6908,1.3847
2020-01-24,0.6889,0.6966,1.3574
2020-01-28,0.558,0.5613,1.2055
2020-01-29,0.6252,0.6338,1.2718
2020-01-30,0.5844,0.5774,1.2253
2020-01-31,0.5791,0.5697,1.2141
2020-02-03,0.5511,0.5256,1.1895
2020-02-04,0.5788,0.5619,1.167
2020-02-05,0.7039,0.6699,1.2847
2020-02-06,0.7692,0.718,1.3536
2020-02-07,0.708,0.6705,1.3015
2020-02-10,0.6848,0.6509,1.2589
2020-02-11,0.6926,0.6589,1.2687
2020-02-12,0.7346,0.6891,1.3306
2020-02-13,0.7195,0.6707,1.3011
2020-02-14,0.7057,0.6651,1.3158
2020-02-17,0.7092,0.6818,1.3168
2020-02-18,0.6899,0.6663,1.2644
2020-02-19,0.6895,0.6628,1.2759
2020-02-20,0.6352,0.624,1.2461
2020-02-21,0.5799,0.5848,1.1624
2020-02-24,0.563,0.5736,1.142
2020-02-25,0.5754,0.5785,1.1519
2020-02-26,0.5472,0.5468,1.1565
2020-02-27,0.4885,0.4855,1.0765
2020-02-28,0.4215,0.4362,1.0562
2020-03-02,0.4502,0.4085,1.067
2020-03-03,0.4512,0.4263,1.0488
2020-03-04,0.3805,0.3578,0.9749
2020-03-05,0.4136,0.3924,1.0517
2020-03-06,0.3686,0.304,0.904
2020-03-09,0.406,0.2996,0.7766
2020-03-10,0.5328,0.4416,1.0324
2020-03-11,0.4233,0.3411,0.8764
2020-03-12,0.4099,0.3422,1.0327
2020-03-13,0.605,0.4917,1.2915
2020-03-16,0.5449,0.4012,1.2533
2020-03-17,0.5618,0.459,1.4426
2020-03-18,0.5259,0.4408,1.7837
2020-03-19,0.3437,0.3489,2.4068
2020-03-20,0.2838,0.3044,1.7914
2020-03-23,0.2928,0.3266,1.3689
2020-03-24,0.2878,0.3383,1.3326
2020-03-25,0.297,0.357,1.4884
2020-03-26,0.2762,0.3276,1.3878
2020-03-27,0.2993,0.3264,1.3841
2020-03-30,0.2864,0.3326,1.1314
2020-03-31,0.27,0.2726,1.1012
2020-04-01,0.2172,0.2076,0.9845
2020-04-02,0.229,0.2608,1.1191
2020-04-03,0.2283,0.2802,1.1211
2020-04-06,0.2427,0.301,1.1407
2020-04-07,0.2524,0.3194,1.4032
2020-04-08,0.2423,0.2999,1.4009
2020-04-09,0.2566,0.324,1.3557
2020-04-14,0.2462,0.3226,1.3962
2020-04-15,0.2548,0.3481,1.3679
2020-04-16,0.2418,0.3124,1.2652
2020-04-17,0.2509,0.3259,1.2848
2020-04-20,0.2591,0.3391,1.2453
2020-04-21,0.2488,0.3328,1.2803
2020-04-22,0.2428,0.3273,1.2606
2020-04-23,0.2502,0.3486,1.3172
2020-04-24,0.2491,0.3373,1.3132
2020-04-27,0.2521,0.3342,1.3723
2020-04-28,0.2476,0.3275,1.4095
2020-04-29,0.2427,0.316,1.4064
2020-04-30,0.2321,0.3077,1.3604
2020-05-01,0.2289,0.2898,1.3298
2020-05-04,0.2277,0.2806,1.2723
2020-05-05,0.2224,0.2847,1.3425
2020-05-06,0.2336,0.3028,1.4264
2020-05-07,0.2308,0.2947,1.4473
2020-05-08,0.2148,0.2582,1.3994
2020-05-11,0.2154,0.2648,1.5277
2020-05-12,0.2249,0.2456,1.5209
2020-05-13,0.2369,0.2394,1.5239
2020-05-14,0.2532,0.2083,1.4233
2020-05-15,0.2515,0.2292,1.4352
2020-05-18,0.2602,0.228,1.4374
2020-05-19,0.2645,0.2479,1.551
2020-05-20,0.2601,0.2515,1.4941
2020-05-21,0.2566,0.2331,1.4364
2020-05-22,0.2589,0.2412,1.3483
2020-05-25,0.2631,0.2455,1.3271
2020-05-26,0.268,0.2533,1.3674
2020-05-27,0.266,0.2408,1.3625
2020-05-28,0.2647,0.2527,1.3587
2020-05-29,0.2573,0.2566,1.3701
2020-06-01,0.2632,0.2431,1.3984
2020-06-02,0.259,0.2492,1.4224
2020-06-03,0.2755,0.2584,1.5292
2020-06-04,0.2902,0.2733,1.6204
2020-06-05,0.2943,0.2795,1.7531
2020-06-09,0.2901,0.2649,1.6832
2020-06-10,0.2898,0.2575,1.6269
2020-06-11,0.2736,0.2227,1.467
2020-06-12,0.2756,0.2254,1.4445
2020-06-15,0.2647,0.225,1.3563
2020-06-16,0.2641,0.2394,1.4489
2020-06-17,0.2676,0.2371,1.4464
2020-06-18,0.2601,0.2283,1.3857
2020-06-19,0.2686,0.2412,1.344
2020-06-22,0.2675,0.2492,1.3536
2020-06-23,0.2672,0.2841,1.411
2020-06-24,0.2553,0.3103,1.4461
2020-06-25,0.2523,0.298,1.377
2020-06-26,0.2477,0.2871,1.3504
2020-06-29,0.2539,0.2927,1.3731
2020-06-30,0.253,0.2888,1.353
2020-07-01,0.2588,0.3062,1.469
2020-07-02,0.2543,0.2983,1.4533
2020-07-03,0.2587,0.3067,1.4143
2020-07-06,0.2618,0.3098,1.4471
2020-07-07,0.2607,0.2815,1.3802
2020-07-08,0.2563,0.2802,1.3575
2020-07-09,0.2614,0.3046,1.4042
2020-07-10,0.2615,0.3043,1.3313
2020-07-13,0.27,0.335,1.3918
2020-07-14,0.2774,0.3567,1.4003
2020-07-15,0.2774,0.3308,1.3317
2020-07-16,0.2771,0.3289,1.3541
2020-07-17,0.2751,0.3186,1.3325
2020-07-20,0.2764,0.3303,1.3654
2020-07-21,0.2829,0.3316,1.3208
2020-07-22,0.2923,0.3372,1.3633
2020-07-23,0.2952,0.3187,1.3186
2020-07-24,0.2941,0.3086,1.3311
2020-07-27,0.3027,0.3167,1.3642
2020-07-28,0.3034,0.3318,1.4233
2020-07-29,0.2955,0.3251,1.3486
2020-07-30,0.2931,0.3134,1.3164
2020-07-31,0.2934,0.2975,1.2448
2020-08-03,0.3005,0.3043,1.3151
2020-08-04,0.2795,0.2828,1.2906
2020-08-05,0.2807,0.2815,1.2754
2020-08-06,0.2826,0.2941,1.3323
2020-08-07,0.2942,0.2826,1.2888
2020-08-10,0.2914,0.2928,1.3496
2020-08-11,0.2963,0.2965,1.355
2020-08-12,0.2982,0.2832,1.4399
2020-08-13,0.2997,0.2682,1.38
2020-08-14,0.3039,0.2763,1.4535
2020-08-17,0.3106,0.281,1.3912
2020-08-18,0.3136,0.2709,1.3428
2020-08-19,0.315,0.2721,1.3369
2020-08-20,0.3139,0.2739,1.3173
2020-08-21,0.3135,0.274,1.3652
2020-08-24,0.3161,0.2765,1.3206
2020-08-25,0.3148,0.3001,1.3747
2020-08-26,0.3245,0.3302,1.4871
2020-08-27,0.323,0.3192,1.4285
2020-08-28,0.3374,0.3219,1.6112
2020-08-31,0.3351,0.3099,1.5376
2020-09-01,0.3284,0.3048,1.5234
2020-09-02,0.3271,0.2907,1.455
2020-09-03,0.3235,0.2943,1.4199
2020-09-04,0.3284,0.2891,1.3911
2020-09-07,0.3343,0.3029,1.5317
2020-09-08,0.3358,0.3048,1.5353
2020-09-09,0.3237,0.2716,1.4011
2020-09-10,0.3068,0.2961,1.4748
2020-09-11,0.3025,0.3033,1.4373
2020-09-14,0.2823,0.2845,1.3782
2020-09-15,0.2643,0.2922,1.3892
2020-09-16,0.2528,0.2916,1.3967
2020-09-17,0.2352,0.294,1.356
2020-09-18,0.2468,0.3313,1.413
2020-09-21,0.2399,0.3235,1.3506
2020-09-22,0.233,0.2821,1.3244
2020-09-23,0.185,0.2528,1.3111
2020-09-24,0.1875,0.2113,1.3249
2020-09-25,0.1931,0.2073,1.3141
2020-09-28,0.1996,0.1765,1.2803
2020-09-29,0.2093,0.1832,1.2854
2020-09-30,0.2148,0.1892,1.2991
2020-10-01,0.2244,0.2312,1.3956
2020-10-02,0.2281,0.1889,1.2939
2020-10-06,0.2305,0.1632,1.3903
2020-10-07,0.1751,0.1505,1.3503
2020-10-08,0.1852,0.1413,1.3921
2020-10-09,0.1882,0.1432,1.3697
2020-10-12,0.1855,0.1507,1.36
2020-10-13,0.1879,0.148,1.3632
2020-10-14,0.1952,0.1557,1.3405
2020-10-15,0.1786,0.1492,1.217
2020-10-16,0.1776,0.1113,1.1507
2020-10-19,0.1847,0.1279,1.1952
2020-10-20,0.1594,0.1453,1.2135
2020-10-21,0.1543,0.1637,1.291
2020-10-22,0.1547,0.1518,1.3123
2020-10-23,0.1578,0.159,1.3976
2020-10-26,0.1352,0.1692,1.3094
2020-10-27,0.141,0.1487,1.3074
2020-10-28,0.1499,0.1791,1.2705
2020-10-29,0.1524,0.1764,1.3269
2020-10-30,0.1491,0.1764,1.3568
2020-11-02,0.1504,0.1651,1.3492
2020-11-03,0.1255,0.1356,1.2768
2020-11-04,0.1514,0.1285,1.3058
2020-11-05,0.1328,0.1519,1.2158
2020-11-06,0.1328,0.1629,1.2336
2020-11-09,0.1317,0.1424,1.2687
2020-11-10,0.1435,0.1593,1.5192
2020-11-11,0.1453,0.1746,1.6386
2020-11-12,0.1426,0.1348,1.509
2020-11-13,0.1516,0.1482,1.4415
2020-11-16,0.1489,0.1207,1.4644
2020-11-17,0.1473,0.1389,1.5799
2020-11-18,0.1419,0.1342,1.4577
2020-11-19,0.1427,0.1335,1.458
2020-11-20,0.149,0.1282,1.419
2020-11-23,0.143,0.1336,1.3969
2020-11-24,0.1487,0.1444,1.4756
2020-11-25,0.1492,0.1495,1.5472
2020-11-26,0.17,0.1463,1.5145
2020-11-27,0.1637,0.1457,1.497
2020-11-30,0.1633,0.1523,1.4851
2020-12-01,0.1502,0.156,1.5185
2020-12-02,0.1535,0.1608,1.6295
2020-12-03,0.1582,0.1476,1.6871
2020-12-04,0.1583,0.148,1.6399
2020-12-07,0.1582,0.1396,1.7242
2020-12-08,0.1539,0.1425,1.7013
2020-12-09,0.1501,0.1843,1.705
2020-12-10,0.1352,0.1408,1.6351
2020-12-11,0.1409,0.1333,1.6237
2020-12-14,0.1474,0.1184,1.5886
2020-12-15,0.1373,0.1306,1.5764
2020-12-16,0.1513,0.1204,1.5724
2020-12-17,0.16,0.1126,1.5963
2020-12-18,0.1616,0.1149,1.5968
2020-12-21,0.1379,0.1192,1.5626
2020-12-22,0.1344,0.1236,1.5596
2020-12-23,0.1405,0.1294,1.5223
2020-12-24,0.1458,0.1389,1.6353
2020-12-29,0.1404,0.1344,1.5911
2020-12-30,0.1326,0.1407,1.6226
2020-12-31,0.1208,0.1377,1.6127
2021-01-04,0.1211,0.1463,1.6297
2021-01-05,0.1211,0.1574,1.567
2021-01-06,0.1186,0.2166,1.7016
2021-01-07,0.1163,0.164,1.7264
2021-01-08,0.1173,0.1638,1.7895
2021-01-11,0.1156,0.1611,1.7605
2021-01-12,0.1251,0.1622,1.8237
2021-01-13,0.1317,0.1611,1.7535
2021-01-14,0.1245,0.1597,1.7433
2021-01-15,0.1241,0.1461,1.7302
2021-01-18,0.1233,0.1449,1.7108
2021-01-19,0.1243,0.1548,1.7537
2021-01-20,0.125,0.1532,1.7392
2021-01-21,0.1232,0.1542,1.7035
2021-01-22,0.1317,0.1611,1.8047
2021-01-25,0.1273,0.1518,1.7674
2021-01-27,0.1349,0.152,1.7536
2021-01-28,0.1322,0.1516,1.7322
2021-01-29,0.1365,0.1518,1.8246
2021-02-01,0.1424,0.1531,1.8592
2021-02-02,0.1436,0.1469,1.8739
2021-02-03,0.1458,0.1317,1.9123
2021-02-04,0.1529,0.1336,1.9928
2021-02-05,0.1417,0.134,1.9345
2021-02-08,0.138,0.131,2.0665
2021-02-09,0.1352,0.1326,1.9966
2021-02-10,0.1364,0.1275,1.9785
2021-02-11,0.1343,0.1263,1.9169
2021-02-12,0.1355,0.1377,1.9789
2021-02-15,0.143,0.1396,2.1515
2021-02-16,0.1468,0.1382,2.143
2021-02-17,0.1562,0.1445,2.266
2021-02-18,0.1651,0.136,2.2015
2021-02-19,0.1787,0.1411,2.298
2021-02-22,0.1939,0.1397,2.5391
2021-02-23,0.1855,0.1369,2.4759
2021-02-24,0.1808,0.1423,2.5464
2021-02-25,0.1739,0.1349,2.7133
2021-02-26,0.1585,0.1296,2.9759
2021-03-01,0.1676,0.1319,2.6168
2021-03-02,0.1565,0.1253,2.6871
2021-03-03,0.1587,0.1229,2.6111
2021-03-04,0.1821,0.1464,2.7333
2021-03-05,0.1859,0.1435,2.8217
2021-03-08,0.1898,0.1427,2.7328
2021-03-09,0.1534,0.1144,2.7535
2021-03-10,0.1404,0.096,2.6462
2021-03-11,0.1268,0.0841,2.5938
2021-03-12,0.1482,0.092,2.6869
2021-03-15,0.1249,0.0904,2.835
2021-03-16,0.124,0.0921,2.6914
2021-03-17,0.1203,0.0907,2.7275
2021-03-18,0.1296,0.1174,2.8022
2021-03-19,0.1309,0.1336,2.811
2021-03-22,0.125,0.1402,2.7681
2021-03-23,0.1158,0.1503,2.7384
2021-03-24,0.1187,0.1446,2.6291
2021-03-25,0.1116,0.1385,2.6689
2021-03-26,0.1069,0.1342,2.625
2021-03-29,0.104,0.1478,2.6836
2021-03-30,0.1097,0.1718,2.8045
2021-03-31,0.1096,0.173,2.819
2021-04-01,0.1096,0.1639,2.8242
2021-04-06,0.1083,0.1634,2.7391
2021-04-07,0.1058,0.1653,2.6937
2021-04-08,0.105,0.1609,2.6826
2021-04-09,0.1025,0.1589,2.7018
2021-04-12,0.1039,0.1548,2.729
2021-04-13,0.1012,0.1627,2.7803
2021-04-14,0.1011,0.1599,2.6763
2021-04-15,0.102,0.161,2.6975
2021-04-16,0.1008,0.1603,2.6317
2021-04-19,0.1015,0.1577,2.6034
2021-04-20,0.1003,0.1548,2.7003
2021-04-21,0.0972,0.1589,2.6314
2021-04-22,0.0961,0.164,2.5627
2021-04-23,0.0951,0.1691,2.6095
2021-04-26,0.0952,0.1825,2.6374
2021-04-27,0.0947,0.1864,2.6164
2021-04-28,0.094,0.1947,2.6217
2021-04-29,0.0946,0.193,2.6093
2021-04-30,0.1,0.1706,2.6636
2021-05-03,0.1019,0.1657,2.6762
2021-05-04,0.1089,0.1621,2.6831
2021-05-05,0.1108,0.1667,2.6539
2021-05-06,0.1191,0.1514,2.5943
2021-05-07,0.1097,0.1472,2.5616
2021-05-10,0.1047,0.1555,2.6202
2021-05-11,0.0965,0.1493,2.6393
2021-05-12,0.1048,0.1672,2.7124
2021-05-13,0.1056,0.1731,2.7572
2021-05-14,0.1103,0.1746,2.719
2021-05-17,0.1133,0.1818,2.6424
2021-05-18,0.1165,0.1831,2.6836
2021-05-19,0.1174,0.185,2.6675
2021-05-20,0.1229,0.1912,2.674
2021-05-21,0.1237,0.1796,2.6369
2021-05-24,0.1223,0.1737,2.5913
2021-05-25,0.1191,0.1656,2.5748
2021-05-26,0.1134,0.1899,2.5405
2021-05-27,0.1061,0.1829,2.465
2021-05-28,0.1106,0.1965,2.5458
2021-05-31,0.1017,0.1944,2.5829
2021-06-01,0.0858,0.1967,2.5512
2021-06-02,0.0859,0.2043,2.5241
2021-06-03,0.0709,0.1911,2.5105
2021-06-04,0.0818,0.2349,2.5201
2021-06-07,0.0837,0.2494,2.4475
2021-06-08,0.0901,0.2496,2.402
2021-06-09,0.0653,0.2521,2.3654
2021-06-10,0.0263,0.2448,2.2426
2021-06-11,0.0069,0.2541,2.258
2021-06-15,0.0115,0.2592,2.2706
2021-06-16,0.0139,0.2774,2.3467
2021-06-17,0.0362,0.414,2.4324
2021-06-18,0.1251,0.4238,2.3084
2021-06-21,0.1623,0.4466,2.154
2021-06-22,0.1496,0.466,2.2756
2021-06-23,0.154,0.4457,2.2452
2021-06-24,0.145,0.4441,2.2687
2021-06-25,0.1504,0.4892,2.2304
2021-06-28,0.1488,0.4691,2.2959
2021-06-29,0.1414,0.464,2.2229
2021-06-30,0.1378,0.4649,2.2076
2021-07-01,0.1183,0.47,2.1931
2021-07-02,0.1171,0.4484,2.1318
2021-07-05,0.1179,0.4422,2.069
2021-07-06,0.1357,0.5432,2.0727
2021-07-07,0.133,0.4916,1.9772
2021-07-08,0.1291,0.44,1.8855
2021-07-09,0.123,0.4402,1.9602
2021-07-12,0.114,0.3891,1.9197
2021-07-13,0.1166,0.3839,1.9431
2021-07-14,0.0962,0.3906,1.9499
2021-07-15,0.096,0.3573,1.8793
2021-07-16,0.091,0.3654,1.8672
2021-07-19,0.081,0.3555,1.8243
2021-07-20,0.0616,0.3105,1.7422
2021-07-21,0.0627,0.2989,1.7144
2021-07-22,0.0588,0.3306,1.7444
2021-07-23,0.0589,0.348,1.7451
2021-07-26,0.0688,0.3496,1.7293
2021-07-27,0.0645,0.3584,1.7746
2021-07-28,0.0562,0.3309,1.6985
2021-07-29,0.0532,0.3333,1.7044
2021-07-30,0.0574,0.3506,1.7444
2021-08-03,0.0526,0.3782,1.6951
2021-08-04,0.0486,0.3837,1.6795
2021-08-05,0.0587,0.4012,1.6827
2021-08-06,0.0777,0.4325,1.7227
2021-08-09,0.0767,0.4691,1.7401
2021-08-10,0.0789,0.4769,1.735
2021-08-11,0.0804,0.4908,1.7625
2021-08-12,0.0776,0.4619,1.7163
2021-08-13,0.0769,0.4742,1.7652
2021-08-16,0.0653,0.4085,1.696
2021-08-17,0.0571,0.3667,1.6749
2021-08-18,0.0527,0.349,1.6859
2021-08-19,0.0513,0.3002,1.5993
2021-08-20,0.0245,0.2886,1.615
2021-08-23,0.0244,0.3165,1.637
2021-08-24,0.0279,0.3768,1.7095
2021-08-25,0.0343,0.4067,1.7043
2021-08-26,0.0355,0.4452,1.7386
2021-08-27,0.0362,0.4723,1.7214
2021-08-30,0.0327,0.4073,1.6983
2021-08-31,0.0156,0.433,1.6833
2021-09-01,0.0149,0.5272,1.8076
2021-09-02,0.0131,0.5077,1.7503
2021-09-03,0.0123,0.5205,1.7755
2021-09-06,0.0123,0.5396,1.8288
2021-09-07,0.0142,0.5451,1.8259
2021-09-08,0.0158,0.5677,1.8852
2021-09-09,0.0149,0.561,1.8377
2021-09-10,0.0117,0.5138,1.7754
2021-09-13,0.0085,0.5143,1.8718
2021-09-14,0.0069,0.457,1.8548
2021-09-15,0.01,0.3999,1.7964
2021-09-16,0.011,0.4575,1.8767
2021-09-17,0.0106,0.5015,1.9298
2021-09-20,0.0105,0.5069,1.9262
2021-09-21,0.0105,0.4715,1.8812
2021-09-22,0.0124,0.4701,1.8512
2021-09-23,0.0113,0.5166,1.8511
2021-09-24,0.0205,0.6344,2.0462
2021-09-27,0.0275,0.6295,2.0642
2021-09-28,0.0423,0.6727,2.1529
2021-09-29,0.0428,0.6514,2.1647
2021-09-30,0.0516,0.6663,2.1742
2021-10-01,0.058,0.7148,2.1645
2021-10-05,0.111,0.7263,2.2074
2021-10-06,0.1347,0.8007,2.3442
2021-10-07,0.1393,0.8887,2.2821
2021-10-08,0.1375,1.0079,2.3237
2021-10-11,0.3714,1.0553,2.4229
2021-10-12,0.1552,1.2726,2.3941
2021-10-13,0.1571,1.224,2.3503
2021-10-14,0.1604,1.2289,2.2399
2021-10-15,0.1679,1.3184,2.263
2021-10-18,0.1757,1.7937,2.2866
2021-10-19,0.1771,1.7407,2.2532
2021-10-20,0.1761,1.7158,2.4005
2021-10-21,0.2026,1.6126,2.3878
2021-10-22,0.1437,1.7069,2.3894
2021-10-25,0.1511,1.7457,2.3663
2021-10-26,0.1885,1.8085,2.3746
2021-10-27,0.2768,2.1414,2.2558
2021-10-28,0.7248,2.1807,2.1985
2021-10-29,0.9968,2.1621,2.5999
2021-11-01,0.9482,1.6625,2.4386
2021-11-02,0.945,1.5492,2.4369
2021-11-03,0.8821,1.5642,2.3685
2021-11-04,0.9228,1.672,2.2864
2021-11-05,0.8962,1.6303,2.2791
2021-11-08,0.8528,1.5136,2.2191
2021-11-09,0.846,1.5746,2.2459
2021-11-10,0.8506,1.5972,2.1475
2021-11-11,1.0088,1.7953,2.2006
2021-11-12,1.0132,1.84,2.1466
2021-11-15,0.9581,1.7321,2.1456
2021-11-16,0.9984,1.8251,2.2223
2021-11-17,0.9501,1.7977,2.2995
2021-11-18,0.9177,1.7545,2.2076
2021-11-19,0.9259,1.7383,2.2276
2021-11-22,0.9438,1.7568,2.1932
2021-11-23,1.0014,1.8323,2.2875
2021-11-24,0.9109,1.8548,2.2808
2021-11-25,0.933,1.9739,2.2653
2021-11-26,0.9006,1.6967,2.118
2021-11-29,0.8759,1.6916,2.1427
2021-11-30,0.7981,1.5957,2.077
2021-12-01,0.8499,1.7161,2.1029
2021-12-02,0.8694,1.7127,2.0165
2021-12-03,0.8475,1.652,1.9157
2021-12-06,0.828,1.6178,1.8911
2021-12-07,0.8684,1.8319,1.9345
2021-12-08,0.8696,1.8168,1.8769
2021-12-09,0.8456,1.8308,1.9895
2021-12-10,0.819,1.7776,1.9298
2021-12-13,0.7996,1.7238,1.8948
2021-12-14,0.779,1.6413,1.8189
2021-12-15,0.8112,1.7662,1.8126
2021-12-16,0.8628,1.8617,1.7756
2021-12-17,0.8714,1.8441,1.8091
2021-12-20,0.8037,1.817,1.7609
2021-12-21,0.803,1.8437,1.8544
2021-12-22,0.7198,1.7166,1.8834
2021-12-23,0.7275,1.7458,1.884
2021-12-24,0.7292,1.7473,1.8576
2021-12-29,0.7119,1.6252,1.8248
2021-12-30,0.7414,1.7686,1.9531
2021-12-31,0.7613,1.8439,1.9927
2022-01-04,0.8189,1.9117,2.063
2022-01-05,0.8122,1.8877,2.1177
2022-01-06,0.8844,1.9612,2.2158
2022-01-07,0.8729,1.9011,2.2134
2022-01-10,0.8857,1.9509,2.3135
2022-01-11,0.8796,1.9045,2.279
2022-01-12,0.8658,1.8755,2.2171
2022-01-13,0.8978,1.8674,2.2251
2022-01-14,0.9266,1.933,2.1866
2022-01-17,1.0059,1.9962,2.2598
2022-01-18,1.0836,2.0312,2.2845
2022-01-19,1.1314,2.0962,2.3395
2022-01-20,1.1714,2.1638,2.3061
2022-01-21,1.1157,2.0513,2.2353
2022-01-24,1.1448,2.1134,2.2405
2022-01-25,1.2154,2.181,2.2163
2022-01-27,1.3054,2.2752,2.3035
2022-01-28,1.2604,2.1721,2.2126
2022-01-31,1.1712,2.0208,2.2164
2022-02-01,1.1715,2.1095,2.2121
2022-02-02,1.2016,2.1248,2.222
2022-02-03,1.1886,2.0961,2.1642
2022-02-04,1.2945,2.2088,2.2633
2022-02-07,1.3713,2.3112,2.2623
2022-02-08,1.4627,2.4444,2.4182
2022-02-09,1.4575,2.4327,2.3951
2022-02-10,1.4559,2.4126,2.4098
2022-02-11,1.5866,2.6161,2.4907
2022-02-14,1.5488,2.4941,2.4143
2022-02-15,1.637,2.5179,2.4546
2022-02-16,1.6667,2.5184,2.523
2022-02-17,1.6257,2.5085,2.5066
2022-02-18,1.6475,2.5493,2.5627
2022-02-21,1.6289,2.5177,2.5248
2022-02-22,1.6403,2.4947,2.4891
2022-02-23,1.7279,2.6426,2.5455
2022-02-24,1.6321,2.5184,2.4163
2022-02-25,1.6886,2.5983,2.5097
2022-02-28,1.5564,2.4408,2.4364
2022-03-01,1.5701,2.4515,2.5183
2022-03-02,1.4504,2.3332,2.3923
2022-03-03,1.5438,2.4741,2.4851
2022-03-04,1.5577,2.4755,2.4425
2022-03-07,1.5701,2.4607,2.4198
2022-03-08,1.6733,2.5854,2.5202
2022-03-09,1.7415,2.7145,2.6016
2022-03-10,1.7872,2.7871,2.6512
2022-03-11,1.819,2.8339,2.6803
2022-03-14,1.8661,2.8704,2.759
2022-03-15,1.8628,2.9122,2.8472
2022-03-16,1.8041,2.8554,2.8452
2022-03-17,1.8813,2.9406,2.8185
2022-03-18,1.9418,3.0018,2.9065
2022-03-21,1.9465,3.0531,2.9066
2022-03-22,2.1575,3.3068,3.0035
2022-03-23,2.178,3.4278,3.0669
2022-03-24,2.1228,3.6048,3.0468
2022-03-25,2.2319,3.4906,3.0491
2022-03-28,2.532,3.6256,3.1199
2022-03-29,2.6944,3.6181,3.058
2022-03-30,2.5895,3.4014,2.9768
2022-03-31,2.5665,3.4088,3.0711
2022-04-01,2.6095,3.4779,3.0174
2022-04-04,2.6195,3.4601,3.0293
2022-04-05,2.7313,3.5185,2.9932
2022-04-06,2.8825,3.4672,3.0723
2022-04-07,2.8855,3.3592,3.0759
2022-04-08,2.9111,3.369,3.1635
2022-04-11,2.9164,3.3067,3.2613
2022-04-12,2.9721,3.3494,3.3616
2022-04-13,2.9005,3.2635,3.3931
2022-04-14,2.7781,3.075,3.3124
2022-04-19,2.8983,3.1731,3.4034
2022-04-20,2.9786,3.2606,3.4182
2022-04-21,3.0343,3.2708,3.3285
2022-04-22,3.1247,3.3193,3.3355
2022-04-26,3.0769,3.2487,3.3246
2022-04-27,3.0561,3.2639,3.245
2022-04-28,3.0627,3.2194,3.2972
2022-04-29,3.0614,3.2257,3.3439
2022-05-02,3.2131,3.3632,3.497
2022-05-03,3.4288,3.5284,3.5931
2022-05-04,3.3939,3.6018,3.7709
2022-05-05,3.3094,3.4358,3.6335
2022-05-06,3.3529,3.5526,3.7192
2022-05-09,3.3846,3.5873,3.8681
2022-05-10,3.3449,3.5756,3.9026
2022-05-11,3.2979,3.5132,3.8392
2022-05-12,3.2326,3.4389,3.7441
2022-05-13,3.1449,3.3438,3.7567
2022-05-16,3.1623,3.3748,3.7076
2022-05-17,3.1607,3.4284,3.7194
2022-05-18,3.1859,3.4505,3.8016
2022-05-19,3.1109,3.4464,3.7069
2022-05-20,3.0732,3.3935,3.6122
2022-05-23,3.0827,3.4143,3.6276
2022-05-24,3.0766,3.4557,3.5999
2022-05-25,2.9397,3.3925,3.5317
2022-05-26,2.904,3.3902,3.4602
2022-05-27,2.925,3.4284,3.5308
2022-05-30,2.8956,3.4706,3.5261
2022-05-31,2.976,3.5558,3.629
2022-06-01,3.0386,3.5989,3.7032
2022-06-02,3.1314,3.6757,3.7721
2022-06-03,3.1134,3.627,3.7707
2022-06-06,3.1538,3.6721,3.7508
2022-06-07,3.2655,3.7907,3.7707
2022-06-08,3.1994,3.757,3.7908
2022-06-09,3.1848,3.8188,3.8883
2022-06-10,3.2007,3.8605,3.9886
2022-06-14,3.5862,4.1747,4.2394
2022-06-15,3.8505,4.431,4.4859
2022-06-16,3.6573,4.1043,4.2743
2022-06-17,3.8212,4.2559,4.4106
2022-06-20,3.7712,4.2463,4.3208
2022-06-21,3.6954,4.3089,4.3424
2022-06-22,3.5823,4.2879,4.2787
2022-06-23,3.4212,4.1765,4.1294
2022-06-24,3.2284,4.0488,4.0066
2022-06-27,3.3068,4.1311,4.0478
2022-06-28,3.2616,4.1557,3.9892
2022-06-29,3.1674,4.0824,3.956
2022-06-30,3.031,4.0121,3.9642
2022-07-01,2.8379,3.8451,3.9611
2022-07-04,2.7751,3.7979,3.9348
2022-07-05,2.7868,3.7827,3.9207
2022-07-06,2.6983,3.6761,3.7246
2022-07-07,2.7746,3.6888,3.8064
2022-07-08,2.8629,3.6941,3.7969
2022-07-11,2.9084,3.6747,3.8383
2022-07-12,2.8093,3.5794,3.7447
2022-07-13,2.7884,3.5879,3.7009
2022-07-14,2.8555,3.7129,3.6653
2022-07-15,2.8634,3.7119,3.6713
2022-07-18,2.969,3.7129,3.6834
2022-07-19,3.085,3.7992,3.7351
2022-07-20,3.1382,3.8286,3.7621
2022-07-21,3.1556,3.8497,3.8011
2022-07-22,3.0498,3.7161,3.648
2022-07-25,2.9774,3.6123,3.5507
2022-07-26,3.0006,3.5925,3.5372
2022-07-27,2.8869,3.4641,3.4707
2022-07-28,2.8384,3.3629,3.4438
2022-07-29,2.6292,3.1074,3.3267
2022-08-01,2.6612,3.1424,3.3389
2022-08-02,2.6281,2.987,3.2183
2022-08-03,2.765,3.0789,3.2956
2022-08-04,2.8247,3.1536,3.3682
2022-08-05,2.7502,3.1374,3.2854
2022-08-08,2.8439,3.3235,3.4095
2022-08-09,2.8381,3.2963,3.3603
2022-08-10,2.8913,3.3413,3.4261
2022-08-11,2.9236,3.3717,3.4846
2022-08-12,3.0418,3.4829,3.6469
2022-08-15,2.9963,3.4242,3.5721
2022-08-16,2.8591,3.304,3.4304
2022-08-17,2.9414,3.3665,3.4665
2022-08-18,3.014,3.4144,3.5396
2022-08-19,3.0878,3.4782,3.621
2022-08-22,3.2169,3.5869,3.7389
2022-08-23,3.307,3.6527,3.7869
2022-08-24,3.2828,3.6387,3.8882
2022-08-25,3.3511,3.6909,3.932
2022-08-26,3.2521,3.6161,3.823
2022-08-29,3.4311,3.7844,3.872
2022-08-30,3.3289,3.6802,3.8343
2022-08-31,3.2808,3.6302,3.8647
2022-09-01,3.3696,3.7143,3.9533
2022-09-02,3.3329,3.6783,3.9259
2022-09-05,3.3255,3.6562,3.9232
2022-09-06,3.2937,3.6407,3.9302
2022-09-07,3.3242,3.6586,4.0023
2022-09-08,3.1428,3.4324,3.8926
2022-09-09,3.1654,3.4444,3.8632
2022-09-12,3.2654,3.5292,3.935
2022-09-13,3.1887,3.4905,3.8629
2022-09-14,3.2956,3.5858,3.9091
2022-09-15,3.3926,3.6632,3.9318
2022-09-16,3.4941,3.7481,3.9344
2022-09-19,3.446,3.7013,3.8919
2022-09-20,3.3976,3.653,3.8394
2022-09-21,3.3825,3.6514,3.9018
2022-09-23,3.6842,3.9327,4.1231
2022-09-26,3.8577,4.064,4.1488
2022-09-27,3.7932,4.0238,4.2353
2022-09-28,3.8093,4.0514,4.347
2022-09-29,3.6953,3.9499,4.1497
2022-09-30,3.6059,3.8765,4.0985
2022-10-04,3.269,3.5482,4.0344
2022-10-05,3.2246,3.538,3.8952
2022-10-06,3.3745,3.6692,4.0479
2022-10-07,3.4469,3.7668,4.129
2022-10-10,3.4517,3.7811,4.1582
2022-10-11,3.6111,3.8991,4.366
2022-10-12,3.5112,3.824,4.2654
2022-10-13,3.4793,3.8136,4.3707
2022-10-14,3.5772,3.8923,4.3204
2022-10-17,3.565,3.8762,4.3451
2022-10-18,3.4618,3.753,4.2273
2022-10-19,3.5406,3.7768,4.2287
2022-10-20,3.6941,3.8789,4.3375
2022-10-21,3.8843,3.9981,4.4825
2022-10-24,3.7054,3.8239,4.5007
2022-10-25,3.6507,3.7654,4.4121
2022-10-26,3.5283,3.6692,4.2101
2022-10-27,3.3833,3.5312,4.1349
2022-10-28,3.2733,3.4259,4.0356
2022-10-31,3.296,3.4149,4.062
2022-11-01,3.2594,3.3773,4.1084
2022-11-02,3.3583,3.4882,4.1137
2022-11-03,3.4895,3.6301,4.2212
2022-11-04,3.3628,3.5116,4.1817
2022-11-07,3.3726,3.548,4.2597
2022-11-08,3.5506,3.7105,4.3746
2022-11-09,3.3912,3.5942,4.1589
2022-11-10,3.2052,3.4337,4.0116
2022-11-11,3.0836,3.3284,3.9755
2022-11-14,3.2103,3.436,4.0943
2022-11-15,3.2381,3.4648,4.065
2022-11-16,3.1939,3.4214,4.0329
2022-11-17,3.0981,3.3446,3.8926
2022-11-18,3.1263,3.3764,3.8715
2022-11-21,3.1112,3.385,3.8324
2022-11-22,3.1641,3.4066,3.8304
2022-11-23,3.202,3.4648,3.7962
2022-11-24,3.1683,3.404,3.747
2022-11-25,3.221,3.4134,3.7799
2022-11-28,3.1441,3.3337,3.7257
2022-11-29,3.2022,3.356,3.858
2022-11-30,3.1207,3.2778,3.7794
2022-12-01,3.0366,3.1674,3.7451
2022-12-02,2.9603,3.0854,3.6442
2022-12-05,2.9537,3.0838,3.6089
2022-12-06,3.0247,3.1268,3.6051
2022-12-07,3.0216,3.0723,3.5454
2022-12-08,3.0336,3.0273,3.5672
2022-12-09,2.9753,2.9827,3.4754
2022-12-12,3.0195,3.0556,3.5879
2022-12-13,3.063,3.1464,3.5847
2022-12-14,3.0149,3.0701,3.5538
2022-12-15,3.1153,3.1714,3.6602
2022-12-16,3.0976,3.1626,3.6745
2022-12-19,3.1687,3.2144,3.7685
2022-12-20,3.3002,3.352,4.0257
2022-12-21,3.2051,3.3078,4.0747
2022-12-22,3.274,3.3903,4.1495
2022-12-23,3.3324,3.4514,4.168
2022-12-28,3.5427,3.6822,4.3847
2022-12-29,3.5207,3.6984,4.3715
2022-12-30,3.5253,3.7095,4.4099
2023-01-03,3.4779,3.6805,4.3427
2023-01-04,3.4266,3.6159,4.2108
2023-01-05,3.4242,3.5921,4.0978
2023-01-06,3.4459,3.6032,4.0596
2023-01-09,3.2843,3.4108,3.9855
2023-01-10,3.2567,3.4006,3.9842
2023-01-11,3.2568,3.4336,3.9761
2023-01-12,3.098,3.2713,3.8619
2023-01-13,3.1178,3.2651,3.8648
2023-01-16,3.1124,3.2743,3.8671
2023-01-17,3.0946,3.2653,3.8946
2023-01-18,3.0355,3.2267,3.8245
2023-01-19,2.7854,3.0045,3.5988
2023-04-24,2.877,3.073,3.6941
2023-04-26,2.675,2.8986,3.5779
2023-04-27,2.7638,2.9595,3.6378
2023-04-28,2.7071,2.9238,3.6003
2023-05-01,2.688,2.9342,3.6249
2023-05-02,2.8339,3.0525,3.6594
2023-05-03,2.8241,2.9424,3.648
2023-05-04,2.6715,2.7588,3.5788
2023-05-05,2.6443,2.7304,3.6184
2023-05-08,2.7683,2.8558,3.6774
2023-05-09,2.831,2.8641,3.745
2023-05-10,2.9253,2.8727,3.7316
2023-05-11,2.8984,2.8271,3.6667
2023-05-12,2.867,2.7477,3.5936
2023-05-15,2.9679,2.8555,3.709
2023-05-16,2.952,2.8212,3.6798
2023-05-17,3.0025,2.8346,3.698
2023-05-18,3.1225,2.8796,3.7491
2023-05-19,3.2441,3.0062,3.8468
2023-05-22,3.2289,3.0041,3.8475
2023-05-23,3.3267,3.0784,3.9073
2023-05-24,3.2641,3.0525,3.9281
2023-05-25,3.3606,3.1175,3.9702
2023-05-26,3.3857,3.1745,4.0003
2023-05-29,3.3585,3.1645,3.9556
2023-05-30,3.3481,3.1583,3.9196
2023-05-31,3.2624,3.0569,3.8371
2023-06-01,3.3032,3.0233,3.8493
2023-06-02,3.3551,3.047,3.8662
2023-06-05,3.5032,3.2363,4.007
2023-06-06,3.5823,3.3065,3.9967
2023-06-07,3.6166,3.3767,4.0001
2023-06-08,3.8144,3.5741,4.1858
2023-06-09,3.7565,3.5248,4.1111
2023-06-13,3.7774,3.528,4.0825
2023-06-14,3.8812,3.6307,4.0836
2023-06-15,3.9717,3.7214,4.0724
2023-06-16,3.9876,3.71,4.1151
2023-06-19,3.9687,3.6961,4.0329
2023-06-20,3.9515,3.6797,4.1442
2023-06-21,3.9029,3.6488,4.092
2023-06-22,3.9233,3.675,4.0598
2023-06-23,3.9809,3.7103,4.0476
2023-06-26,3.8784,3.6403,4.0406
2023-06-27,3.8651,3.6101,4.0211
2023-06-28,3.8104,3.5541,3.9605
2023-06-29,3.8717,3.6176,3.9678
2023-06-30,4.0139,3.7389,4.0979
2023-07-03,3.9473,3.6795,4.0315
2023-07-04,3.9917,3.7154,4.0809
2023-07-05,3.9897,3.7046,4.0717
2023-07-06,4.1461,3.8307,4.1867
2023-07-07,4.2866,3.9778,4.3218
2023-07-10,4.2669,3.9705,4.3815
2023-07-11,4.14,3.8735,4.2738
2023-07-12,4.0721,3.8418,4.2128
2023-07-13,3.9359,3.751,4.1601
2023-07-14,3.8616,3.6834,4.1155
2023-07-17,3.8688,3.6882,4.0922
2023-07-18,3.8502,3.6564,4.1017
2023-07-19,3.7421,3.5789,3.9794
2023-07-20,3.8878,3.6993,4.0472
2023-07-21,3.9325,3.7388,4.1211
2023-07-24,3.9004,3.711,4.1194
2023-07-25,3.9663,3.7704,4.1455
2023-07-26,3.8974,3.7086,4.1613
2023-07-27,3.7875,3.5895,4.0795
2023-07-28,3.8597,3.7083,4.2634
2023-07-31,3.8337,3.6496,4.266
2023-08-01,3.6899,3.5432,4.2077
2023-08-02,3.6751,3.5837,4.2767
2023-08-03,3.6989,3.5981,4.3926
2023-08-04,3.8186,3.7226,4.4695
2023-08-07,3.7539,3.6685,4.4007
2023-08-08,3.6247,3.5567,4.2647
2023-08-09,3.6258,3.5608,4.2345
2023-08-10,3.676,3.6082,4.2836
2023-08-11,3.7294,3.6729,4.3557
2023-08-14,3.828,3.7638,4.4404
2023-08-15,3.9097,3.8413,4.5094
2023-08-16,3.8514,3.7919,4.4549
2023-08-17,3.936,3.8628,4.5998
2023-08-18,3.8425,3.7742,4.5037
2023-08-21,3.8525,3.7906,4.5478
2023-08-22,3.8559,3.8252,4.5482
2023-08-23,3.8,3.7905,4.4496
2023-08-24,3.7195,3.7132,4.3633
2023-08-25,3.7698,3.7358,4.4083
2023-08-28,3.7861,3.7203,4.3681
2023-08-29,3.7588,3.6412,4.3244
2023-08-30,3.7132,3.6109,4.3024
2023-08-31,3.6553,3.5563,4.265
2023-09-01,3.6405,3.5533,4.2412
2023-09-04,3.7041,3.6531,4.3337
2023-09-05,3.7018,3.6843,4.4068
2023-09-06,3.6865,3.6716,4.4053
2023-09-07,3.7448,3.7293,4.4238
2023-09-08,3.6664,3.6507,4.3417
2023-09-11,3.7276,3.7286,4.4383
2023-09-12,3.7374,3.7505,4.4429
2023-09-13,3.7451,3.7629,4.4057
2023-09-14,3.7188,3.7227,4.3649
2023-09-15,3.7191,3.7363,4.3431
2023-09-18,3.8139,3.8201,4.4767
2023-09-19,3.7858,3.7943,4.4107
2023-09-20,3.8565,3.8484,4.4564
2023-09-21,3.981,3.9577,4.5258
2023-09-22,3.97,3.9466,4.5984
2023-09-25,3.9294,3.9095,4.5786
2023-09-26,3.993,3.9896,4.6885
2023-09-27,3.9577,3.9809,4.6652
2023-09-28,4.0276,4.06,4.7536
2023-09-29,3.9959,4.0221,4.8245
2023-10-03,4.0003,4.0063,4.9094
2023-10-04,4.0662,4.0771,5.0712
2023-10-05,3.9588,3.9474,4.9922
2023-10-06,3.9121,3.9092,4.9681
2023-10-09,3.8612,3.8478,4.963
2023-10-10,3.8175,3.8184,4.8717
2023-10-11,3.8743,3.7803,4.8088
2023-10-12,3.8544,3.726,4.729
2023-10-13,3.901,3.7458,4.865
2023-10-16,3.9075,3.7535,4.844
2023-10-17,4.0665,3.9017,4.8966
2023-10-18,4.1743,3.9711,5.0118
2023-10-19,4.2274,4.0762,5.1886
2023-10-20,4.2037,4.0349,5.1407
2023-10-23,4.1973,4.0606,5.1928
2023-10-24,4.0989,3.9925,5.0822
2023-10-25,4.2252,4.0615,5.0656
2023-10-26,4.3209,4.1994,5.2672
2023-10-27,4.2953,4.1746,5.1805
2023-10-30,4.3563,4.2195,5.2515
2023-10-31,4.4001,4.2766,5.3168
2023-11-01,4.3999,4.3031,5.3462
2023-11-02,4.2494,4.1746,5.1592
2023-11-03,4.2207,4.1326,5.0668
2023-11-06,4.2012,4.1215,5.0749
2023-11-07,4.1663,4.1115,5.046
2023-11-08,4.0704,4.0109,4.9171
2023-11-09,4.0719,4.0172,4.8378
2023-11-10,4.1818,4.1172,4.9331
2023-11-13,4.2437,4.1673,4.9811
2023-11-14,4.2439,4.166,4.972
2023-11-15,4.0971,4.0351,4.8338
2023-11-16,4.0899,4.0481,4.87
2023-11-17,4.0042,3.9398,4.791
2023-11-20,4.0324,3.9961,4.831
2023-11-21,3.9946,3.9628,4.7529
2023-11-22,3.982,3.9485,4.7559
2023-11-23,4.0437,4.0102,4.7747
2023-11-24,4.0994,4.0698,4.8507
2023-11-27,4.11,4.1026,4.8614
2023-11-28,4.0419,4.0221,4.7843
2023-11-29,3.8851,3.8453,4.6622
2023-11-30,3.8823,3.8319,4.7501
2023-12-01,3.9593,3.906,4.8431
2023-12-04,3.905,3.8679,4.7938
2023-12-05,3.8613,3.8245,4.7686
2023-12-06,3.7343,3.7023,4.6294
2023-12-07,3.7788,3.7468,4.7029
2023-12-08,3.748,3.726,4.6326
2023-12-11,3.8093,3.7892,4.6735
2023-12-12,3.7964,3.7823,4.6593
2023-12-13,3.7906,3.7677,4.5943
2023-12-14,3.5768,3.5573,4.4688
2023-12-15,3.608,3.6091,4.4559
2023-12-18,3.5197,3.5409,4.3778
2023-12-19,3.5872,3.6106,4.427
2023-12-20,3.5336,3.5453,4.3545
2023-12-21,3.4909,3.5068,4.3326
2023-12-22,3.4824,3.4935,4.3175
2023-12-27,3.4355,3.4542,4.2911
2023-12-28,3.3857,3.3902,4.188
2023-12-29,3.4385,3.4336,4.2726
2024-01-02,3.4801,3.4546,4.3235
2024-01-03,3.5648,3.5167,4.3561
2024-01-04,3.5604,3.5172,4.3647
2024-01-05,3.63,3.5885,4.4589
2024-01-08,3.6728,3.6259,4.4705
2024-01-09,3.5865,3.5501,4.426
2024-01-10,3.5902,3.5602,4.4438
2024-01-11,3.579,3.5454,4.4307
2024-01-12,3.4989,3.4844,4.4154
2024-01-15,3.4691,3.4659,4.4378
2024-01-16,3.5506,3.5441,4.5167
2024-01-17,3.6054,3.6162,4.5796
2024-01-18,3.6841,3.6845,4.6297
2024-01-19,3.7136,3.7057,4.6679
2024-01-22,3.6873,3.6713,4.5768
2024-01-23,3.6368,3.6143,4.5493
2024-01-24,3.6461,3.6425,4.6042
2024-01-25,3.6482,3.6386,4.6305
2024-01-29,3.5744,3.5938,4.6173
2024-01-30,3.5326,3.5396,4.5217
2024-01-31,3.363,3.3913,4.4078
2024-02-01,3.3537,3.3882,4.4037
2024-02-02,3.3322,3.3641,4.3536
2024-02-05,3.4829,3.5081,4.4627
2024-02-06,3.512,3.5267,4.5044
2024-02-07,3.4569,3.4971,4.4683
2024-02-08,3.4841,3.5106,4.4872
2024-02-09,3.5153,3.5471,4.5012
2024-02-12,3.5829,3.611,4.5187
2024-02-13,3.5947,3.6187,4.5271
2024-02-14,3.7109,3.7359,4.6204
2024-02-15,3.5649,3.6103,4.4926
2024-02-16,3.62,3.6613,4.5562
2024-02-19,3.6001,3.6388,4.5254
2024-02-20,3.5837,3.6348,4.5522
2024-02-21,3.5533,3.6196,4.5511
2024-02-22,3.5577,3.624,4.5185
2024-02-23,3.6152,3.6841,4.5517
2024-02-26,3.5228,3.6106,4.4404
2024-02-27,3.5328,3.6179,4.4865
2024-02-28,3.5424,3.6322,4.5395
2024-02-29,3.5097,3.5977,4.5088
2024-03-01,3.52,3.6072,4.5116
2024-03-04,3.4796,3.5805,4.46
2024-03-05,3.4769,3.582,4.4453
2024-03-06,3.3983,3.5191,4.3422
2024-03-07,3.4162,3.5096,4.338
2024-03-08,3.3811,3.475,4.2961
2024-03-11,3.3619,3.4615,4.2717
2024-03-12,3.3505,3.4632,4.2586
2024-03-13,3.4192,3.5293,4.3348
2024-03-14,3.458,3.5639,4.3772
2024-03-15,3.535,3.6235,4.466
2024-03-18,3.5261,3.6141,4.4277
2024-03-19,3.4642,3.533,4.4311
2024-03-20,3.459,3.5022,4.4009
2024-03-21,3.5252,3.5417,4.4351
2024-03-22,3.481,3.4957,4.3715
2024-03-25,3.4439,3.4713,4.3423
2024-03-26,3.4402,3.4862,4.3712
2024-03-27,3.4073,3.4649,4.3457
2024-03-28,3.3553,3.434,4.3044
2024-04-02,3.4138,3.532,4.4231
2024-04-03,3.4924,3.5961,4.4992
2024-04-04,3.5292,3.6165,4.5453
2024-04-05,3.4643,3.5439,4.4505
2024-04-08,3.5533,3.6379,4.5606
2024-04-09,3.5215,3.6004,4.5421
2024-04-10,3.4837,3.5695,4.4692
2024-04-11,3.6573,3.7196,4.6093
2024-04-12,3.6909,3.7402,4.6146
2024-04-15,3.6826,3.7301,4.6113
2024-04-16,3.7433,3.7836,4.694
2024-04-17,3.8121,3.8511,4.7413
2024-04-18,3.7283,3.7617,4.6214
2024-04-19,3.6953,3.7193,4.6074
2024-04-22,3.775,3.7876,4.6752
2024-04-23,3.7163,3.7509,4.6191
2024-04-24,3.9327,3.9383,4.7198
2024-04-26,4.0597,4.0481,4.8347
2024-04-29,4.0158,4.0041,4.7981
2024-04-30,3.9077,3.9153,4.7439
2024-05-01,4.0041,3.9936,4.834
2024-05-02,3.9236,3.9443,4.7648
2024-05-03,3.8814,3.9151,4.738
2024-05-06,3.864,3.9052,4.6732
2024-05-07,3.748,3.7939,4.6325
2024-05-08,3.7624,3.8118,4.5935
2024-05-09,3.8314,3.8746,4.6503
2024-05-10,3.8043,3.8599,4.6223
2024-05-13,3.7948,3.861,4.6361
2024-05-14,3.7964,3.8529,4.6419
2024-05-15,3.7875,3.8495,4.6251
2024-05-16,3.6247,3.7177,4.4901
2024-05-17,3.6349,3.73,4.528
2024-05-20,3.6782,3.7618,4.5481
2024-05-21,3.6956,3.7814,4.5634
2024-05-22,3.7443,3.8144,4.5954
2024-05-23,3.7431,3.81,4.5489
2024-05-24,3.8104,3.8643,4.603
2024-05-27,3.7752,3.8423,4.5653
2024-05-28,3.7649,3.8317,4.5341
2024-05-29,3.9106,3.9513,4.6866
2024-05-30,3.9222,3.9549,4.7346
2024-05-31,3.8868,3.9217,4.7151
2024-06-03,3.849,3.8929,4.6657
2024-06-04,3.7791,3.8394,4.572
2024-06-05,3.7208,3.7965,4.5011
2024-06-06,3.6882,3.771,4.4813
2024-06-07,3.6785,3.7565,4.4825
2024-06-11,3.7901,3.8386,4.5997
2024-06-12,3.7446,3.8089,4.5438
2024-06-13,3.6527,3.7367,4.4334
2024-06-14,3.572,3.655,4.3644
2024-06-17,3.531,3.6406,4.3581
2024-06-18,3.598,3.6958,4.398
2024-06-19,3.6687,3.7486,4.4084
2024-06-20,3.6996,3.7647,4.4397
2024-06-21,3.7129,3.7587,4.4612
2024-06-24,3.7326,3.7767,4.4619
2024-06-25,3.7186,3.7738,4.4467
2024-06-26,3.9503,3.9392,4.5085
2024-06-27,4.0399,4.0082,4.6381
2024-06-28,3.9214,3.9318,4.5299
2024-07-01,3.9805,3.9886,4.6228
2024-07-02,3.9984,4.002,4.6625
2024-07-03,4.0239,4.0151,4.684
2024-07-04,4.0237,4.0215,4.6568
2024-07-05,4.0253,4.0179,4.6374
2024-07-08,3.9726,3.969,4.586
2024-07-09,3.9603,3.9581,4.5699
2024-07-10,3.9298,3.9281,4.5909
2024-07-11,3.9657,3.9565,4.6229
2024-07-12,3.8896,3.8965,4.5779
2024-07-15,3.877,3.8852,4.5808
2024-07-16,3.7888,3.7907,4.5099
2024-07-17,3.7939,3.7855,4.5213
2024-07-18,3.8181,3.7972,4.4805
2024-07-19,3.8433,3.8191,4.5481
2024-07-22,3.8633,3.8283,4.5813
2024-07-23,3.9246,3.8633,4.623
2024-07-24,3.9077,3.854,4.5969
2024-07-25,3.8231,3.7926,4.6156
2024-07-26,3.8096,3.8008,4.6106
2024-07-29,3.7843,3.7874,4.5545
2024-07-30,3.8038,3.7999,4.5561
2024-07-31,3.5486,3.5749,4.4362
2024-08-01,3.5229,3.5577,4.3998
2024-08-02,3.4465,3.4999,4.3761
2024-08-05,3.3811,3.3822,4.2991
2024-08-06,3.3922,3.4626,4.3488
2024-08-07,3.4489,3.5181,4.419
2024-08-08,3.402,3.4882,4.4207
2024-08-09,3.4092,3.4948,4.3943
2024-08-12,3.4141,3.5167,4.3746
2024-08-13,3.3584,3.4771,4.3269
2024-08-14,3.2349,3.385,4.2712
2024-08-15,3.1701,3.3531,4.1968
2024-08-16,3.2496,3.426,4.2459
2024-08-19,3.2311,3.4194,4.2294
2024-08-20,3.2761,3.4642,4.2616
2024-08-21,3.1952,3.405,4.2055
2024-08-22,3.1722,3.3798,4.2102
2024-08-23,3.2182,3.425,4.2415
2024-08-26,3.1024,3.3126,4.1981
2024-08-27,3.1881,3.3724,4.2481
2024-08-28,3.2323,3.4061,4.259
2024-08-29,3.2403,3.411,4.2984
2024-08-30,3.2541,3.3984,4.3286
2024-09-02,3.3377,3.4404,4.3661
2024-09-03,3.3316,3.4322,4.3589
2024-09-04,3.292,3.3967,4.2985
2024-09-05,3.2547,3.3599,4.2804
2024-09-06,3.2067,3.3259,4.2315
2024-09-09,3.2646,3.3776,4.3255
2024-09-10,3.2363,3.3504,4.2671
2024-09-11,3.1829,3.3022,4.1958
2024-09-12,3.2258,3.3281,4.1877
2024-09-13,3.1228,3.2583,4.1779
2024-09-16,3.0967,3.2395,4.1945
2024-09-17,3.1277,3.2657,4.2116
2024-09-18,3.1676,3.3033,4.2387
2024-09-19,3.2602,3.3741,4.3001
2024-09-20,3.2353,3.3537,4.297
2024-09-23,3.2764,3.3995,4.3342
2024-09-24,3.1285,3.3056,4.2929
2024-09-25,3.178,3.3407,4.3039
2024-09-26,3.2279,3.3735,4.3339
2024-09-27,3.2576,3.4023,4.3442
2024-09-30,3.2718,3.4161,4.3627
2024-10-01,3.2991,3.4421,4.3569
2024-10-02,3.2334,3.3865,4.3006
2024-10-03,3.2891,3.4397,4.3729
2024-10-04,3.3742,3.5204,4.4286
2024-10-08,3.5331,3.6349,4.5028
2024-10-09,3.5439,3.6345,4.5412
2024-10-10,3.6013,3.6841,4.5662
2024-10-11,3.5838,3.6821,4.5833
2024-10-14,3.6224,3.7081,4.6378
2024-10-15,3.6181,3.7035,4.6096
2024-10-16,3.5706,3.6651,4.5557
2024-10-17,3.6348,3.7257,4.5938
2024-10-18,3.682,3.7627,4.6721
2024-10-21,3.647,3.7344,4.6345
2024-10-22,3.7839,3.8591,4.8298
2024-10-23,3.8094,3.9044,4.8667
2024-10-24,3.7744,3.8874,4.8551
2024-10-25,3.7373,3.8603,4.806
2024-10-28,3.8331,3.9348,4.8721
2024-10-29,3.8036,3.9011,4.834
2024-10-30,3.8193,3.9183,4.8536
2024-10-31,3.8863,3.9826,4.878
2024-11-01,3.9295,4.0247,4.9191
2024-11-04,3.9322,4.0274,4.9544
2024-11-05,3.9644,4.0766,4.9305
2024-11-06,4.0363,4.1356,5.0057
2024-11-07,4.0329,4.1404,5.0254
2024-11-08,3.9536,4.0895,4.9593
2024-11-11,3.9819,4.1125,4.9458
2024-11-12,3.995,4.1258,4.912
2024-11-13,4.1357,4.2447,5.01
2024-11-14,4.1306,4.2311,5.0734
2024-11-15,4.0925,4.176,5.0008
2024-11-18,4.0418,4.1148,4.9777
2024-11-19,3.998,4.0683,4.9395
2024-11-20,4.0068,4.0625,4.9342
2024-11-21,4.0414,4.0969,4.9489
2024-11-22,4.0044,4.0626,4.9179
2024-11-25,3.9398,4.0169,4.8453
2024-11-26,3.8639,3.9471,4.8155
2024-11-27,3.8538,3.9247,4.7792
2024-11-28,3.777,3.8575,4.7274
2024-11-29,3.7537,3.8489,4.6962
2024-12-02,3.7769,3.8638,4.6745
2024-12-03,3.7542,3.8431,4.6345
2024-12-04,3.6643,3.7648,4.6204
2024-12-05,3.6351,3.7339,4.5843
2024-12-06,3.6378,3.7298,4.5633
2024-12-09,3.6071,3.7029,4.5445
2024-12-10,3.5149,3.6138,4.4946
2024-12-11,3.5421,3.6383,4.5644
2024-12-12,3.6738,3.7524,4.6186
2024-12-13,3.6859,3.7571,4.6555
2024-12-16,3.7226,3.793,4.6835
2024-12-17,3.7027,3.7554,4.6646
2024-12-18,3.6787,3.7213,4.6635
2024-12-19,3.8319,3.8842,4.7878
2024-12-20,3.8705,3.9617,4.9115
2024-12-23,3.7877,3.8806,4.807
2024-12-24,3.7818,3.8879,4.8705
2024-12-27,3.7123,3.8172,4.8107
2024-12-30,3.7704,3.8978,4.9018
2024-12-31,3.678,3.799,4.7992
2025-01-02,3.7382,3.8654,4.8848
2025-01-03,3.698,3.8338,4.815
2025-01-06,3.7942,3.9205,4.9057
2025-01-07,3.8089,3.9567,4.9072
2025-01-08,3.7869,3.943,4.9645
2025-01-09,3.7537,3.9301,4.9503
2025-01-10,3.8053,3.9794,5.0244
2025-01-13,3.951,4.1363,5.0846
2025-01-14,3.9403,4.1014,5.065
2025-01-15,3.9364,4.0952,5.0829
2025-01-16,3.8217,3.9825,4.9314
2025-01-17,3.8291,3.9884,4.9215
2025-01-20,3.7985,3.9564,4.9159
2025-01-21,3.7578,3.8575,4.8319
2025-01-22,3.813,3.9109,4.8934
2025-01-23,3.8162,3.9108,4.9122
2025-01-24,3.8032,3.9079,4.9293
2025-01-28,3.7365,3.8334,4.8801
2025-01-29,3.6643,3.7729,4.8337
2025-01-30,3.6833,3.7805,4.8448
2025-01-31,3.7019,3.8067,4.9191
2025-02-03,3.6275,3.7393,4.8844
2025-02-04,3.658,3.7776,4.9215
2025-02-05,3.6174,3.7424,4.8435
2025-02-06,3.6045,3.7175,4.7879
2025-02-07,3.6638,3.7694,4.8203
2025-02-10,3.7128,3.8143,4.8671
2025-02-11,3.7005,3.8049,4.8515
2025-02-12,3.7677,3.8679,4.9413
2025-02-13,3.7651,3.8671,4.9594
2025-02-14,3.7333,3.8337,4.8826
2025-02-17,3.7838,3.8761,4.9151
2025-02-18,3.8617,3.9436,4.969
2025-02-19,3.8766,3.9581,4.9956
2025-02-20,3.8826,3.9726,4.9887
2025-02-21,3.8603,3.9554,4.9816
2025-02-24,3.7784,3.8792,4.9036
2025-02-25,3.7223,3.8379,4.8643
2025-02-26,3.6964,3.8111,4.8203
2025-02-27,3.683,3.7964,4.7861
2025-02-28,3.6301,3.7386,4.7451
2025-03-03,3.6677,3.7656,4.7862
2025-03-04,3.5947,3.6899,4.7303
2025-03-05,3.6574,3.7441,4.8461
2025-03-06,3.7658,3.8447,5.003
2025-03-07,3.6867,3.7702,4.9169
2025-03-10,3.7328,3.8143,4.9462
2025-03-11,3.648,3.7299,4.8962
2025-03-12,3.6775,3.7765,4.9845
2025-03-13,3.6662,3.786,4.9526
2025-03-14,3.6643,3.782,4.9643
2025-03-17,3.6562,3.7821,4.9427
2025-03-18,3.662,3.7962,4.9175
2025-03-19,3.6904,3.8146,4.9396
2025-03-20,3.6283,3.764,4.9014
2025-03-21,3.6422,3.7747,4.9322
2025-03-24,3.6347,3.7601,4.9495
2025-03-25,3.6389,3.7725,4.989
2025-03-26,3.6945,3.8231,5.0503
2025-03-27,3.6914,3.8432,5.0991
2025-03-28,3.6446,3.8023,5.0481
2025-03-31,3.5674,3.7225,4.966
2025-04-01,3.5428,3.7312,4.9443
2025-04-02,3.5701,3.7523,4.9367
2025-04-03,3.3596,3.5794,4.7905
2025-04-04,3.2163,3.4515,4.8082
2025-04-07,3.0752,3.3014,4.6961
2025-04-08,3.1582,3.3786,4.8941
2025-04-09,3.0954,3.2959,5.2081
2025-04-10,3.1638,3.3987,5.0399
2025-04-11,3.1007,3.3602,5.1761
2025-04-14,3.1614,3.4388,5.1415
2025-04-15,3.1521,3.4335,5.0648
2025-04-16,3.1558,3.4455,5.043
2025-04-17,3.1504,3.4276,4.9525
2025-04-22,3.0662,3.3422,4.9625
2025-04-23,3.1488,3.404,4.9251
2025-04-24,3.1435,3.4049,4.8848
2025-04-28,3.1085,3.3805,4.7923
2025-04-29,3.1286,3.4037,4.8148
2025-04-30,3.0926,3.3855,4.7727
2025-05-01,3.069,3.3673,4.8321
2025-05-02,3.1103,3.3996,4.8661
2025-05-05,3.1859,3.4648,4.9104
2025-05-06,3.2478,3.502,4.9968
2025-05-07,3.1774,3.4479,4.9452
2025-05-08,3.1686,3.4262,4.888
2025-05-09,3.2482,3.476,4.9353
2025-05-12,3.3335,3.5398,5.018
2025-05-13,3.4478,3.6458,5.0734
2025-05-14,3.4905,3.6859,5.141
2025-05-15,3.5631,3.7492,5.1941
2025-05-16,3.4799,3.6749,5.1021
2025-05-19,3.5272,3.721,5.1961
2025-05-20,3.3466,3.5431,5.1031
2025-05-21,3.342,3.5838,5.1763
2025-05-22,3.3414,3.5947,5.182
2025-05-23,3.3172,3.5638,5.1397
2025-05-26,3.2842,3.5365,5.0922
2025-05-27,3.2344,3.4961,5.0009
2025-05-28,3.2661,3.5199,5.0127
2025-05-29,3.2873,3.5453,5.0701
2025-05-30,3.1603,3.4195,4.9562
2025-06-02,3.1736,3.4058,4.9734
2025-06-03,3.156,3.3992,4.9656
2025-06-04,3.173,3.4079,4.9469
2025-06-05,3.1868,3.4106,4.9461
2025-06-06,3.2193,3.4473,4.9563
2025-06-10,3.209,3.4347,4.9328
2025-06-11,3.2753,3.4851,4.9593
2025-06-12,3.2168,3.4371,4.9165
2025-06-13,3.1465,3.3589,4.8197
2025-06-16,3.2077,3.4332,4.912
2025-06-17,3.2262,3.4803,4.9339
2025-06-18,3.2166,3.4626,4.9352
2025-06-19,3.1949,3.452,4.8824
2025-06-20,3.168,3.4206,4.8455
2025-06-23,3.1844,3.4257,4.898
2025-06-24,3.112,3.3606,4.8349
2025-06-25,3.0871,3.3263,4.8029
2025-06-26,3.0877,3.325,4.7724
2025-06-27,3.103,3.3346,4.8101
2025-06-30,3.1244,3.3543,4.8502
2025-07-01,3.0894,3.324,4.7958
2025-07-02,3.139,3.3673,4.828
2025-07-03,3.1692,3.3813,4.8651
2025-07-04,3.1834,3.3973,4.8721
2025-07-07,3.1646,3.3738,4.8712
2025-07-08,3.2663,3.4769,4.9273
2025-07-09,3.3224,3.5293,5.0318
2025-07-10,3.2826,3.4785,4.9601
2025-07-11,3.3228,3.5144,5.0145
2025-07-14,3.3484,3.5603,5.0687
2025-07-15,3.3624,3.5842,5.0711
2025-07-16,3.3692,3.5986,5.1028
2025-07-17,3.2739,3.5025,5.0764
2025-07-18,3.2353,3.4854,5.0717
2025-07-21,3.2297,3.4744,5.0418
2025-07-22,3.2416,3.4829,5.0038
2025-07-23,3.2463,3.4843,4.9854
2025-07-24,3.3195,3.5672,5.0371
2025-07-25,3.3325,3.5755,5.0129
2025-07-28,3.3394,3.5606,5.0089
2025-07-29,3.312,3.5332,5.0131
2025-07-30,3.241,3.4629,4.9355
2025-07-31,3.272,3.4918,4.9211
2025-08-01,3.3265,3.5363,4.9858
2025-08-04,3.2896,3.4979,4.9654
2025-08-05,3.2265,3.4227,4.8983
2025-08-06,3.2575,3.4533,4.9287
2025-08-07,3.2473,3.4359,4.9178
2025-08-08,3.2634,3.4535,4.9154
2025-08-11,3.2689,3.4569,4.9148
2025-08-12,3.2622,3.4484,4.9169
2025-08-13,3.2287,3.4185,4.9067
2025-08-14,3.2138,3.396,4.8939
2025-08-15,3.2236,3.4092,4.922
2025-08-18,3.2572,3.4389,4.9744
2025-08-19,3.3147,3.5092,5.0359
2025-08-20,3.2768,3.4666,5.0099
2025-08-21,3.2673,3.4611,4.9767
2025-08-22,3.3002,3.4891,5.0217
2025-08-25,3.2633,3.4581,4.9943
2025-08-26,3.2795,3.4744,5.0344
2025-08-27,3.3143,3.5101,5.0336
2025-08-28,3.2682,3.4755,4.9959
2025-08-29,3.2771,3.4827,4.9701
2025-09-01,3.2781,3.5295,5.0288
2025-09-02,3.3203,3.558,5.0755
2025-09-03,3.3928,3.6532,5.1266
2025-09-04,3.3585,3.5786,5.05
2025-09-05,3.354,3.5746,5.0279
2025-09-08,3.3016,3.5166,4.9593
2025-09-09,3.2975,3.5149,4.9298
2025-09-10,3.3089,3.5319,4.9311
2025-09-11,3.2935,3.5006,4.8854
2025-09-12,3.3142,3.5153,4.8389
2025-09-15,3.3472,3.5389,4.9177
2025-09-16,3.3018,3.499,4.852
2025-09-17,3.2936,3.4952,4.8609
2025-09-18,3.2613,3.4611,4.8362
2025-09-19,3.3085,3.5079,4.8885
2025-09-22,3.3307,3.5283,4.9245
2025-09-23,3.3351,3.5367,4.9108
2025-09-24,3.3981,3.6096,4.9015
2025-09-25,3.4361,3.6384,4.978
2025-09-26,3.4801,3.688,5.0191
2025-09-29,3.4327,3.6357,4.9632
2025-09-30,3.4223,3.6416,4.8963
2025-10-01,3.4649,3.6696,4.9612
2025-10-02,3.4275,3.6287,4.9425
2025-10-03,3.4383,3.6353,4.9276
2025-10-07,3.4616,3.6526,5.0062
2025-10-08,3.4525,3.6393,4.9731
2025-10-09,3.4649,3.6334,4.9517
2025-10-10,3.4831,3.6542,4.9635
2025-10-13,3.4116,3.5618,4.8897
2025-10-14,3.3636,3.5088,4.8255
2025-10-15,3.3645,3.5112,4.7906
2025-10-16,3.2975,3.4166,4.7409
2025-10-17,3.2257,3.3567,4.6955
2025-10-20,3.2898,3.4088,4.7489
2025-10-21,3.2687,3.3722,4.7079
2025-10-22,3.2762,3.3766,4.6971
2025-10-23,3.2908,3.3895,4.7039
2025-10-24,3.2975,3.4111,4.7285
2025-10-27,3.3476,3.452,4.7692
2025-10-28,3.3867,3.4921,4.7228
2025-10-29,3.5137,3.6162,4.7228
2025-10-30,3.564,3.679,4.84
2025-10-31,3.5444,3.6787,4.8349
2025-11-03,3.5841,3.7282,4.8712
2025-11-04,3.6127,3.7796,4.8698
2025-11-05,3.5605,3.7222,4.8356
2025-11-06,3.5831,3.7697,4.9056
2025-11-07,3.563,3.746,4.8958
2025-11-10,3.6225,3.7966,4.9371
2025-11-11,3.63,3.8096,4.9207
2025-11-12,3.6295,3.8128,4.9015
2025-11-13,3.77,3.9389,4.8899
2025-11-14,3.7316,3.9089,4.9361
2025-11-17,3.746,3.9115,4.9865
2025-11-18,3.6997,3.8685,4.9547
2025-11-19,3.6763,3.8496,4.9284
2025-11-20,3.7338,3.9027,4.9766
2025-11-21,3.7302,3.8738,4.9804
2025-11-24,3.7104,3.8592,4.9552
2025-11-25,3.7105,3.8598,4.9287
2025-11-26,3.8706,4.0269,4.996
2025-11-27,3.8334,3.9837,4.9597
2025-11-28,3.8699,4.0085,4.9743
2025-12-01,3.896,4.0274,5.0272
2025-12-02,3.9323,4.0524,5.1106
2025-12-03,4.0051,4.1083,5.1211
2025-12-04,4.0805,4.1864,5.1699
2025-12-05,4.0319,4.1558,5.1678
2025-12-08,4.0635,4.1841,5.1862
2025-12-09,4.1765,4.2955,5.2048
2025-12-10,4.2419,4.3747,5.2505
2025-12-11,4.1399,4.2848,5.1674
2025-12-12,4.1228,4.2895,5.1854
2025-12-15,4.0885,4.2582,5.2021
2025-12-16,4.1072,4.2755,5.1907
2025-12-17,4.1355,4.3045,5.2046
2025-12-18,4.0977,4.2673,5.2257
2025-12-19,4.1209,4.2993,5.2164
2025-12-22,4.1835,4.3586,5.2561
2025-12-23,4.1255,4.2924,5.2303
2025-12-24,4.1262,4.2968,5.2022
2025-12-29,4.1485,4.3163,5.2155
2025-12-30,4.1347,4.3063,5.2066
2025-12-31,4.1464,4.3194,5.1896
2026-01-02,4.2101,4.3694,5.2928
2026-01-05,4.1445,4.3062,5.2661
2026-01-06,4.1537,4.3026,5.2527
2026-01-07,4.1383,4.2888,5.1965
2026-01-08,4.0483,4.18,5.1031
2026-01-09,4.0581,4.1999,5.1239
2026-01-12,4.0748,4.2147,5.1408
2026-01-13,4.0906,4.2145,5.1458
2026-01-14,4.094,4.2155,5.1642
2026-01-15,4.0667,4.193,5.1243
2026-01-16,4.0925,4.2157,5.155
2026-01-19,4.137,4.2583,5.1906
2026-01-20,4.1911,4.3028,5.2306
2026-01-21,4.1784,4.2946,5.2368
2026-01-22,4.2333,4.3534,5.2201
2026-01-23,4.2669,4.3796,5.2408
2026-01-27,4.322,4.428,5.2529
2026-01-28,4.2701,4.3569,5.2397
2026-01-29,4.2734,4.359,5.2667
2026-01-30,4.2711,4.3493,5.2192
2026-02-02,4.2452,4.324,5.222
2026-02-03,4.3206,4.3737,5.2386
2026-02-04,4.3657,4.4213,5.2684
2026-02-05,4.3549,4.4124,5.2617
2026-02-06,4.3107,4.3634,5.2438
2026-02-09,4.3558,4.4046,5.2886
2026-02-10,4.3286,4.3641,5.2418
2026-02-11,4.2814,4.3189,5.1421
2026-02-12,4.3489,4.3747,5.1912
2026-02-13,4.3051,4.3114,5.1192
2026-02-16,4.2755,4.2945,5.0664
2026-02-17,4.2303,4.2616,5.0505
2026-02-18,4.27,4.3027,5.091
2026-02-19,4.3587,4.3933,5.1366
2026-02-20,4.2934,4.3524,5.0813
2026-02-23,4.2695,4.3334,5.0803
2026-02-24,4.2481,4.3031,5.0537
2026-02-25,4.2871,4.3383,5.0724
2026-02-26,4.2687,4.3149,5.0558
2026-02-27,4.2275,4.2526,5.005
2026-03-02,4.1919,4.2163,4.9938
2026-03-03,4.3659,4.3931,5.1214
2026-03-04,4.3308,4.3679,5.1075
2026-03-05,4.3972,4.4309,5.152
2026-03-06,4.4729,4.5077,5.1811
2026-03-09,4.6285,4.669,5.2441
2026-03-10,4.5252,4.565,5.1478
2026-03-11,4.494,4.5153,5.169
2026-03-12,4.6016,4.6192,5.2905
2026-03-13,4.6205,4.637,5.2706
2026-03-16,4.6603,4.6561,5.3365
2026-03-17,4.6024,4.5723,5.2588
2026-03-18,4.5479,4.5158,5.2133
2026-03-19,4.6871,4.6325,5.2648
2026-03-20,4.889,4.7969,5.2249
2026-03-23,4.9272,4.8379,5.3662
2026-03-24,4.8266,4.7307,5.3089
2026-03-25,4.6981,4.6023,5.2405
2026-03-26,4.8188,4.7059,5.261
2026-03-27,4.9195,4.7973,5.347
2026-03-30,4.7969,4.7095,5.3758
2026-03-31,4.7171,4.6333,5.2541
2026-04-01,4.6282,4.551,5.1986
2026-04-02,4.7959,4.7057,5.3176
2026-04-07,4.7185,4.6237,5.2728
2026-04-08,4.5991,4.491,5.1282
2026-04-09,4.6615,4.5523,5.1867
2026-04-10,4.7168,4.6111,5.2476
2026-04-13,4.7699,4.6583,5.3078
2026-04-14,4.6819,4.5815,5.2407
2026-04-15,4.6482,4.559,5.2264
2026-04-16,4.6733,4.5901,5.249
2026-04-17,4.7058,4.6387,5.2948
2026-04-20,4.6213,4.5623,5.2424
2026-04-21,4.588,4.531,5.2157
2026-04-22,4.6468,4.5891,5.2629
2026-04-23,4.7254,4.6653,5.2872
2026-04-24,4.7237,4.6528,5.2475
2026-04-27,4.7204,4.6535,5.2691
2026-04-28,4.769,4.6936,5.3059
2026-04-29,4.7257,4.6538,5.2819
2026-04-30,4.8162,4.7478,5.3428
2026-05-01,4.7535,4.6819,5.3045
2026-05-04,4.6941,4.6262,5.2702
2026-05-05,4.6524,4.5725,5.2767
2026-05-06,4.6512,4.56,5.2491
2026-05-07,4.6203,4.52,5.2219
2026-05-08,4.6852,4.5842,5.2968
2026-05-11,4.7034,4.6042,5.2943
2026-05-12,4.7348,4.6653,5.3363
2026-05-13,4.7479,4.6716,5.3823
2026-05-14,4.6918,4.6279,5.3309
2026-05-15,4.7482,4.6917,5.393
2026-05-18,4.7704,4.7067,5.4506
2026-05-19,4.6857,4.6353,5.3859
2026-05-20,4.7119,4.6523,5.4126
2026-05-21,4.5987,4.5219,5.3102
2026-05-22,4.5462,4.4656,5.2801
2026-05-25,4.5193,4.438,5.2196
2026-05-26,4.5556,4.4757,5.2499
2026-05-27,4.4927,4.4126,5.1948
2026-05-28,4.5273,4.4482,5.244
2026-05-29,4.4628,4.3903,5.1677
2026-06-01,4.5204,4.4481,5.2231
2026-06-02,4.5341,4.453,5.216
2026-06-03,4.5697,4.4837,5.2464
2026-06-04,4.5691,4.4861,5.2574
2026-06-05,4.5646,4.4781,5.244
2026-06-09,4.5462,4.4795,5.2701
2026-06-10,4.5019,4.4409,5.2481
2026-06-11,4.4938,4.4194,5.2647
2026-06-12,4.4011,4.3326,5.1758
2026-06-15,4.4078,4.331,5.1631
2026-06-16,4.406,4.3305,5.1944
2026-06-17,4.3516,4.2746,5.1354
2026-06-18,4.3926,4.3146,5.1174
2026-06-19,4.4441,4.3676,5.1565
2026-06-22,4.4284,4.3577,5.165
2026-06-23,4.3666,4.3025,5.137
2026-06-24,4.3664,4.3135,5.117
2026-06-25,4.3273,4.2648,5.088
2026-06-26,4.3187,4.2568,5.077
2026-06-29,4.3526,4.2912,5.1041
2026-06-30,4.327,4.266,5.0771
2026-07-01,4.3913,4.3281,5.1493
2026-07-02,4.4095,4.358,5.1965
2026-07-03,4.3817,4.3298,5.1774
2026-07-06,4.3626,4.3132,5.1696
2026-07-07,4.3854,4.3519,5.2146
2026-07-08,4.4492,4.4096,5.277
2026-07-09,4.4467,4.4288,5.2626
2026-07-10,4.3911,4.3766,5.2249
2026-07-13,4.4252,4.4125,5.2459
2026-07-14,4.4832,4.4776,5.2949
2026-07-15,4.4662,4.4585,5.2864
2026-07-16,4.4459,4.4439,5.2889
2026-07-17,4.4633,4.4608,5.287
2026-07-20,4.5499,4.5457,5.3366
2026-07-21,4.5171,4.5095,5.3259
2026-07-22,4.5448,4.5387,5.3689
2026-07-23,4.5901,4.5921,5.3578
2026-07-24,4.7228,4.7148,5.4397
2026-07-27,4.6097,4.5915,5.3629
2026-07-28,4.543,4.5429,5.3395
2026-07-29,4.4541,4.4616,5.3169
2026-07-30,4.521,4.516,5.4125
2026-07-31,4.4544,4.4542,5.3313
2026-08-03,4.4669,4.4776,5.3662
2026-08-04,4.4952,4.4939,5.3836
2026-08-05,4.422,4.4266,5.3182
2026-08-06,4.4461,4.4405,5.3335
2026-08-07,4.5178,4.5051,5.3983
2026-08-10,4.5249,4.5083,5.3691
2026-08-11,4.5541,4.5313,5.4185
2026-08-12,4.5377,4.5137,5.4119
2026-08-13,4.4872,4.4579,5.3865
2026-08-14,4.5089,4.4761,5.4033
2026-08-17,4.5429,4.5086,5.4456
2026-08-18,4.5929,4.5512,5.508
2026-08-19,4.5569,4.5309,5.4572
2026-08-20,4.5068,4.4877,5.3996
2026-08-21,4.5614,4.5312,5.4583
2026-08-24,4.5184,4.4966,5.4141
2026-08-25,4.5416,4.518,5.4089
2026-08-26,4.5827,4.5581,5.3939
2026-08-27,4.6513,4.6238,5.4469
2026-08-28,4.6422,4.6131,5.4652
2026-08-31,4.6513,4.6206,5.4547
2026-09-01,4.7251,4.6881,5.5577
2026-09-02,4.8392,4.7938,5.5717
2026-09-03,4.7677,4.726,5.5331
2026-09-04,4.7568,4.715,5.5324
2026-09-07,4.7943,4.7466,5.5519
2026-09-08,4.794,4.7475,5.5354
2026-09-09,4.8423,4.7912,5.5416
2026-09-10,4.883,4.8215,5.5896
2026-09-11,5.0732,4.9941,5.6819
2026-09-14,5.0102,4.946,5.6612
2026-09-15,5.1272,5.0371,5.7282
2026-09-16,5.059,4.9719,5.6591
2026-09-17,5.0182,4.9462,5.5936
2026-09-18,4.9799,4.9067,5.5511
2026-09-21,5.0193,4.9487,5.5518
2026-09-22,5.0452,4.962,5.5658
2026-09-23,4.9791,4.9092,5.5271
2026-09-24,5.0883,5.0257,5.6611
2026-09-25,5.073,4.9964,5.6715
2026-09-28,5.1138,5.0072,5.7369
2026-09-29,5.0087,4.9224,5.7184
2026-09-30,4.9579,4.8827,5.7082
2026-10-01,5.0213,4.9466,5.7605
2026-10-02,4.9234,4.8571,5.7141
2026-10-06,4.9511,4.9065,5.7853
2026-10-07,4.9646,4.918,5.7764
