date,audusd,ust2,acgb2,aus_minus_us
2018-01-02,0.7824,1.92,2.007,0.087
2018-01-03,0.784,1.94,2.003,0.063
2018-01-04,0.7856,1.96,1.968,0.008
2018-01-05,0.7859,1.96,1.905,-0.055
2018-01-08,0.7838,1.96,1.921,-0.039
2018-01-09,0.7822,1.98,1.944,-0.036
2018-01-10,0.7841,1.98,1.954,-0.026
2018-01-11,0.7885,1.98,1.974,-0.006
2018-01-12,0.7886,1.99,1.96,-0.03
2018-01-16,0.7958,2.03,1.991,-0.039
2018-01-17,0.7982,2.05,2.0,-0.05
2018-01-18,0.7993,2.05,1.989,-0.061
2018-01-19,0.8001,2.06,2.021,-0.039
2018-01-22,0.8004,2.08,2.018,-0.062
2018-01-23,0.7984,2.06,2.004,-0.056
2018-01-24,0.8066,2.08,2.002,-0.078
2018-01-25,0.8089,2.08,2.001,-0.079
2018-01-26,0.8105,2.13,2.001,-0.129
2018-01-29,0.8089,2.11,2.012,-0.098
2018-01-30,0.8076,2.13,2.019,-0.111
2018-01-31,0.8069,2.14,1.963,-0.177
2018-02-01,0.8028,2.16,1.941,-0.219
2018-02-02,0.7929,2.15,1.947,-0.203
2018-02-05,0.7926,2.08,1.999,-0.081
2018-02-06,0.7877,2.1,1.956,-0.144
2018-02-07,0.7842,2.15,1.937,-0.213
2018-02-08,0.7789,2.13,1.957,-0.173
2018-02-09,0.7809,2.05,1.926,-0.124
2018-02-12,0.7836,2.09,1.952,-0.138
2018-02-13,0.7857,2.1,1.945,-0.155
2018-02-14,0.7873,2.17,1.948,-0.222
2018-02-15,0.7912,2.19,1.967,-0.223
2018-02-16,0.7925,2.21,1.983,-0.227
2018-02-20,0.7903,2.25,2.006,-0.244
2018-02-21,0.7833,2.26,1.977,-0.283
2018-02-22,0.785,2.25,1.969,-0.281
2018-02-23,0.7827,2.25,1.946,-0.304
2018-02-26,0.7843,2.22,1.929,-0.291
2018-02-27,0.7804,2.27,1.926,-0.344
2018-02-28,0.7801,2.25,1.97,-0.28
2018-03-01,0.7762,2.22,1.953,-0.267
2018-03-02,0.7754,2.25,1.94,-0.31
2018-03-05,0.7759,2.24,1.947,-0.293
2018-03-06,0.7822,2.25,1.986,-0.264
2018-03-07,0.7796,2.25,1.968,-0.282
2018-03-08,0.7787,2.25,1.971,-0.279
2018-03-09,0.7849,2.27,1.985,-0.285
2018-03-12,0.7864,2.27,2.014,-0.256
2018-03-13,0.7881,2.26,2.011,-0.249
2018-03-14,0.7877,2.26,1.974,-0.286
2018-03-15,0.7816,2.29,1.95,-0.34
2018-03-16,0.7733,2.31,1.953,-0.357
2018-03-19,0.7705,2.31,1.964,-0.346
2018-03-20,0.7691,2.34,1.977,-0.363
2018-03-21,0.7708,2.31,2.002,-0.308
2018-03-22,0.7696,2.29,2.04,-0.25
2018-03-23,0.7721,2.28,2.011,-0.269
2018-03-26,0.7727,2.33,2.031,-0.299
2018-03-27,0.7717,2.26,2.023,-0.237
2018-03-28,0.7681,2.28,1.967,-0.313
2018-03-29,0.7672,2.27,2.001,-0.269
2018-03-30,0.769,2.27,2.001,-0.269
2018-04-02,0.7658,2.25,2.001,-0.249
2018-04-03,0.7674,2.28,2.027,-0.253
2018-04-04,0.7701,2.28,2.054,-0.226
2018-04-05,0.7688,2.3,2.035,-0.265
2018-04-06,0.7684,2.27,2.021,-0.249
2018-04-09,0.7708,2.29,2.018,-0.272
2018-04-10,0.7762,2.32,2.033,-0.287
2018-04-11,0.7765,2.32,2.025,-0.295
2018-04-12,0.7757,2.34,2.026,-0.314
2018-04-13,0.7768,2.37,2.071,-0.299
2018-04-16,0.7777,2.39,2.092,-0.298
2018-04-17,0.7768,2.41,2.118,-0.292
2018-04-18,0.7784,2.42,2.114,-0.306
2018-04-19,0.7751,2.44,2.11,-0.33
2018-04-20,0.7671,2.46,2.098,-0.362
2018-04-23,0.7614,2.49,2.129,-0.361
2018-04-24,0.7598,2.48,2.103,-0.377
2018-04-25,0.7559,2.49,2.103,-0.387
2018-04-26,0.756,2.49,2.11,-0.38
2018-04-27,0.7566,2.49,2.083,-0.407
2018-04-30,0.7543,2.49,2.047,-0.443
2018-05-01,0.7488,2.5,2.048,-0.452
2018-05-02,0.7501,2.49,2.052,-0.438
2018-05-03,0.7513,2.49,2.051,-0.439
2018-05-04,0.7534,2.51,2.032,-0.478
2018-05-07,0.7526,2.49,2.019,-0.471
2018-05-08,0.7445,2.51,2.016,-0.494
2018-05-09,0.7456,2.54,2.021,-0.519
2018-05-10,0.7515,2.54,2.019,-0.521
2018-05-11,0.7544,2.54,2.016,-0.524
2018-05-14,0.7554,2.55,2.001,-0.549
2018-05-15,0.7477,2.58,2.041,-0.539
2018-05-16,0.7504,2.58,2.061,-0.519
2018-05-17,0.7508,2.57,2.065,-0.505
2018-05-18,0.7511,2.55,2.059,-0.491
2018-05-21,0.7565,2.58,2.051,-0.529
2018-05-22,0.7595,2.59,2.049,-0.541
2018-05-23,0.7534,2.53,2.047,-0.483
2018-05-24,0.7567,2.5,2.034,-0.466
2018-05-25,0.7558,2.48,2.018,-0.462
2018-05-29,0.7514,2.32,1.993,-0.327
2018-05-30,0.7574,2.42,1.98,-0.44
2018-05-31,0.757,2.4,1.992,-0.408
2018-06-01,0.7566,2.47,2.025,-0.445
2018-06-04,0.7648,2.52,2.069,-0.451
2018-06-05,0.7606,2.49,2.056,-0.434
2018-06-06,0.7677,2.52,2.088,-0.432
2018-06-07,0.763,2.5,2.113,-0.387
2018-06-08,0.7601,2.5,2.069,-0.431
2018-06-11,0.7616,2.52,2.069,-0.451
2018-06-12,0.7607,2.54,2.087,-0.453
2018-06-13,0.7604,2.59,2.073,-0.517
2018-06-14,0.7514,2.59,2.049,-0.541
2018-06-15,0.7455,2.55,2.034,-0.516
2018-06-18,0.7419,2.56,2.021,-0.539
2018-06-19,0.7386,2.54,2.017,-0.523
2018-06-20,0.7387,2.56,2.055,-0.505
2018-06-21,0.7374,2.56,2.067,-0.493
2018-06-22,0.7424,2.56,2.039,-0.521
2018-06-25,0.7406,2.54,2.036,-0.504
2018-06-26,0.7402,2.53,2.034,-0.496
2018-06-27,0.7373,2.52,2.022,-0.498
2018-06-28,0.7355,2.52,2.003,-0.517
2018-06-29,0.7399,2.52,2.001,-0.519
2018-07-02,0.7322,2.57,1.969,-0.601
2018-07-03,0.7385,2.53,1.982,-0.548
2018-07-05,0.7388,2.55,1.975,-0.575
2018-07-06,0.7421,2.53,1.994,-0.536
2018-07-09,0.7466,2.57,1.992,-0.578
2018-07-10,0.7464,2.59,2.021,-0.569
2018-07-11,0.74,2.58,1.99,-0.59
2018-07-12,0.7418,2.6,2.0,-0.6
2018-07-13,0.741,2.59,2.011,-0.579
2018-07-16,0.7416,2.59,2.015,-0.575
2018-07-17,0.7392,2.62,2.037,-0.583
2018-07-18,0.7392,2.6,2.038,-0.562
2018-07-19,0.7332,2.6,2.074,-0.526
2018-07-20,0.741,2.6,2.05,-0.55
2018-07-23,0.7383,2.64,2.069,-0.571
2018-07-24,0.7416,2.63,2.086,-0.544
2018-07-25,0.7412,2.66,2.058,-0.602
2018-07-26,0.7384,2.69,2.036,-0.654
2018-07-27,0.741,2.67,2.016,-0.654
2018-07-30,0.7408,2.66,2.027,-0.633
2018-07-31,0.7438,2.67,2.037,-0.633
2018-08-01,0.7402,2.67,2.05,-0.62
2018-08-02,0.7379,2.66,2.063,-0.597
2018-08-03,0.7406,2.63,2.07,-0.56
2018-08-06,0.7393,2.64,2.07,-0.57
2018-08-07,0.7428,2.68,2.033,-0.647
2018-08-08,0.742,2.68,2.041,-0.639
2018-08-09,0.7394,2.64,2.016,-0.624
2018-08-10,0.7298,2.61,1.976,-0.634
2018-08-13,0.727,2.61,1.983,-0.627
2018-08-14,0.724,2.63,1.983,-0.647
2018-08-15,0.7233,2.61,1.984,-0.626
2018-08-16,0.7276,2.63,1.978,-0.652
2018-08-17,0.7282,2.61,1.976,-0.634
2018-08-20,0.7308,2.6,1.976,-0.624
2018-08-21,0.7352,2.61,1.991,-0.619
2018-08-22,0.7352,2.6,1.988,-0.612
2018-08-23,0.7264,2.61,1.968,-0.642
2018-08-24,0.7332,2.63,1.976,-0.654
2018-08-27,0.7346,2.67,1.986,-0.684
2018-08-28,0.7352,2.67,1.988,-0.682
2018-08-29,0.7292,2.67,1.964,-0.706
2018-08-30,0.7262,2.64,1.982,-0.658
2018-08-31,0.7192,2.62,1.96,-0.66
2018-09-04,0.7174,2.66,1.973,-0.687
2018-09-05,0.7189,2.66,1.99,-0.67
2018-09-06,0.7198,2.64,1.986,-0.654
2018-09-07,0.7135,2.71,1.975,-0.735
2018-09-10,0.7118,2.73,1.993,-0.737
2018-09-11,0.7107,2.76,1.997,-0.763
2018-09-12,0.7161,2.74,1.996,-0.744
2018-09-13,0.7192,2.76,2.021,-0.739
2018-09-14,0.7178,2.78,2.011,-0.769
2018-09-17,0.7186,2.78,2.015,-0.765
2018-09-18,0.722,2.81,2.051,-0.759
2018-09-19,0.7273,2.81,2.098,-0.712
2018-09-20,0.7276,2.81,2.096,-0.714
2018-09-21,0.7278,2.81,2.074,-0.736
2018-09-24,0.7263,2.83,2.074,-0.756
2018-09-25,0.7251,2.83,2.09,-0.74
2018-09-26,0.726,2.83,2.068,-0.762
2018-09-27,0.7218,2.83,2.033,-0.797
2018-09-28,0.7238,2.81,2.017,-0.793
2018-10-01,0.7223,2.82,2.017,-0.803
2018-10-02,0.7199,2.82,1.993,-0.827
2018-10-03,0.7138,2.85,1.957,-0.893
2018-10-04,0.7078,2.87,1.981,-0.889
2018-10-05,0.7048,2.88,1.977,-0.903
2018-10-09,0.7092,2.88,2.024,-0.856
2018-10-10,0.71,2.88,2.024,-0.856
2018-10-11,0.7112,2.85,2.014,-0.836
2018-10-12,0.7116,2.85,2.038,-0.812
2018-10-15,0.7142,2.85,2.022,-0.828
2018-10-16,0.714,2.87,2.027,-0.843
2018-10-17,0.713,2.89,2.014,-0.876
2018-10-18,0.7118,2.87,2.035,-0.835
2018-10-19,0.7132,2.92,2.016,-0.904
2018-10-22,0.7086,2.92,2.022,-0.898
2018-10-23,0.7074,2.89,2.006,-0.884
2018-10-24,0.7072,2.84,1.998,-0.842
2018-10-25,0.7084,2.86,1.981,-0.879
2018-10-26,0.7088,2.81,1.984,-0.826
2018-10-29,0.7074,2.81,1.967,-0.843
2018-10-30,0.7112,2.84,1.961,-0.879
2018-10-31,0.709,2.87,1.97,-0.9
2018-11-01,0.7189,2.84,1.996,-0.844
2018-11-02,0.7199,2.91,2.018,-0.892
2018-11-05,0.7198,2.91,2.044,-0.866
2018-11-06,0.7221,2.93,2.039,-0.891
2018-11-07,0.7282,2.96,2.039,-0.921
2018-11-08,0.7286,2.98,2.069,-0.911
2018-11-09,0.7226,2.94,2.076,-0.864
2018-11-13,0.722,2.89,2.063,-0.827
2018-11-14,0.7219,2.86,2.049,-0.811
2018-11-15,0.7269,2.86,2.073,-0.787
2018-11-16,0.7312,2.81,2.052,-0.758
2018-11-19,0.7291,2.79,2.04,-0.75
2018-11-20,0.7246,2.79,2.055,-0.735
2018-11-21,0.7267,2.81,2.046,-0.764
2018-11-23,0.7225,2.81,2.031,-0.779
2018-11-26,0.723,2.84,2.019,-0.821
2018-11-27,0.7206,2.83,2.021,-0.809
2018-11-28,0.7233,2.81,2.018,-0.792
2018-11-29,0.7314,2.81,2.005,-0.805
2018-11-30,0.7311,2.8,1.992,-0.808
2018-12-03,0.736,2.83,1.999,-0.831
2018-12-04,0.7353,2.8,1.975,-0.825
2018-12-06,0.7216,2.75,1.92,-0.83
2018-12-07,0.721,2.72,1.913,-0.807
2018-12-10,0.719,2.72,1.92,-0.8
2018-12-11,0.7204,2.78,1.942,-0.838
2018-12-12,0.7223,2.77,1.946,-0.824
2018-12-13,0.7228,2.75,1.985,-0.765
2018-12-14,0.7176,2.73,1.978,-0.752
2018-12-17,0.7182,2.7,1.969,-0.731
2018-12-18,0.7172,2.65,1.946,-0.704
2018-12-19,0.7172,2.63,1.937,-0.693
2018-12-20,0.7104,2.67,1.921,-0.749
2018-12-21,0.7072,2.63,1.964,-0.666
2018-12-26,0.707,2.61,1.932,-0.678
2018-12-27,0.702,2.56,1.941,-0.619
2018-12-28,0.7044,2.52,1.924,-0.596
2018-12-31,0.7046,2.48,1.885,-0.595
2019-01-02,0.7,2.5,1.852,-0.648
2019-01-03,0.7014,2.39,1.791,-0.599
2019-01-04,0.7108,2.5,1.834,-0.666
2019-01-07,0.7143,2.53,1.849,-0.681
2019-01-08,0.7134,2.58,1.87,-0.71
2019-01-09,0.7172,2.56,1.884,-0.676
2019-01-10,0.719,2.56,1.875,-0.685
2019-01-11,0.7204,2.55,1.869,-0.681
2019-01-15,0.7192,2.53,1.859,-0.671
2019-01-16,0.7184,2.55,1.845,-0.705
2019-01-17,0.7171,2.56,1.846,-0.714
2019-01-18,0.7172,2.62,1.867,-0.753
2019-01-22,0.7133,2.58,1.867,-0.713
2019-01-23,0.7133,2.58,1.853,-0.727
2019-01-24,0.7096,2.56,1.823,-0.737
2019-01-25,0.7172,2.6,1.784,-0.816
2019-01-28,0.7166,2.6,1.784,-0.816
2019-01-29,0.7149,2.56,1.793,-0.767
2019-01-30,0.7196,2.52,1.826,-0.694
2019-01-31,0.7282,2.45,1.819,-0.631
2019-02-01,0.726,2.52,1.805,-0.715
2019-02-04,0.7218,2.53,1.818,-0.712
2019-02-05,0.7234,2.53,1.828,-0.702
2019-02-06,0.7128,2.52,1.745,-0.775
2019-02-07,0.7093,2.48,1.73,-0.75
2019-02-08,0.709,2.45,1.694,-0.756
2019-02-11,0.7065,2.48,1.699,-0.781
2019-02-12,0.7094,2.5,1.729,-0.771
2019-02-13,0.7113,2.53,1.755,-0.775
2019-02-14,0.7091,2.5,1.76,-0.74
2019-02-15,0.7122,2.52,1.733,-0.787
2019-02-19,0.7146,2.5,1.759,-0.741
2019-02-21,0.708,2.53,1.667,-0.863
2019-02-22,0.7138,2.48,1.706,-0.774
2019-02-25,0.7169,2.51,1.722,-0.788
2019-02-26,0.7182,2.48,1.721,-0.759
2019-02-27,0.7134,2.5,1.701,-0.799
2019-02-28,0.7099,2.52,1.697,-0.823
2019-03-01,0.708,2.55,1.738,-0.812
2019-03-04,0.7084,2.55,1.751,-0.799
2019-03-05,0.7073,2.55,1.726,-0.824
2019-03-06,0.7023,2.52,1.666,-0.854
2019-03-07,0.7032,2.47,1.676,-0.794
2019-03-08,0.7048,2.45,1.658,-0.792
2019-03-11,0.7056,2.47,1.664,-0.806
2019-03-12,0.7082,2.45,1.665,-0.785
2019-03-13,0.7087,2.45,1.6,-0.85
2019-03-14,0.7061,2.46,1.587,-0.873
2019-03-15,0.7089,2.43,1.595,-0.835
2019-03-18,0.71,2.45,1.606,-0.844
2019-03-19,0.7102,2.46,1.567,-0.893
2019-03-20,0.7088,2.4,1.553,-0.847
2019-03-21,0.711,2.41,1.534,-0.876
2019-03-22,0.7091,2.31,1.503,-0.807
2019-03-25,0.7114,2.26,1.477,-0.783
2019-03-26,0.714,2.24,1.517,-0.723
2019-03-27,0.707,2.22,1.483,-0.737
2019-03-28,0.7079,2.23,1.462,-0.768
2019-03-29,0.7104,2.27,1.469,-0.801
2019-04-01,0.7117,2.33,1.485,-0.845
2019-04-02,0.7058,2.3,1.452,-0.848
2019-04-03,0.7124,2.33,1.462,-0.868
2019-04-04,0.7112,2.33,1.494,-0.836
2019-04-05,0.7099,2.35,1.506,-0.844
2019-04-08,0.7124,2.36,1.48,-0.88
2019-04-09,0.7129,2.35,1.487,-0.863
2019-04-10,0.7158,2.31,1.491,-0.819
2019-04-11,0.7128,2.35,1.489,-0.861
2019-04-12,0.7176,2.4,1.496,-0.904
2019-04-15,0.7178,2.4,1.528,-0.872
2019-04-16,0.7174,2.41,1.502,-0.908
2019-04-17,0.7168,2.4,1.507,-0.893
2019-04-18,0.715,2.38,1.514,-0.866
2019-04-19,0.715,2.38,1.514,-0.866
2019-04-22,0.7134,2.38,1.514,-0.866
2019-04-23,0.7096,2.36,1.475,-0.885
2019-04-24,0.7026,2.32,1.323,-0.997
2019-04-25,0.701,2.33,1.323,-1.007
2019-04-26,0.7044,2.28,1.337,-0.943
2019-04-29,0.7054,2.3,1.341,-0.959
2019-04-30,0.704,2.27,1.324,-0.946
2019-05-01,0.7038,2.31,1.319,-0.991
2019-05-02,0.7002,2.35,1.32,-1.03
2019-05-03,0.7018,2.33,1.317,-1.013
2019-05-06,0.6995,2.31,1.284,-1.026
2019-05-07,0.7004,2.28,1.363,-0.917
2019-05-08,0.7004,2.3,1.329,-0.971
2019-05-09,0.6976,2.26,1.309,-0.951
2019-05-10,0.6998,2.26,1.315,-0.945
2019-05-13,0.6948,2.18,1.305,-0.875
2019-05-14,0.6946,2.2,1.281,-0.919
2019-05-15,0.693,2.16,1.279,-0.881
2019-05-16,0.6905,2.2,1.224,-0.976
2019-05-17,0.6874,2.2,1.21,-0.99
2019-05-20,0.6913,2.21,1.253,-0.957
2019-05-21,0.6876,2.26,1.199,-1.061
2019-05-22,0.688,2.23,1.195,-1.035
2019-05-23,0.6896,2.12,1.15,-0.97
2019-05-24,0.6914,2.16,1.105,-1.055
2019-05-28,0.693,2.12,1.127,-0.993
2019-05-29,0.6912,2.09,1.106,-0.984
2019-05-30,0.691,2.06,1.141,-0.919
2019-05-31,0.693,1.95,1.111,-0.839
2019-06-03,0.6955,1.82,1.129,-0.691
2019-06-04,0.6987,1.88,1.121,-0.759
2019-06-05,0.6974,1.83,1.083,-0.747
2019-06-06,0.6984,1.88,1.061,-0.819
2019-06-07,0.7002,1.85,1.075,-0.775
2019-06-10,0.6964,1.9,1.075,-0.825
2019-06-11,0.6956,1.93,1.06,-0.87
2019-06-12,0.6942,1.88,1.04,-0.84
2019-06-13,0.691,1.83,1.008,-0.822
2019-06-14,0.6872,1.84,0.997,-0.843
2019-06-17,0.686,1.86,1.03,-0.83
2019-06-18,0.6872,1.86,1.01,-0.85
2019-06-19,0.687,1.74,0.976,-0.764
2019-06-20,0.6917,1.72,0.931,-0.789
2019-06-21,0.692,1.77,0.906,-0.864
2019-06-24,0.6964,1.72,0.912,-0.808
2019-06-25,0.6975,1.71,0.905,-0.805
2019-06-26,0.699,1.77,0.945,-0.825
2019-06-27,0.6998,1.74,0.984,-0.756
2019-06-28,0.7009,1.75,0.973,-0.777
2019-07-01,0.6963,1.78,0.982,-0.798
2019-07-02,0.6992,1.77,0.969,-0.801
2019-07-03,0.7033,1.77,0.928,-0.842
2019-07-05,0.6968,1.87,0.94,-0.93
2019-07-08,0.6968,1.88,0.961,-0.919
2019-07-09,0.6927,1.92,0.957,-0.963
2019-07-10,0.6964,1.82,0.982,-0.838
2019-07-11,0.6982,1.85,0.946,-0.904
2019-07-12,0.7007,1.84,0.989,-0.851
2019-07-15,0.7036,1.83,0.998,-0.832
2019-07-16,0.702,1.87,0.963,-0.907
2019-07-17,0.7021,1.83,0.948,-0.882
2019-07-18,0.7043,1.77,0.941,-0.829
2019-07-19,0.7042,1.8,0.956,-0.844
2019-07-22,0.7042,1.8,0.946,-0.854
2019-07-23,0.6999,1.83,0.94,-0.89
2019-07-24,0.6978,1.83,0.907,-0.923
2019-07-25,0.6954,1.86,0.865,-0.995
2019-07-26,0.6908,1.86,0.87,-0.99
2019-07-29,0.6908,1.85,0.852,-0.998
2019-07-30,0.6872,1.85,0.842,-1.008
2019-07-31,0.6888,1.89,0.83,-1.06
2019-08-01,0.6858,1.73,0.863,-0.867
2019-08-02,0.6806,1.72,0.782,-0.938
2019-08-05,0.678,1.59,0.746,-0.844
2019-08-06,0.677,1.6,0.749,-0.851
2019-08-07,0.6754,1.59,0.704,-0.886
2019-08-08,0.6812,1.62,0.733,-0.887
2019-08-09,0.6796,1.63,0.716,-0.914
2019-08-12,0.6756,1.58,0.714,-0.866
2019-08-13,0.6798,1.66,0.707,-0.953
2019-08-14,0.6742,1.58,0.712,-0.868
2019-08-15,0.6784,1.48,0.714,-0.766
2019-08-16,0.6782,1.48,0.719,-0.761
2019-08-19,0.6772,1.53,0.729,-0.801
2019-08-20,0.6777,1.5,0.728,-0.772
2019-08-21,0.6792,1.56,0.722,-0.838
2019-08-22,0.6764,1.61,0.719,-0.891
2019-08-23,0.6749,1.51,0.743,-0.767
2019-08-26,0.6782,1.54,0.698,-0.842
2019-08-27,0.6758,1.53,0.727,-0.803
2019-08-28,0.6746,1.5,0.716,-0.784
2019-08-29,0.6734,1.53,0.708,-0.822
2019-08-30,0.673,1.5,0.706,-0.794
2019-09-03,0.6758,1.47,0.732,-0.738
2019-09-04,0.6796,1.43,0.754,-0.676
2019-09-05,0.682,1.55,0.785,-0.765
2019-09-06,0.6856,1.53,0.851,-0.679
2019-09-09,0.6874,1.58,0.841,-0.739
2019-09-10,0.6868,1.67,0.864,-0.806
2019-09-11,0.6858,1.68,0.896,-0.784
2019-09-12,0.6871,1.72,0.897,-0.823
2019-09-13,0.6886,1.79,0.903,-0.887
2019-09-16,0.6865,1.74,0.923,-0.817
2019-09-17,0.6858,1.72,0.869,-0.851
2019-09-18,0.6844,1.77,0.872,-0.898
2019-09-19,0.6795,1.74,0.79,-0.95
2019-09-20,0.677,1.69,0.757,-0.933
2019-09-23,0.6772,1.68,0.753,-0.927
2019-09-24,0.6793,1.6,0.739,-0.861
2019-09-25,0.675,1.68,0.731,-0.949
2019-09-26,0.6754,1.66,0.725,-0.935
2019-09-27,0.6764,1.63,0.725,-0.905
2019-09-30,0.6746,1.63,0.757,-0.873
2019-10-01,0.6703,1.56,0.68,-0.88
2019-10-02,0.6698,1.48,0.649,-0.831
2019-10-03,0.6751,1.39,0.63,-0.76
2019-10-04,0.6764,1.4,0.618,-0.782
2019-10-07,0.6742,1.46,0.618,-0.842
2019-10-08,0.6727,1.42,0.624,-0.796
2019-10-09,0.673,1.47,0.622,-0.848
2019-10-10,0.677,1.53,0.618,-0.912
2019-10-11,0.6804,1.63,0.688,-0.942
2019-10-15,0.6757,1.61,0.692,-0.918
2019-10-16,0.6755,1.58,0.711,-0.869
2019-10-17,0.6826,1.6,0.756,-0.844
2019-10-18,0.6846,1.58,0.767,-0.813
2019-10-21,0.6867,1.62,0.786,-0.834
2019-10-22,0.6863,1.6,0.79,-0.81
2019-10-23,0.6847,1.58,0.757,-0.823
2019-10-24,0.6817,1.58,0.744,-0.836
2019-10-25,0.6829,1.63,0.732,-0.898
2019-10-28,0.6839,1.64,0.754,-0.886
2019-10-29,0.6862,1.64,0.823,-0.817
2019-10-30,0.6872,1.61,0.797,-0.813
2019-10-31,0.6888,1.52,0.824,-0.696
2019-11-01,0.6914,1.56,0.805,-0.755
2019-11-04,0.6898,1.6,0.846,-0.754
2019-11-05,0.6892,1.63,0.873,-0.757
2019-11-06,0.6881,1.61,0.895,-0.715
2019-11-07,0.6895,1.68,0.858,-0.822
2019-11-08,0.6854,1.68,0.887,-0.793
2019-11-12,0.6846,1.66,0.852,-0.808
2019-11-13,0.6831,1.63,0.837,-0.793
2019-11-14,0.678,1.58,0.766,-0.814
2019-11-15,0.681,1.61,0.778,-0.832
2019-11-18,0.682,1.6,0.778,-0.822
2019-11-19,0.6826,1.6,0.751,-0.849
2019-11-20,0.6797,1.56,0.746,-0.814
2019-11-21,0.6793,1.6,0.754,-0.846
2019-11-22,0.6784,1.61,0.761,-0.849
2019-11-25,0.677,1.61,0.764,-0.846
2019-11-26,0.6787,1.58,0.764,-0.816
2019-11-27,0.678,1.63,0.683,-0.947
2019-11-29,0.6762,1.61,0.679,-0.931
2019-12-02,0.6819,1.61,0.711,-0.899
2019-12-03,0.6841,1.53,0.786,-0.744
2019-12-04,0.6851,1.58,0.708,-0.872
2019-12-05,0.6834,1.58,0.713,-0.867
2019-12-06,0.6836,1.61,0.731,-0.879
2019-12-09,0.6832,1.63,0.746,-0.884
2019-12-10,0.6814,1.65,0.725,-0.925
2019-12-11,0.6864,1.61,0.759,-0.851
2019-12-12,0.6896,1.66,0.745,-0.915
2019-12-13,0.6871,1.61,0.818,-0.792
2019-12-16,0.6887,1.65,0.77,-0.88
2019-12-17,0.6847,1.63,0.746,-0.884
2019-12-18,0.6854,1.63,0.78,-0.85
2019-12-19,0.6887,1.62,0.84,-0.78
2019-12-20,0.6902,1.63,0.876,-0.754
2019-12-23,0.6917,1.64,0.888,-0.752
2019-12-24,0.6923,1.62,0.903,-0.717
2019-12-26,0.6939,1.64,0.903,-0.737
2019-12-27,0.6978,1.59,0.91,-0.68
2019-12-30,0.7004,1.58,0.9,-0.68
2019-12-31,0.703,1.58,0.922,-0.658
2020-01-02,0.6982,1.58,0.876,-0.704
2020-01-03,0.6963,1.53,0.822,-0.708
2020-01-06,0.6932,1.54,0.794,-0.746
2020-01-07,0.6861,1.54,0.792,-0.748
2020-01-08,0.687,1.58,0.772,-0.808
2020-01-09,0.6856,1.58,0.802,-0.778
2020-01-10,0.6903,1.56,0.813,-0.747
2020-01-13,0.6911,1.58,0.8,-0.78
2020-01-14,0.6905,1.58,0.818,-0.762
2020-01-15,0.6911,1.56,0.804,-0.756
2020-01-16,0.6895,1.58,0.78,-0.8
2020-01-17,0.6877,1.58,0.771,-0.809
2020-01-21,0.6853,1.53,0.75,-0.78
2020-01-22,0.6836,1.53,0.715,-0.815
2020-01-23,0.6834,1.51,0.742,-0.768
2020-01-24,0.6824,1.49,0.751,-0.739
2020-01-27,0.6757,1.44,0.751,-0.689
2020-01-28,0.6753,1.45,0.66,-0.79
2020-01-29,0.6744,1.42,0.698,-0.722
2020-01-30,0.6715,1.41,0.652,-0.758
2020-01-31,0.6699,1.33,0.648,-0.682
2020-02-03,0.6688,1.36,0.62,-0.74
2020-02-04,0.6732,1.41,0.647,-0.763
2020-02-05,0.6748,1.44,0.741,-0.699
2020-02-06,0.6738,1.44,0.786,-0.654
2020-02-07,0.6679,1.41,0.745,-0.665
2020-02-10,0.6674,1.37,0.726,-0.644
2020-02-11,0.6712,1.41,0.735,-0.675
2020-02-12,0.6746,1.44,0.764,-0.676
2020-02-13,0.6729,1.44,0.758,-0.682
2020-02-14,0.6719,1.42,0.75,-0.67
2020-02-18,0.6693,1.41,0.743,-0.667
2020-02-19,0.6673,1.42,0.744,-0.676
2020-02-20,0.6618,1.39,0.703,-0.687
2020-02-21,0.6632,1.34,0.663,-0.677
2020-02-24,0.6612,1.26,0.648,-0.612
2020-02-25,0.6597,1.2,0.657,-0.543
2020-02-26,0.6556,1.16,0.635,-0.525
2020-02-27,0.6582,1.11,0.591,-0.519
2020-02-28,0.6495,0.86,0.534,-0.326
2020-03-02,0.6524,0.84,0.468,-0.372
2020-03-03,0.6617,0.71,0.457,-0.253
2020-03-04,0.6609,0.67,0.387,-0.283
2020-03-05,0.66,0.59,0.42,-0.17
2020-03-06,0.6634,0.49,0.388,-0.102
2020-03-09,0.6654,0.38,0.413,0.033
2020-03-10,0.647,0.5,0.496,-0.004
2020-03-11,0.6512,0.5,0.422,-0.078
2020-03-12,0.628,0.5,0.433,-0.067
2020-03-13,0.6161,0.49,0.566,0.076
2020-03-16,0.6132,0.36,0.504,0.144
2020-03-17,0.5976,0.47,0.525,0.055
2020-03-18,0.582,0.54,0.515,-0.025
2020-03-19,0.5859,0.44,0.334,-0.106
2020-03-20,0.5841,0.37,0.282,-0.088
2020-03-23,0.5755,0.28,0.287,0.007
2020-03-24,0.5927,0.38,0.285,-0.095
2020-03-25,0.5957,0.34,0.288,-0.052
2020-03-26,0.6054,0.3,0.268,-0.032
2020-03-27,0.6126,0.25,0.254,0.004
2020-03-30,0.6145,0.23,0.255,0.025
2020-03-31,0.6139,0.23,0.244,0.014
2020-04-01,0.6107,0.23,0.212,-0.018
2020-04-02,0.6047,0.23,0.219,-0.011
2020-04-03,0.6001,0.23,0.212,-0.018
2020-04-06,0.6096,0.27,0.22,-0.05
2020-04-07,0.6187,0.28,0.224,-0.056
2020-04-08,0.6223,0.27,0.219,-0.051
2020-04-09,0.6309,0.23,0.231,0.001
2020-04-10,0.6349,0.23,0.231,0.001
2020-04-13,0.638,0.25,0.231,-0.019
2020-04-14,0.6419,0.23,0.226,-0.004
2020-04-15,0.6328,0.2,0.231,0.031
2020-04-16,0.6301,0.2,0.221,0.021
2020-04-17,0.6357,0.2,0.225,0.025
2020-04-20,0.6387,0.2,0.228,0.028
2020-04-21,0.6279,0.2,0.224,0.024
2020-04-22,0.632,0.22,0.222,0.002
2020-04-23,0.6388,0.22,0.227,0.007
2020-04-24,0.6377,0.22,0.228,0.008
2020-04-27,0.646,0.24,0.231,-0.009
2020-04-28,0.6499,0.2,0.228,0.028
2020-04-29,0.6536,0.2,0.227,0.027
2020-04-30,0.6523,0.2,0.222,0.022
2020-05-01,0.6424,0.2,0.221,0.021
2020-05-04,0.6412,0.19,0.22,0.03
2020-05-05,0.6458,0.19,0.218,0.028
2020-05-06,0.6414,0.17,0.228,0.058
2020-05-07,0.65,0.13,0.226,0.096
2020-05-08,0.6543,0.16,0.219,0.059
2020-05-11,0.6472,0.17,0.219,0.049
2020-05-12,0.6509,0.17,0.228,0.058
2020-05-13,0.6463,0.16,0.237,0.077
2020-05-14,0.6422,0.16,0.251,0.091
2020-05-15,0.641,0.16,0.251,0.091
2020-05-18,0.6513,0.18,0.255,0.075
2020-05-19,0.6567,0.17,0.262,0.092
2020-05-20,0.6601,0.16,0.259,0.099
2020-05-21,0.6562,0.17,0.256,0.086
2020-05-22,0.6528,0.17,0.257,0.087
2020-05-26,0.6644,0.18,0.263,0.083
2020-05-27,0.659,0.19,0.262,0.072
2020-05-28,0.6664,0.17,0.263,0.093
2020-05-29,0.6642,0.16,0.264,0.104
2020-06-01,0.6785,0.14,0.268,0.128
2020-06-02,0.6872,0.17,0.266,0.096
2020-06-03,0.6948,0.19,0.274,0.084
2020-06-04,0.6944,0.19,0.282,0.092
2020-06-05,0.6983,0.22,0.284,0.064
2020-06-08,0.6995,0.22,0.284,0.064
2020-06-09,0.6964,0.2,0.281,0.081
2020-06-10,0.7004,0.17,0.281,0.111
2020-06-11,0.6889,0.19,0.271,0.081
2020-06-12,0.6854,0.19,0.27,0.08
2020-06-15,0.6851,0.19,0.265,0.075
2020-06-16,0.6886,0.21,0.264,0.054
2020-06-17,0.6897,0.19,0.264,0.074
2020-06-18,0.6847,0.19,0.26,0.07
2020-06-19,0.6856,0.19,0.263,0.073
2020-06-22,0.6904,0.19,0.261,0.071
2020-06-23,0.6955,0.18,0.259,0.079
2020-06-24,0.6875,0.19,0.252,0.062
2020-06-25,0.6868,0.17,0.25,0.08
2020-06-26,0.6861,0.17,0.248,0.078
2020-06-29,0.6851,0.16,0.25,0.09
2020-06-30,0.6893,0.16,0.249,0.089
2020-07-01,0.6917,0.17,0.253,0.083
2020-07-02,0.6921,0.16,0.25,0.09
2020-07-06,0.6973,0.16,0.254,0.094
2020-07-07,0.6972,0.16,0.253,0.093
2020-07-08,0.6967,0.16,0.249,0.089
2020-07-09,0.6958,0.16,0.251,0.091
2020-07-10,0.6959,0.16,0.25,0.09
2020-07-13,0.6983,0.16,0.257,0.097
2020-07-14,0.697,0.14,0.261,0.121
2020-07-15,0.7003,0.16,0.257,0.097
2020-07-16,0.7008,0.16,0.256,0.096
2020-07-17,0.6994,0.14,0.261,0.121
2020-07-20,0.7009,0.16,0.265,0.105
2020-07-21,0.7111,0.14,0.265,0.125
2020-07-22,0.7147,0.14,0.279,0.139
2020-07-23,0.7136,0.16,0.269,0.109
2020-07-24,0.7094,0.14,0.26,0.12
2020-07-27,0.7134,0.15,0.268,0.118
2020-07-28,0.7161,0.14,0.274,0.134
2020-07-29,0.7168,0.12,0.271,0.151
2020-07-30,0.7139,0.11,0.275,0.165
2020-07-31,0.7159,0.11,0.28,0.17
2020-08-03,0.7107,0.11,0.281,0.171
2020-08-04,0.715,0.11,0.257,0.147
2020-08-05,0.7216,0.11,0.258,0.148
2020-08-06,0.7228,0.11,0.26,0.15
2020-08-07,0.7163,0.13,0.259,0.129
2020-08-10,0.7162,0.14,0.262,0.122
2020-08-11,0.7155,0.16,0.27,0.11
2020-08-12,0.7167,0.16,0.274,0.114
2020-08-13,0.716,0.16,0.268,0.108
2020-08-14,0.7168,0.14,0.27,0.13
2020-08-17,0.7211,0.14,0.269,0.129
2020-08-18,0.7235,0.14,0.273,0.133
2020-08-19,0.7234,0.14,0.273,0.133
2020-08-20,0.7178,0.13,0.269,0.139
2020-08-21,0.7156,0.16,0.27,0.11
2020-08-24,0.7174,0.14,0.272,0.132
2020-08-25,0.718,0.15,0.267,0.117
2020-08-26,0.7222,0.16,0.27,0.11
2020-08-27,0.726,0.16,0.267,0.107
2020-08-28,0.7352,0.14,0.274,0.134
2020-08-31,0.7388,0.14,0.277,0.137
2020-09-01,0.7375,0.13,0.273,0.143
2020-09-02,0.7319,0.14,0.272,0.132
2020-09-03,0.7272,0.13,0.269,0.139
2020-09-04,0.7264,0.14,0.272,0.132
2020-09-08,0.723,0.14,0.275,0.135
2020-09-09,0.7275,0.14,0.259,0.119
2020-09-10,0.7287,0.14,0.256,0.116
2020-09-11,0.7277,0.13,0.254,0.124
2020-09-14,0.7299,0.14,0.24,0.1
2020-09-15,0.7296,0.14,0.225,0.085
2020-09-16,0.7336,0.14,0.219,0.079
2020-09-17,0.7289,0.13,0.209,0.079
2020-09-18,0.7311,0.14,0.212,0.072
2020-09-21,0.7212,0.14,0.213,0.073
2020-09-22,0.7173,0.13,0.21,0.08
2020-09-23,0.7093,0.14,0.162,0.022
2020-09-24,0.7046,0.14,0.165,0.025
2020-09-25,0.7012,0.12,0.168,0.048
2020-09-28,0.7067,0.14,0.165,0.025
2020-09-29,0.7109,0.11,0.17,0.06
2020-09-30,0.716,0.13,0.172,0.042
2020-10-01,0.7189,0.14,0.176,0.036
2020-10-02,0.7147,0.13,0.175,0.045
2020-10-05,0.7181,0.14,0.175,0.035
2020-10-06,0.7149,0.14,0.184,0.044
2020-10-07,0.714,0.16,0.146,-0.014
2020-10-08,0.7158,0.13,0.155,0.025
2020-10-09,0.7237,0.16,0.155,-0.005
2020-10-13,0.7165,0.16,0.149,-0.011
2020-10-14,0.7169,0.14,0.154,0.014
2020-10-15,0.7079,0.14,0.14,0.0
2020-10-16,0.7083,0.14,0.143,0.003
2020-10-19,0.709,0.16,0.146,-0.014
2020-10-20,0.7057,0.14,0.129,-0.011
2020-10-21,0.712,0.14,0.125,-0.015
2020-10-22,0.7109,0.16,0.124,-0.036
2020-10-23,0.7118,0.18,0.128,-0.052
2020-10-26,0.712,0.16,0.112,-0.048
2020-10-27,0.7143,0.16,0.114,-0.046
2020-10-28,0.7067,0.16,0.109,-0.051
2020-10-29,0.7006,0.16,0.111,-0.049
2020-10-30,0.7023,0.14,0.109,-0.031
2020-11-02,0.7045,0.16,0.113,-0.047
2020-11-03,0.7159,0.17,0.093,-0.077
2020-11-04,0.7192,0.14,0.108,-0.032
2020-11-05,0.7265,0.14,0.097,-0.043
2020-11-06,0.7268,0.16,0.096,-0.064
2020-11-09,0.7275,0.17,0.094,-0.076
2020-11-10,0.7273,0.19,0.099,-0.091
2020-11-12,0.7267,0.17,0.097,-0.073
2020-11-13,0.7256,0.17,0.102,-0.068
2020-11-16,0.7323,0.19,0.099,-0.091
2020-11-17,0.7298,0.18,0.097,-0.083
2020-11-18,0.7325,0.16,0.095,-0.065
2020-11-19,0.7265,0.18,0.095,-0.085
2020-11-20,0.7315,0.16,0.097,-0.063
2020-11-23,0.7279,0.16,0.092,-0.068
2020-11-24,0.7351,0.16,0.093,-0.067
2020-11-25,0.736,0.17,0.093,-0.077
2020-11-30,0.7351,0.16,0.089,-0.071
2020-12-01,0.7355,0.17,0.094,-0.076
2020-12-02,0.7395,0.16,0.098,-0.062
2020-12-03,0.7444,0.16,0.1,-0.06
2020-12-04,0.7438,0.16,0.1,-0.06
2020-12-07,0.7449,0.14,0.1,-0.04
2020-12-08,0.7414,0.14,0.099,-0.041
2020-12-09,0.7451,0.16,0.097,-0.063
2020-12-10,0.752,0.14,0.087,-0.053
2020-12-11,0.7532,0.11,0.09,-0.02
2020-12-14,0.7537,0.13,0.092,-0.038
2020-12-15,0.7555,0.11,0.092,-0.018
2020-12-16,0.7565,0.13,0.099,-0.031
2020-12-17,0.762,0.13,0.103,-0.027
2020-12-18,0.7615,0.13,0.104,-0.026
2020-12-21,0.7575,0.13,0.09,-0.04
2020-12-22,0.7531,0.13,0.087,-0.043
2020-12-23,0.7587,0.13,0.086,-0.044
2020-12-28,0.7568,0.13,0.081,-0.049
2020-12-29,0.7623,0.12,0.08,-0.04
2020-12-30,0.7682,0.12,0.077,-0.043
2020-12-31,0.7709,0.13,0.074,-0.056
2021-01-04,0.7657,0.11,0.076,-0.034
2021-01-05,0.7752,0.13,0.075,-0.055
2021-01-06,0.7787,0.14,0.076,-0.064
2021-01-07,0.7755,0.14,0.077,-0.063
2021-01-08,0.7778,0.14,0.077,-0.063
2021-01-11,0.7714,0.14,0.076,-0.064
2021-01-12,0.7732,0.14,0.079,-0.061
2021-01-13,0.774,0.14,0.082,-0.058
2021-01-14,0.779,0.16,0.078,-0.082
2021-01-15,0.7723,0.13,0.078,-0.052
2021-01-19,0.7703,0.14,0.079,-0.061
2021-01-21,0.7754,0.13,0.078,-0.052
2021-01-22,0.7728,0.13,0.083,-0.047
2021-01-25,0.7703,0.13,0.079,-0.051
2021-01-26,0.7737,0.11,0.079,-0.031
2021-01-27,0.768,0.12,0.084,-0.036
2021-01-28,0.7674,0.12,0.083,-0.037
2021-01-29,0.7661,0.11,0.085,-0.025
2021-02-01,0.7625,0.11,0.088,-0.022
2021-02-02,0.7586,0.11,0.092,-0.018
2021-02-03,0.7622,0.11,0.093,-0.017
2021-02-04,0.7599,0.11,0.097,-0.013
2021-02-05,0.7656,0.09,0.092,0.002
2021-02-08,0.7702,0.11,0.09,-0.02
2021-02-09,0.7724,0.11,0.088,-0.022
2021-02-10,0.7735,0.11,0.088,-0.022
2021-02-11,0.7756,0.11,0.087,-0.023
2021-02-12,0.7762,0.11,0.088,-0.022
2021-02-16,0.7759,0.13,0.093,-0.037
2021-02-17,0.774,0.11,0.1,-0.01
2021-02-18,0.775,0.11,0.104,-0.006
2021-02-19,0.7873,0.11,0.111,0.001
2021-02-22,0.7916,0.11,0.119,0.009
2021-02-23,0.7902,0.11,0.116,0.006
2021-02-24,0.7935,0.12,0.115,-0.005
2021-02-25,0.7953,0.17,0.112,-0.058
2021-02-26,0.772,0.14,0.108,-0.032
2021-03-01,0.7776,0.13,0.113,-0.017
2021-03-02,0.7822,0.13,0.106,-0.024
2021-03-03,0.7808,0.14,0.106,-0.034
2021-03-04,0.7807,0.14,0.116,-0.024
2021-03-05,0.7665,0.14,0.12,-0.02
2021-03-08,0.7653,0.17,0.122,-0.048
2021-03-09,0.7699,0.17,0.104,-0.066
2021-03-10,0.7721,0.16,0.097,-0.063
2021-03-11,0.7773,0.14,0.089,-0.051
2021-03-12,0.7772,0.14,0.1,-0.04
2021-03-15,0.7729,0.14,0.084,-0.056
2021-03-16,0.7748,0.15,0.083,-0.067
2021-03-17,0.7709,0.13,0.08,-0.05
2021-03-18,0.7795,0.16,0.086,-0.074
2021-03-19,0.7746,0.16,0.086,-0.074
2021-03-22,0.775,0.15,0.084,-0.066
2021-03-23,0.7682,0.15,0.079,-0.071
2021-03-24,0.7622,0.14,0.078,-0.062
2021-03-25,0.757,0.14,0.074,-0.066
2021-03-26,0.7629,0.14,0.072,-0.068
2021-03-29,0.7643,0.14,0.071,-0.069
2021-03-30,0.7607,0.16,0.073,-0.087
2021-03-31,0.7613,0.16,0.074,-0.086
2021-04-01,0.7604,0.17,0.076,-0.094
2021-04-02,0.7607,0.19,0.076,-0.114
2021-04-05,0.7657,0.17,0.076,-0.094
2021-04-06,0.766,0.16,0.075,-0.085
2021-04-07,0.7627,0.16,0.075,-0.085
2021-04-08,0.764,0.14,0.075,-0.065
2021-04-09,0.7631,0.16,0.074,-0.086
2021-04-12,0.762,0.18,0.075,-0.105
2021-04-13,0.7629,0.16,0.074,-0.086
2021-04-14,0.7731,0.16,0.074,-0.086
2021-04-15,0.7746,0.16,0.075,-0.085
2021-04-16,0.7734,0.16,0.074,-0.086
2021-04-19,0.7759,0.16,0.074,-0.086
2021-04-20,0.7742,0.15,0.074,-0.076
2021-04-21,0.7755,0.15,0.072,-0.078
2021-04-22,0.7725,0.16,0.072,-0.088
2021-04-23,0.7739,0.16,0.071,-0.089
2021-04-26,0.7802,0.18,0.072,-0.108
2021-04-27,0.7775,0.17,0.074,-0.096
2021-04-28,0.7768,0.17,0.074,-0.096
2021-04-29,0.7759,0.16,0.074,-0.086
2021-04-30,0.7716,0.16,0.077,-0.083
2021-05-03,0.7758,0.16,0.079,-0.081
2021-05-04,0.7688,0.16,0.083,-0.077
2021-05-05,0.775,0.16,0.085,-0.075
2021-05-06,0.7768,0.16,0.088,-0.072
2021-05-07,0.7861,0.14,0.082,-0.058
2021-05-10,0.7876,0.16,0.079,-0.081
2021-05-11,0.7843,0.16,0.074,-0.086
2021-05-12,0.7734,0.16,0.078,-0.082
2021-05-13,0.7723,0.16,0.077,-0.083
2021-05-14,0.7776,0.16,0.077,-0.083
2021-05-17,0.7765,0.16,0.077,-0.083
2021-05-18,0.7782,0.16,0.074,-0.086
2021-05-19,0.7753,0.16,0.071,-0.089
2021-05-20,0.778,0.15,0.069,-0.081
2021-05-21,0.7731,0.17,0.07,-0.1
2021-05-24,0.7741,0.15,0.069,-0.081
2021-05-25,0.7741,0.15,0.066,-0.084
2021-05-26,0.7743,0.14,0.061,-0.079
2021-05-27,0.7736,0.14,0.057,-0.083
2021-05-28,0.7706,0.14,0.059,-0.081
2021-06-01,0.7765,0.16,0.046,-0.114
2021-06-02,0.7752,0.13,0.046,-0.084
2021-06-03,0.7652,0.16,0.039,-0.121
2021-06-04,0.7742,0.14,0.043,-0.097
2021-06-07,0.7765,0.16,0.044,-0.116
2021-06-08,0.7741,0.14,0.047,-0.093
2021-06-09,0.7731,0.16,0.034,-0.126
2021-06-10,0.7752,0.14,0.012,-0.128
2021-06-11,0.7696,0.16,-0.001,-0.161
2021-06-14,0.7718,0.16,-0.001,-0.161
2021-06-15,0.7676,0.16,0.004,-0.156
2021-06-16,0.7712,0.21,0.005,-0.205
2021-06-17,0.7555,0.23,0.018,-0.212
2021-06-18,0.7499,0.26,0.066,-0.194
2021-06-21,0.7528,0.27,0.084,-0.186
2021-06-22,0.7528,0.25,0.074,-0.176
2021-06-23,0.7589,0.26,0.076,-0.184
2021-06-24,0.7573,0.26,0.07,-0.19
2021-06-25,0.7595,0.28,0.072,-0.208
2021-06-28,0.7574,0.25,0.07,-0.18
2021-06-29,0.7517,0.27,0.068,-0.202
2021-06-30,0.7496,0.25,0.065,-0.185
2021-07-01,0.7472,0.25,0.058,-0.192
2021-07-02,0.7499,0.24,0.057,-0.183
2021-07-06,0.7496,0.22,0.067,-0.153
2021-07-07,0.7485,0.22,0.066,-0.154
2021-07-08,0.7437,0.19,0.064,-0.126
2021-07-09,0.748,0.23,0.062,-0.168
2021-07-12,0.749,0.23,0.056,-0.174
2021-07-13,0.7471,0.26,0.058,-0.202
2021-07-14,0.7469,0.23,0.047,-0.183
2021-07-15,0.7436,0.23,0.047,-0.183
2021-07-16,0.7409,0.25,0.045,-0.205
2021-07-19,0.7343,0.21,0.039,-0.171
2021-07-20,0.7325,0.2,0.029,-0.171
2021-07-21,0.7357,0.22,0.03,-0.19
2021-07-22,0.7365,0.2,0.028,-0.172
2021-07-23,0.7364,0.22,0.028,-0.192
2021-07-26,0.7386,0.22,0.031,-0.189
2021-07-27,0.7368,0.2,0.029,-0.171
2021-07-28,0.7349,0.2,0.025,-0.175
2021-07-29,0.74,0.2,0.021,-0.179
2021-07-30,0.7351,0.19,0.022,-0.168
2021-08-02,0.7364,0.17,0.022,-0.148
2021-08-03,0.7385,0.17,0.024,-0.146
2021-08-04,0.7378,0.17,0.024,-0.146
2021-08-05,0.7409,0.21,0.029,-0.181
2021-08-06,0.7357,0.21,0.04,-0.17
2021-08-09,0.734,0.23,0.039,-0.191
2021-08-10,0.7346,0.24,0.04,-0.2
2021-08-11,0.7374,0.23,0.041,-0.189
2021-08-12,0.7345,0.23,0.04,-0.19
2021-08-13,0.7377,0.23,0.039,-0.191
2021-08-16,0.7339,0.21,0.033,-0.177
2021-08-17,0.7254,0.23,0.029,-0.201
2021-08-18,0.7236,0.23,0.027,-0.203
2021-08-19,0.717,0.22,0.025,-0.195
2021-08-20,0.7133,0.23,0.011,-0.219
2021-08-23,0.7208,0.23,0.011,-0.219
2021-08-24,0.7254,0.24,0.013,-0.227
2021-08-25,0.7266,0.23,0.017,-0.213
2021-08-26,0.7248,0.25,0.017,-0.233
2021-08-27,0.7309,0.22,0.018,-0.202
2021-08-30,0.7295,0.2,0.016,-0.184
2021-08-31,0.7307,0.2,0.009,-0.191
2021-09-01,0.7369,0.2,0.009,-0.191
2021-09-02,0.7401,0.2,0.008,-0.192
2021-09-03,0.7442,0.21,0.008,-0.202
2021-09-07,0.7394,0.22,0.009,-0.211
2021-09-08,0.7368,0.22,0.01,-0.21
2021-09-09,0.738,0.23,0.01,-0.22
2021-09-10,0.7366,0.23,0.008,-0.222
2021-09-13,0.737,0.21,0.006,-0.204
2021-09-14,0.7335,0.21,0.002,-0.208
2021-09-15,0.7324,0.21,0.007,-0.203
2021-09-16,0.7288,0.23,0.008,-0.222
2021-09-17,0.7276,0.23,0.008,-0.222
2021-09-20,0.7248,0.23,0.008,-0.222
2021-09-21,0.724,0.22,0.008,-0.212
2021-09-22,0.7264,0.25,0.009,-0.241
2021-09-23,0.7297,0.27,0.009,-0.261
2021-09-24,0.7258,0.29,0.013,-0.277
2021-09-27,0.7284,0.31,0.016,-0.294
2021-09-28,0.7237,0.31,0.024,-0.286
2021-09-29,0.719,0.3,0.026,-0.274
2021-09-30,0.7228,0.28,0.035,-0.245
2021-10-01,0.7271,0.27,0.039,-0.231
2021-10-04,0.7284,0.27,0.039,-0.231
2021-10-05,0.7295,0.28,0.068,-0.212
2021-10-06,0.7258,0.3,0.084,-0.216
2021-10-07,0.7321,0.32,0.086,-0.234
2021-10-08,0.7308,0.32,0.086,-0.234
2021-10-12,0.7366,0.35,0.096,-0.254
2021-10-13,0.7371,0.37,0.097,-0.273
2021-10-14,0.7419,0.36,0.098,-0.262
2021-10-15,0.7416,0.41,0.102,-0.308
2021-10-18,0.7417,0.44,0.13,-0.31
2021-10-19,0.7481,0.41,0.137,-0.273
2021-10-20,0.7512,0.4,0.144,-0.256
2021-10-21,0.7492,0.45,0.155,-0.295
2021-10-22,0.7463,0.48,0.121,-0.359
2021-10-25,0.7494,0.47,0.126,-0.344
2021-10-26,0.7497,0.47,0.144,-0.326
2021-10-27,0.7515,0.5,0.2,-0.3
2021-10-28,0.7547,0.5,0.496,-0.004
2021-10-29,0.751,0.48,0.68,0.2
2021-11-01,0.7534,0.5,0.64,0.14
2021-11-02,0.7429,0.46,0.619,0.159
2021-11-03,0.743,0.47,0.57,0.1
2021-11-04,0.7402,0.41,0.585,0.175
2021-11-05,0.7408,0.39,0.545,0.155
2021-11-08,0.7429,0.45,0.51,0.06
2021-11-09,0.7369,0.41,0.506,0.096
2021-11-10,0.736,0.51,0.514,0.004
2021-11-12,0.7322,0.53,0.606,0.076
2021-11-15,0.7361,0.53,0.577,0.047
2021-11-16,0.7309,0.54,0.608,0.068
2021-11-17,0.7273,0.52,0.58,0.06
2021-11-18,0.727,0.52,0.561,0.041
2021-11-19,0.7257,0.52,0.567,0.047
2021-11-22,0.7235,0.63,0.568,-0.062
2021-11-23,0.7222,0.6,0.607,0.007
2021-11-24,0.7197,0.64,0.557,-0.083
2021-11-26,0.7124,0.5,0.541,0.041
2021-11-29,0.7119,0.51,0.526,0.016
2021-11-30,0.7088,0.52,0.511,-0.009
2021-12-01,0.7132,0.56,0.545,-0.015
2021-12-02,0.7097,0.63,0.555,-0.075
2021-12-03,0.7011,0.6,0.543,-0.057
2021-12-06,0.7044,0.65,0.527,-0.123
2021-12-07,0.7113,0.7,0.552,-0.148
2021-12-08,0.7167,0.68,0.562,-0.118
2021-12-09,0.7146,0.7,0.546,-0.154
2021-12-10,0.7177,0.67,0.531,-0.139
2021-12-13,0.7123,0.66,0.521,-0.139
2021-12-14,0.7103,0.67,0.508,-0.162
2021-12-15,0.7125,0.69,0.528,-0.162
2021-12-16,0.7191,0.64,0.577,-0.063
2021-12-17,0.7148,0.66,0.577,-0.083
2021-12-20,0.7117,0.65,0.534,-0.116
2021-12-21,0.714,0.7,0.53,-0.17
2021-12-22,0.7215,0.68,0.475,-0.205
2021-12-23,0.724,0.71,0.483,-0.227
2021-12-27,0.7238,0.76,0.487,-0.273
2021-12-28,0.7233,0.74,0.487,-0.253
2021-12-29,0.7241,0.75,0.477,-0.273
2021-12-30,0.726,0.73,0.501,-0.229
2022-01-03,0.7195,0.78,0.509,-0.271
2022-01-04,0.7241,0.77,0.561,-0.209
2022-01-05,0.726,0.83,0.575,-0.255
2022-01-06,0.7168,0.88,0.625,-0.255
2022-01-07,0.7186,0.87,0.615,-0.255
2022-01-10,0.717,0.92,0.622,-0.298
2022-01-11,0.7198,0.9,0.62,-0.28
2022-01-12,0.7277,0.92,0.607,-0.313
2022-01-13,0.7299,0.91,0.636,-0.274
2022-01-14,0.7222,0.99,0.664,-0.326
2022-01-18,0.7188,1.06,0.766,-0.294
2022-01-19,0.7226,1.04,0.797,-0.243
2022-01-20,0.7266,1.08,0.821,-0.259
2022-01-21,0.7199,1.01,0.773,-0.237
2022-01-24,0.7101,0.99,0.799,-0.191
2022-01-25,0.7138,1.02,0.848,-0.172
2022-01-26,0.7167,1.13,0.848,-0.282
2022-01-27,0.7044,1.18,0.916,-0.264
2022-01-28,0.6998,1.15,0.876,-0.274
2022-01-31,0.7064,1.18,0.812,-0.368
2022-02-01,0.711,1.18,0.797,-0.383
2022-02-02,0.7125,1.16,0.804,-0.356
2022-02-03,0.7143,1.19,0.791,-0.399
2022-02-04,0.7067,1.31,0.864,-0.446
2022-02-07,0.7111,1.3,0.93,-0.37
2022-02-08,0.7133,1.35,0.993,-0.357
2022-02-09,0.7183,1.36,0.985,-0.375
2022-02-10,0.7245,1.61,0.978,-0.632
2022-02-11,0.7177,1.5,1.084,-0.416
2022-02-14,0.7127,1.58,1.049,-0.531
2022-02-15,0.7152,1.58,1.116,-0.464
2022-02-16,0.7183,1.52,1.136,-0.384
2022-02-17,0.7195,1.49,1.09,-0.4
2022-02-18,0.7174,1.47,1.105,-0.365
2022-02-22,0.7226,1.56,1.107,-0.453
2022-02-23,0.7245,1.58,1.161,-0.419
2022-02-24,0.7133,1.54,1.088,-0.452
2022-02-25,0.7218,1.55,1.127,-0.423
2022-02-28,0.7261,1.44,1.022,-0.418
2022-03-01,0.7248,1.31,1.021,-0.289
2022-03-02,0.7282,1.5,0.939,-0.561
2022-03-03,0.7315,1.53,1.016,-0.514
2022-03-04,0.7362,1.5,1.049,-0.451
2022-03-07,0.7321,1.55,1.061,-0.489
2022-03-08,0.7262,1.63,1.142,-0.488
2022-03-09,0.7323,1.68,1.193,-0.487
2022-03-10,0.7361,1.72,1.215,-0.505
2022-03-11,0.7308,1.75,1.244,-0.506
2022-03-14,0.7228,1.87,1.278,-0.592
2022-03-15,0.7196,1.85,1.28,-0.57
2022-03-16,0.7251,1.95,1.233,-0.717
2022-03-17,0.7388,1.94,1.288,-0.652
2022-03-18,0.7402,1.97,1.338,-0.632
2022-03-21,0.7419,2.14,1.349,-0.791
2022-03-22,0.7438,2.18,1.506,-0.674
2022-03-23,0.7498,2.13,1.521,-0.609
2022-03-24,0.7505,2.13,1.451,-0.679
2022-03-25,0.7501,2.3,1.533,-0.767
2022-03-28,0.7483,2.35,1.747,-0.603
2022-03-29,0.7502,2.35,1.864,-0.486
2022-03-30,0.7508,2.31,1.777,-0.533
2022-03-31,0.7499,2.28,1.761,-0.519
2022-04-01,0.7493,2.44,1.791,-0.649
2022-04-04,0.7549,2.43,1.809,-0.621
2022-04-05,0.7598,2.51,1.93,-0.58
2022-04-06,0.7542,2.5,2.073,-0.427
2022-04-07,0.7472,2.47,2.077,-0.393
2022-04-08,0.7461,2.53,2.097,-0.433
2022-04-11,0.742,2.5,2.107,-0.393
2022-04-12,0.748,2.39,2.142,-0.248
2022-04-13,0.743,2.37,2.101,-0.269
2022-04-14,0.7404,2.47,2.005,-0.465
2022-04-15,0.7401,2.47,2.005,-0.465
2022-04-18,0.7353,2.46,2.005,-0.455
2022-04-19,0.737,2.61,2.112,-0.498
2022-04-20,0.7452,2.6,2.188,-0.412
2022-04-21,0.7376,2.68,2.251,-0.429
2022-04-22,0.7257,2.72,2.38,-0.34
2022-04-25,0.7147,2.63,2.38,-0.25
2022-04-26,0.7145,2.54,2.351,-0.189
2022-04-27,0.7124,2.58,2.383,-0.197
2022-04-28,0.7077,2.63,2.408,-0.222
2022-04-29,0.7101,2.7,2.451,-0.249
2022-05-02,0.7058,2.73,2.56,-0.17
2022-05-03,0.7099,2.78,2.764,-0.016
2022-05-04,0.7145,2.66,2.896,0.236
2022-05-05,0.7089,2.71,2.725,0.015
2022-05-06,0.7091,2.72,2.757,0.037
2022-05-09,0.6989,2.61,2.77,0.16
2022-05-10,0.6925,2.62,2.714,0.094
2022-05-11,0.6994,2.66,2.679,0.019
2022-05-12,0.6852,2.56,2.636,0.076
2022-05-13,0.6918,2.61,2.564,-0.046
2022-05-16,0.6943,2.58,2.58,0.0
2022-05-17,0.7013,2.71,2.603,-0.107
2022-05-18,0.6998,2.68,2.624,-0.056
2022-05-19,0.7057,2.63,2.564,-0.066
2022-05-20,0.7032,2.6,2.514,-0.086
2022-05-23,0.7099,2.65,2.533,-0.117
2022-05-24,0.7081,2.5,2.531,0.031
2022-05-25,0.7066,2.48,2.423,-0.057
2022-05-26,0.7078,2.46,2.413,-0.047
2022-05-27,0.7155,2.47,2.445,-0.025
2022-05-31,0.7188,2.53,2.519,-0.011
2022-06-01,0.7164,2.66,2.572,-0.088
2022-06-02,0.7251,2.65,2.677,0.027
2022-06-03,0.7209,2.66,2.652,-0.008
2022-06-06,0.7207,2.73,2.669,-0.061
2022-06-07,0.7212,2.75,2.834,0.084
2022-06-08,0.7218,2.78,2.781,0.001
2022-06-09,0.712,2.83,2.773,-0.057
2022-06-10,0.7054,3.06,2.791,-0.269
2022-06-13,0.6946,3.4,2.791,-0.609
2022-06-14,0.6885,3.45,3.132,-0.318
2022-06-15,0.6946,3.2,3.365,0.165
2022-06-16,0.6998,3.14,3.234,0.094
2022-06-17,0.6923,3.17,3.358,0.188
2022-06-21,0.6975,3.21,3.222,0.012
2022-06-22,0.6934,3.06,3.086,0.026
2022-06-23,0.6893,3.01,2.985,-0.025
2022-06-24,0.6946,3.04,2.831,-0.209
2022-06-27,0.6942,3.08,2.902,-0.178
2022-06-28,0.6916,3.1,2.877,-0.223
2022-06-29,0.6887,3.06,2.81,-0.25
2022-06-30,0.6905,2.92,2.729,-0.191
2022-07-01,0.6789,2.84,2.588,-0.252
2022-07-05,0.6774,2.82,2.581,-0.239
2022-07-06,0.6774,2.97,2.534,-0.436
2022-07-07,0.6827,3.03,2.589,-0.441
2022-07-08,0.6858,3.12,2.648,-0.472
2022-07-11,0.675,3.07,2.68,-0.39
2022-07-12,0.6772,3.03,2.587,-0.443
2022-07-13,0.6786,3.13,2.57,-0.56
2022-07-14,0.6744,3.15,2.678,-0.472
2022-07-15,0.6793,3.13,2.671,-0.459
2022-07-18,0.6838,3.15,2.754,-0.396
2022-07-19,0.6904,3.23,2.856,-0.374
2022-07-20,0.6897,3.25,2.907,-0.343
2022-07-21,0.6896,3.1,2.917,-0.183
2022-07-22,0.6948,2.98,2.831,-0.149
2022-07-25,0.6954,3.0,2.775,-0.225
2022-07-26,0.6939,3.02,2.799,-0.221
2022-07-27,0.6921,2.96,2.687,-0.273
2022-07-28,0.6971,2.85,2.643,-0.207
2022-07-29,0.6985,2.89,2.485,-0.405
2022-08-01,0.7035,2.9,2.514,-0.386
2022-08-02,0.6952,3.06,2.512,-0.548
2022-08-03,0.693,3.1,2.638,-0.462
2022-08-04,0.6966,3.03,2.712,-0.318
2022-08-05,0.6901,3.24,2.677,-0.563
2022-08-08,0.6991,3.21,2.777,-0.433
2022-08-09,0.6973,3.28,2.792,-0.488
2022-08-10,0.7099,3.23,2.846,-0.384
2022-08-11,0.7119,3.23,2.865,-0.365
2022-08-12,0.7106,3.25,2.948,-0.302
2022-08-15,0.7046,3.2,2.906,-0.294
2022-08-16,0.7011,3.25,2.782,-0.468
2022-08-17,0.6914,3.28,2.836,-0.444
2022-08-18,0.693,3.22,2.883,-0.337
2022-08-19,0.687,3.25,2.939,-0.311
2022-08-22,0.6871,3.32,3.041,-0.279
2022-08-23,0.6943,3.29,3.114,-0.176
2022-08-24,0.6913,3.36,3.089,-0.271
2022-08-25,0.6961,3.35,3.121,-0.229
2022-08-26,0.6921,3.37,3.041,-0.329
2022-08-29,0.6909,3.42,3.18,-0.24
2022-08-30,0.6875,3.46,3.091,-0.369
2022-08-31,0.6866,3.45,3.062,-0.388
2022-09-01,0.678,3.51,3.135,-0.375
2022-09-02,0.6845,3.4,3.108,-0.292
2022-09-06,0.675,3.5,3.096,-0.404
2022-09-07,0.6731,3.45,3.134,-0.316
2022-09-08,0.674,3.48,2.988,-0.492
2022-09-09,0.6846,3.56,3.013,-0.547
2022-09-12,0.6887,3.58,3.084,-0.496
2022-09-13,0.6763,3.75,3.035,-0.715
2022-09-14,0.6752,3.78,3.134,-0.646
2022-09-15,0.6708,3.87,3.215,-0.655
2022-09-16,0.6703,3.85,3.295,-0.555
2022-09-19,0.6694,3.95,3.257,-0.693
2022-09-20,0.6704,3.96,3.218,-0.742
2022-09-21,0.6661,4.02,3.218,-0.802
2022-09-22,0.6636,4.11,3.218,-0.892
2022-09-23,0.6543,4.2,3.477,-0.723
2022-09-26,0.6466,4.27,3.614,-0.656
2022-09-27,0.6445,4.3,3.575,-0.725
2022-09-28,0.6512,4.07,3.572,-0.498
2022-09-29,0.649,4.16,3.484,-0.676
2022-09-30,0.6437,4.22,3.422,-0.798
2022-10-03,0.6501,4.12,3.422,-0.698
2022-10-04,0.6493,4.1,3.114,-0.986
2022-10-05,0.6466,4.15,3.064,-1.086
2022-10-06,0.6411,4.23,3.18,-1.05
2022-10-07,0.6393,4.3,3.228,-1.072
2022-10-11,0.6329,4.3,3.337,-0.963
2022-10-12,0.6273,4.28,3.265,-1.015
2022-10-13,0.6285,4.47,3.258,-1.212
2022-10-14,0.6219,4.48,3.349,-1.131
2022-10-17,0.6309,4.45,3.351,-1.099
2022-10-18,0.6281,4.43,3.294,-1.136
2022-10-19,0.6271,4.55,3.366,-1.184
2022-10-20,0.6336,4.62,3.488,-1.132
2022-10-21,0.6368,4.49,3.617,-0.873
2022-10-24,0.631,4.5,3.488,-1.012
2022-10-25,0.6395,4.42,3.442,-0.978
2022-10-26,0.6499,4.39,3.365,-1.025
2022-10-27,0.6477,4.3,3.284,-1.016
2022-10-28,0.6396,4.41,3.198,-1.212
2022-10-31,0.6394,4.51,3.22,-1.29
2022-11-01,0.6392,4.54,3.183,-1.357
2022-11-02,0.6412,4.61,3.265,-1.345
2022-11-03,0.6294,4.71,3.37,-1.34
2022-11-04,0.6435,4.66,3.261,-1.399
2022-11-07,0.6463,4.72,3.271,-1.449
2022-11-08,0.6545,4.67,3.398,-1.272
2022-11-09,0.6448,4.61,3.298,-1.312
2022-11-10,0.659,4.34,3.158,-1.182
2022-11-14,0.6695,4.4,3.171,-1.229
2022-11-15,0.6779,4.37,3.19,-1.18
2022-11-16,0.6733,4.35,3.162,-1.188
2022-11-17,0.6666,4.43,3.102,-1.328
2022-11-18,0.6681,4.51,3.118,-1.392
2022-11-21,0.659,4.48,3.104,-1.376
2022-11-22,0.6635,4.47,3.132,-1.338
2022-11-23,0.6707,4.46,3.195,-1.265
2022-11-25,0.675,4.42,3.204,-1.216
2022-11-28,0.6694,4.46,3.137,-1.323
2022-11-29,0.6691,4.48,3.175,-1.305
2022-11-30,0.6717,4.38,3.107,-1.273
2022-12-01,0.6804,4.25,3.024,-1.226
2022-12-02,0.6801,4.28,2.96,-1.32
2022-12-05,0.6713,4.41,2.956,-1.454
2022-12-06,0.6698,4.34,3.013,-1.327
2022-12-07,0.6722,4.26,2.998,-1.262
2022-12-08,0.6769,4.31,2.982,-1.328
2022-12-09,0.6809,4.33,2.935,-1.395
2022-12-12,0.6741,4.39,2.971,-1.419
2022-12-13,0.6869,4.22,3.011,-1.209
2022-12-14,0.6861,4.23,2.963,-1.267
2022-12-15,0.67,4.23,3.067,-1.163
2022-12-16,0.6691,4.17,3.057,-1.113
2022-12-19,0.6711,4.25,3.11,-1.14
2022-12-20,0.6665,4.25,3.223,-1.027
2022-12-21,0.6696,4.21,3.148,-1.062
2022-12-22,0.6671,4.24,3.213,-1.027
2022-12-23,0.671,4.31,3.263,-1.047
2022-12-27,0.6742,4.32,3.263,-1.057
2022-12-28,0.6752,4.31,3.429,-0.881
2022-12-29,0.6779,4.34,3.422,-0.918
2022-12-30,0.6805,4.41,3.42,-0.99
2023-01-03,0.673,4.4,3.397,-1.003
2023-01-04,0.686,4.36,3.357,-1.003
2023-01-05,0.6744,4.45,3.363,-1.087
2023-01-06,0.6864,4.24,3.389,-0.851
2023-01-09,0.6948,4.19,3.266,-0.924
2023-01-10,0.6883,4.24,3.257,-0.983
2023-01-11,0.6899,4.2,3.263,-0.937
2023-01-12,0.6946,4.12,3.132,-0.988
2023-01-13,0.695,4.22,3.128,-1.092
2023-01-17,0.6986,4.18,3.134,-1.046
2023-01-18,0.6988,4.06,3.083,-0.977
2023-01-19,0.6887,4.09,2.893,-1.197
2023-01-20,0.6953,4.14,2.93,-1.21
2023-01-23,0.7024,4.21,2.97,-1.24
2023-01-24,0.7042,4.12,2.972,-1.148
2023-01-25,0.7083,4.11,3.081,-1.029
2023-01-26,0.7094,4.17,3.081,-1.089
2023-01-27,0.7102,4.19,3.145,-1.045
2023-01-30,0.7076,4.25,3.12,-1.13
2023-01-31,0.705,4.21,3.105,-1.105
2023-02-01,0.7067,4.09,3.123,-0.967
2023-02-02,0.7084,4.09,3.07,-1.02
2023-02-03,0.6946,4.3,2.944,-1.356
2023-02-06,0.6869,4.44,3.025,-1.415
2023-02-07,0.6925,4.47,3.179,-1.291
2023-02-08,0.6941,4.45,3.204,-1.246
2023-02-09,0.6964,4.48,3.273,-1.207
2023-02-10,0.6919,4.5,3.353,-1.147
2023-02-13,0.6964,4.52,3.406,-1.114
2023-02-14,0.6962,4.6,3.402,-1.198
2023-02-15,0.6893,4.62,3.407,-1.213
2023-02-16,0.6889,4.62,3.402,-1.218
2023-02-17,0.6865,4.6,3.452,-1.148
2023-02-21,0.6865,4.67,3.52,-1.15
2023-02-22,0.6819,4.66,3.539,-1.121
2023-02-23,0.6787,4.66,3.56,-1.1
2023-02-24,0.6735,4.78,3.534,-1.246
2023-02-27,0.673,4.78,3.602,-1.178
2023-02-28,0.6744,4.81,3.558,-1.252
2023-03-01,0.6768,4.89,3.469,-1.421
2023-03-02,0.672,4.89,3.528,-1.362
2023-03-03,0.6759,4.86,3.563,-1.297
2023-03-06,0.6738,4.89,3.477,-1.413
2023-03-07,0.66,5.0,3.346,-1.654
2023-03-08,0.6602,5.05,3.435,-1.615
2023-03-09,0.6611,4.9,3.407,-1.493
2023-03-10,0.661,4.6,3.307,-1.293
2023-03-13,0.6686,4.03,3.182,-0.848
2023-03-14,0.6662,4.2,3.026,-1.174
2023-03-15,0.6611,3.93,3.049,-0.881
2023-03-16,0.6652,4.14,2.783,-1.357
2023-03-17,0.6683,3.81,2.95,-0.86
2023-03-20,0.6711,3.92,2.759,-1.161
2023-03-21,0.6652,4.17,2.739,-1.431
2023-03-22,0.6686,3.96,2.92,-1.04
2023-03-23,0.6719,3.76,2.847,-0.913
2023-03-24,0.6643,3.76,2.783,-0.977
2023-03-27,0.6642,3.94,2.735,-1.205
2023-03-28,0.6709,4.02,2.846,-1.174
2023-03-29,0.668,4.08,2.842,-1.238
2023-03-30,0.6701,4.1,2.921,-1.179
2023-03-31,0.6704,4.06,2.866,-1.194
2023-04-03,0.6784,3.97,2.902,-1.068
2023-04-04,0.6742,3.84,2.819,-1.021
2023-04-05,0.6728,3.79,2.818,-0.972
2023-04-06,0.6674,3.82,2.741,-1.079
2023-04-07,0.6668,3.97,2.741,-1.229
2023-04-10,0.6625,4.0,2.741,-1.259
2023-04-11,0.6649,4.03,2.794,-1.236
2023-04-12,0.6688,3.95,2.828,-1.122
2023-04-13,0.6779,3.96,2.868,-1.092
2023-04-14,0.6702,4.08,2.873,-1.207
2023-04-17,0.6692,4.18,2.912,-1.268
2023-04-18,0.6719,4.19,3.008,-1.182
2023-04-19,0.6717,4.24,3.086,-1.154
2023-04-20,0.6754,4.14,3.078,-1.062
2023-04-21,0.6691,4.17,3.029,-1.141
2023-04-24,0.6681,4.12,3.036,-1.084
2023-04-25,0.6628,3.86,3.036,-0.824
2023-04-26,0.6616,3.9,2.861,-1.039
2023-04-27,0.6614,4.07,2.932,-1.138
2023-04-28,0.6617,4.04,2.932,-1.108
2023-05-01,0.6636,4.14,2.94,-1.2
2023-05-02,0.667,3.97,3.153,-0.817
2023-05-03,0.6675,3.89,3.119,-0.771
2023-05-04,0.6676,3.75,2.975,-0.775
2023-05-05,0.6747,3.92,2.957,-0.963
2023-05-08,0.6792,4.0,3.06,-0.94
2023-05-09,0.6752,4.01,3.093,-0.917
2023-05-10,0.6764,3.9,3.129,-0.771
2023-05-11,0.6694,3.89,3.072,-0.818
2023-05-12,0.6649,3.98,3.033,-0.947
2023-05-15,0.6698,3.99,3.137,-0.853
2023-05-16,0.6663,4.06,3.146,-0.914
2023-05-17,0.6651,4.12,3.169,-0.951
2023-05-18,0.6618,4.24,3.268,-0.972
2023-05-19,0.6661,4.28,3.374,-0.906
2023-05-22,0.6644,4.29,3.365,-0.925
2023-05-23,0.6622,4.26,3.425,-0.835
2023-05-24,0.6541,4.31,3.386,-0.924
2023-05-25,0.6506,4.5,3.481,-1.019
2023-05-26,0.6511,4.54,3.51,-1.03
2023-05-30,0.6513,4.46,3.495,-0.965
2023-05-31,0.6473,4.4,3.449,-0.951
2023-06-01,0.6577,4.33,3.48,-0.85
2023-06-02,0.6616,4.5,3.557,-0.943
2023-06-05,0.6626,4.46,3.671,-0.789
2023-06-06,0.6674,4.51,3.757,-0.753
2023-06-07,0.6661,4.56,3.803,-0.757
2023-06-08,0.6707,4.52,3.959,-0.561
2023-06-09,0.674,4.59,3.926,-0.664
2023-06-12,0.6747,4.55,3.926,-0.624
2023-06-13,0.6776,4.67,3.93,-0.74
2023-06-14,0.6832,4.74,4.001,-0.739
2023-06-15,0.6871,4.62,4.105,-0.515
2023-06-16,0.6865,4.7,4.123,-0.577
2023-06-20,0.677,4.68,4.082,-0.598
2023-06-21,0.6781,4.68,4.043,-0.637
2023-06-22,0.6753,4.77,4.074,-0.696
2023-06-23,0.6687,4.71,4.13,-0.58
2023-06-26,0.6683,4.65,4.053,-0.597
2023-06-27,0.6683,4.74,4.032,-0.708
2023-06-28,0.662,4.71,3.97,-0.74
2023-06-29,0.6633,4.87,4.024,-0.846
2023-06-30,0.6663,4.87,4.146,-0.724
2023-07-03,0.6678,4.94,4.088,-0.852
2023-07-05,0.6663,4.94,4.115,-0.825
2023-07-06,0.6619,4.99,4.242,-0.748
2023-07-07,0.6686,4.94,4.355,-0.585
2023-07-10,0.6669,4.85,4.332,-0.518
2023-07-11,0.6664,4.88,4.229,-0.651
2023-07-12,0.6782,4.72,4.171,-0.549
2023-07-13,0.6873,4.59,4.058,-0.532
2023-07-14,0.6843,4.74,4.003,-0.737
2023-07-17,0.6821,4.74,4.011,-0.729
2023-07-18,0.6817,4.74,3.98,-0.76
2023-07-19,0.6763,4.74,3.891,-0.849
2023-07-20,0.6778,4.8,4.005,-0.795
2023-07-21,0.6737,4.82,4.035,-0.785
2023-07-24,0.675,4.81,4.008,-0.802
2023-07-25,0.6791,4.85,4.05,-0.8
2023-07-26,0.6756,4.82,3.981,-0.839
2023-07-27,0.674,4.91,3.904,-1.006
2023-07-28,0.667,4.87,3.969,-0.901
2023-07-31,0.673,4.88,3.973,-0.907
2023-08-01,0.6611,4.92,3.85,-1.07
2023-08-02,0.6542,4.88,3.84,-1.04
2023-08-03,0.6554,4.9,3.856,-1.044
2023-08-04,0.6605,4.78,3.942,-0.838
2023-08-07,0.6564,4.76,3.89,-0.87
2023-08-08,0.6514,4.74,3.809,-0.931
2023-08-09,0.6525,4.79,3.808,-0.982
2023-08-10,0.6557,4.82,3.849,-0.971
2023-08-11,0.6493,4.89,3.889,-1.001
2023-08-14,0.6496,4.96,3.963,-0.997
2023-08-15,0.6484,4.92,4.007,-0.913
2023-08-16,0.644,4.97,3.962,-1.008
2023-08-17,0.6417,4.94,4.011,-0.929
2023-08-18,0.6413,4.92,3.936,-0.984
2023-08-21,0.6393,4.97,3.941,-1.029
2023-08-22,0.6425,5.02,3.939,-1.081
2023-08-23,0.6469,4.95,3.896,-1.054
2023-08-24,0.6426,4.98,3.843,-1.137
2023-08-25,0.6401,5.03,3.893,-1.137
2023-08-28,0.6426,4.98,3.919,-1.061
2023-08-29,0.6459,4.87,3.909,-0.961
2023-08-30,0.6495,4.9,3.864,-1.036
2023-08-31,0.6468,4.85,3.821,-1.029
2023-09-01,0.6449,4.87,3.81,-1.06
2023-09-05,0.6382,4.94,3.851,-1.089
2023-09-06,0.6382,5.01,3.84,-1.17
2023-09-07,0.638,4.94,3.883,-1.057
2023-09-08,0.6386,4.98,3.836,-1.144
2023-09-11,0.6435,4.97,3.873,-1.097
2023-09-12,0.6423,4.98,3.876,-1.104
2023-09-13,0.6425,4.96,3.883,-1.077
2023-09-14,0.6445,5.0,3.874,-1.126
2023-09-15,0.6442,5.02,3.869,-1.151
2023-09-18,0.6442,5.05,3.935,-1.115
2023-09-19,0.6458,5.08,3.92,-1.16
2023-09-20,0.6499,5.12,3.973,-1.147
2023-09-21,0.6422,5.12,4.069,-1.051
2023-09-22,0.6453,5.1,4.059,-1.041
2023-09-25,0.642,5.09,4.034,-1.056
2023-09-26,0.6405,5.04,4.076,-0.964
2023-09-27,0.6368,5.1,4.047,-1.053
2023-09-28,0.6427,5.04,4.104,-0.936
2023-09-29,0.6451,5.03,4.083,-0.947
2023-10-02,0.6375,5.12,4.083,-1.037
2023-10-03,0.6293,5.15,4.099,-1.051
2023-10-04,0.6337,5.05,4.144,-0.906
2023-10-05,0.635,5.03,4.06,-0.97
2023-10-06,0.6394,5.08,4.023,-1.057
2023-10-10,0.643,4.96,3.954,-1.006
2023-10-11,0.6407,4.99,4.006,-0.984
2023-10-12,0.6334,5.06,3.996,-1.064
2023-10-13,0.629,5.04,4.049,-0.991
2023-10-16,0.6339,5.09,4.054,-1.036
2023-10-17,0.6377,5.19,4.187,-1.003
2023-10-18,0.6336,5.19,4.275,-0.915
2023-10-19,0.6325,5.14,4.316,-0.824
2023-10-20,0.6319,5.07,4.291,-0.779
2023-10-23,0.6337,5.05,4.293,-0.757
2023-10-24,0.6349,5.02,4.225,-0.795
2023-10-25,0.6334,5.08,4.345,-0.735
2023-10-26,0.6312,5.02,4.405,-0.615
2023-10-27,0.6352,4.99,4.386,-0.604
2023-10-30,0.6374,5.03,4.439,-0.591
2023-10-31,0.6332,5.07,4.468,-0.602
2023-11-01,0.6363,4.95,4.467,-0.483
2023-11-02,0.6422,4.98,4.371,-0.609
2023-11-03,0.6507,4.83,4.35,-0.48
2023-11-06,0.6503,4.93,4.342,-0.588
2023-11-07,0.6424,4.91,4.308,-0.602
2023-11-08,0.6421,4.93,4.228,-0.702
2023-11-09,0.642,5.03,4.23,-0.8
2023-11-13,0.6387,5.02,4.346,-0.674
2023-11-14,0.6491,4.8,4.347,-0.453
2023-11-15,0.6518,4.9,4.241,-0.659
2023-11-16,0.6464,4.83,4.234,-0.596
2023-11-17,0.6494,4.88,4.16,-0.72
2023-11-20,0.6557,4.89,4.189,-0.701
2023-11-21,0.6568,4.86,4.159,-0.701
2023-11-22,0.6535,4.89,4.152,-0.738
2023-11-24,0.6584,4.92,4.25,-0.67
2023-11-27,0.6597,4.84,4.274,-0.566
2023-11-28,0.6666,4.73,4.227,-0.503
2023-11-29,0.6618,4.64,4.096,-0.544
2023-11-30,0.6614,4.73,4.103,-0.627
2023-12-01,0.666,4.56,4.153,-0.407
2023-12-04,0.662,4.64,4.112,-0.528
2023-12-05,0.6551,4.57,4.073,-0.497
2023-12-06,0.6569,4.6,3.974,-0.626
2023-12-07,0.6601,4.58,4.01,-0.57
2023-12-08,0.6569,4.71,3.99,-0.72
2023-12-11,0.6563,4.71,4.034,-0.676
2023-12-12,0.6561,4.73,4.023,-0.707
2023-12-13,0.6583,4.46,4.019,-0.441
2023-12-14,0.6713,4.37,3.844,-0.526
2023-12-15,0.6715,4.44,3.868,-0.572
2023-12-18,0.6697,4.43,3.789,-0.641
2023-12-19,0.6765,4.41,3.838,-0.572
2023-12-20,0.6764,4.34,3.784,-0.556
2023-12-21,0.679,4.33,3.746,-0.584
2023-12-22,0.6803,4.31,3.737,-0.573
2023-12-26,0.6816,4.26,3.737,-0.523
2023-12-27,0.6844,4.2,3.693,-0.507
2023-12-28,0.6844,4.26,3.652,-0.608
2023-12-29,0.6828,4.23,3.691,-0.539
2024-01-02,0.6771,4.33,3.724,-0.606
2024-01-03,0.672,4.33,3.795,-0.535
2024-01-04,0.671,4.38,3.793,-0.587
2024-01-05,0.6722,4.4,3.854,-0.546
2024-01-08,0.6719,4.36,3.892,-0.468
2024-01-09,0.6692,4.36,3.828,-0.532
2024-01-10,0.6692,4.37,3.838,-0.532
2024-01-11,0.6653,4.26,3.829,-0.431
2024-01-12,0.6692,4.14,3.775,-0.365
2024-01-16,0.6597,4.22,3.814,-0.406
2024-01-17,0.6539,4.34,3.862,-0.478
2024-01-18,0.6564,4.34,3.915,-0.425
2024-01-19,0.6581,4.39,3.93,-0.46
2024-01-22,0.6586,4.37,3.905,-0.465
2024-01-23,0.6566,4.31,3.862,-0.448
2024-01-24,0.6601,4.34,3.873,-0.467
2024-01-25,0.6581,4.28,3.874,-0.406
2024-01-26,0.6589,4.34,3.874,-0.466
2024-01-29,0.6594,4.29,3.822,-0.468
2024-01-30,0.6595,4.36,3.791,-0.569
2024-01-31,0.66,4.27,3.642,-0.628
2024-02-01,0.6566,4.2,3.646,-0.554
2024-02-02,0.651,4.36,3.628,-0.732
2024-02-05,0.6478,4.46,3.744,-0.716
2024-02-06,0.6517,4.39,3.763,-0.627
2024-02-07,0.6523,4.41,3.719,-0.691
2024-02-08,0.649,4.46,3.738,-0.722
2024-02-09,0.6516,4.48,3.763,-0.717
2024-02-12,0.6538,4.46,3.82,-0.64
2024-02-13,0.646,4.64,3.828,-0.812
2024-02-14,0.6489,4.56,3.913,-0.647
2024-02-15,0.6508,4.56,3.784,-0.776
2024-02-16,0.6531,4.64,3.833,-0.807
2024-02-20,0.656,4.59,3.802,-0.788
2024-02-21,0.6546,4.64,3.78,-0.86
2024-02-22,0.6547,4.69,3.79,-0.9
2024-02-23,0.6566,4.67,3.835,-0.835
2024-02-26,0.6539,4.69,3.767,-0.923
2024-02-27,0.6547,4.7,3.774,-0.926
2024-02-28,0.6496,4.64,3.781,-0.859
2024-02-29,0.6503,4.64,3.754,-0.886
2024-03-01,0.6529,4.54,3.764,-0.776
2024-03-04,0.6521,4.61,3.732,-0.878
2024-03-05,0.6507,4.54,3.732,-0.808
2024-03-06,0.6577,4.55,3.677,-0.873
2024-03-07,0.6618,4.5,3.696,-0.804
2024-03-08,0.6627,4.48,3.666,-0.814
2024-03-11,0.6608,4.51,3.648,-0.862
2024-03-12,0.6601,4.58,3.643,-0.937
2024-03-13,0.6623,4.61,3.706,-0.904
2024-03-14,0.6585,4.68,3.74,-0.94
2024-03-15,0.6569,4.72,3.803,-0.917
2024-03-18,0.6562,4.73,3.797,-0.933
2024-03-19,0.6528,4.68,3.738,-0.942
2024-03-20,0.6532,4.59,3.725,-0.865
2024-03-21,0.657,4.62,3.778,-0.842
2024-03-22,0.652,4.59,3.747,-0.843
2024-03-25,0.6539,4.54,3.714,-0.826
2024-03-26,0.6538,4.56,3.717,-0.843
2024-03-27,0.6525,4.54,3.697,-0.843
2024-03-28,0.6525,4.59,3.666,-0.924
2024-03-29,0.6524,4.59,3.666,-0.924
2024-04-01,0.6484,4.72,3.666,-1.054
2024-04-02,0.6513,4.7,3.714,-0.986
2024-04-03,0.6558,4.68,3.772,-0.908
2024-04-04,0.6615,4.65,3.803,-0.847
2024-04-05,0.6584,4.73,3.75,-0.98
2024-04-08,0.6602,4.78,3.817,-0.963
2024-04-09,0.6622,4.74,3.788,-0.952
2024-04-10,0.6509,4.97,3.762,-1.208
2024-04-11,0.6525,4.93,3.888,-1.042
2024-04-12,0.6478,4.88,3.904,-0.976
2024-04-15,0.6469,4.93,3.896,-1.034
2024-04-16,0.6412,4.97,3.941,-1.029
2024-04-17,0.6419,4.93,3.993,-0.937
2024-04-18,0.6437,4.98,3.916,-1.064
2024-04-19,0.6423,4.97,3.878,-1.092
2024-04-22,0.6439,4.97,3.931,-1.039
2024-04-23,0.6479,4.86,3.894,-0.966
2024-04-24,0.6486,4.89,4.077,-0.813
2024-04-25,0.6506,4.96,4.077,-0.883
2024-04-26,0.6528,4.96,4.183,-0.777
2024-04-29,0.6565,4.97,4.157,-0.813
2024-04-30,0.649,5.04,4.094,-0.946
2024-05-01,0.6496,4.96,4.171,-0.789
2024-05-02,0.6547,4.87,4.121,-0.749
2024-05-03,0.6616,4.81,4.092,-0.718
2024-05-06,0.6623,4.82,4.082,-0.738
2024-05-07,0.6608,4.82,3.974,-0.846
2024-05-08,0.6585,4.84,3.995,-0.845
2024-05-09,0.6606,4.8,4.038,-0.762
2024-05-10,0.6607,4.87,4.017,-0.853
2024-05-13,0.6611,4.85,4.018,-0.832
2024-05-14,0.6623,4.81,4.009,-0.801
2024-05-15,0.6674,4.73,4.011,-0.719
2024-05-16,0.6683,4.78,3.895,-0.885
2024-05-17,0.6686,4.83,3.9,-0.93
2024-05-20,0.6675,4.82,3.93,-0.89
2024-05-21,0.6666,4.82,3.949,-0.871
2024-05-22,0.6636,4.86,3.991,-0.869
2024-05-23,0.6629,4.91,3.99,-0.92
2024-05-24,0.6629,4.93,4.038,-0.892
2024-05-28,0.6666,4.94,4.012,-0.928
2024-05-29,0.6619,4.96,4.124,-0.836
2024-05-30,0.6642,4.92,4.135,-0.785
2024-05-31,0.664,4.89,4.107,-0.783
2024-06-03,0.6683,4.82,4.078,-0.742
2024-06-04,0.6643,4.77,4.03,-0.74
2024-06-05,0.6643,4.72,3.993,-0.727
2024-06-06,0.6662,4.72,3.973,-0.747
2024-06-07,0.6589,4.87,3.962,-0.908
2024-06-10,0.6611,4.87,3.962,-0.908
2024-06-11,0.6598,4.81,4.039,-0.771
2024-06-12,0.6701,4.75,4.007,-0.743
2024-06-13,0.6641,4.68,3.949,-0.731
2024-06-14,0.6617,4.67,3.888,-0.782
2024-06-17,0.6599,4.75,3.865,-0.885
2024-06-18,0.6652,4.69,3.919,-0.771
2024-06-20,0.6656,4.7,3.987,-0.713
2024-06-21,0.664,4.7,3.989,-0.711
2024-06-24,0.6655,4.71,4.006,-0.704
2024-06-25,0.6642,4.65,3.997,-0.653
2024-06-26,0.6649,4.71,4.175,-0.535
2024-06-27,0.6648,4.7,4.238,-0.462
2024-06-28,0.6677,4.71,4.145,-0.565
2024-07-01,0.6656,4.77,4.185,-0.585
2024-07-02,0.6659,4.74,4.194,-0.546
2024-07-03,0.6719,4.71,4.215,-0.495
2024-07-05,0.6743,4.6,4.216,-0.384
2024-07-08,0.6741,4.62,4.182,-0.438
2024-07-09,0.6737,4.62,4.174,-0.446
2024-07-10,0.6747,4.62,4.146,-0.474
2024-07-11,0.6776,4.5,4.175,-0.325
2024-07-12,0.6788,4.45,4.121,-0.329
2024-07-15,0.6778,4.44,4.111,-0.329
2024-07-16,0.6726,4.43,4.042,-0.388
2024-07-17,0.6728,4.42,4.047,-0.373
2024-07-18,0.6726,4.46,4.065,-0.395
2024-07-19,0.6694,4.49,4.083,-0.407
2024-07-22,0.6639,4.5,4.093,-0.407
2024-07-23,0.6619,4.4,4.132,-0.268
2024-07-24,0.66,4.37,4.121,-0.249
2024-07-25,0.6552,4.41,4.064,-0.346
2024-07-26,0.6557,4.36,4.059,-0.301
2024-07-29,0.654,4.36,4.049,-0.311
2024-07-30,0.6537,4.35,4.055,-0.295
2024-07-31,0.6535,4.29,3.831,-0.459
2024-08-01,0.6522,4.16,3.81,-0.35
2024-08-02,0.6528,3.88,3.753,-0.127
2024-08-05,0.6488,3.89,3.64,-0.25
2024-08-06,0.6519,3.99,3.706,-0.284
2024-08-07,0.6552,4.0,3.751,-0.249
2024-08-08,0.6581,4.04,3.717,-0.323
2024-08-09,0.6577,4.05,3.723,-0.327
2024-08-12,0.6595,4.01,3.729,-0.281
2024-08-13,0.6613,3.93,3.689,-0.241
2024-08-14,0.6617,3.94,3.592,-0.348
2024-08-15,0.6629,4.08,3.56,-0.52
2024-08-16,0.6649,4.06,3.626,-0.434
2024-08-19,0.6715,4.06,3.611,-0.449
2024-08-20,0.6743,3.99,3.645,-0.345
2024-08-21,0.6753,3.92,3.587,-0.333
2024-08-22,0.6708,3.99,3.566,-0.424
2024-08-23,0.6777,3.9,3.595,-0.305
2024-08-26,0.6772,3.91,3.503,-0.407
2024-08-27,0.6779,3.83,3.56,-0.27
2024-08-28,0.6781,3.83,3.601,-0.229
2024-08-29,0.6807,3.87,3.611,-0.259
2024-08-30,0.6765,3.91,3.616,-0.294
2024-09-03,0.6721,3.88,3.665,-0.215
2024-09-04,0.6724,3.76,3.637,-0.123
2024-09-05,0.6727,3.75,3.609,-0.141
2024-09-06,0.6678,3.66,3.568,-0.092
2024-09-09,0.6664,3.68,3.615,-0.065
2024-09-10,0.6652,3.59,3.591,0.001
2024-09-11,0.665,3.62,3.548,-0.072
2024-09-12,0.6696,3.64,3.573,-0.067
2024-09-13,0.6712,3.57,3.503,-0.067
2024-09-16,0.6739,3.56,3.476,-0.084
2024-09-17,0.6754,3.59,3.494,-0.096
2024-09-18,0.6761,3.61,3.519,-0.091
2024-09-19,0.6817,3.59,3.59,0.0
2024-09-20,0.6806,3.55,3.569,0.019
2024-09-23,0.6848,3.57,3.6,0.03
2024-09-24,0.6873,3.49,3.485,-0.005
2024-09-25,0.6837,3.53,3.51,-0.02
2024-09-26,0.6902,3.6,3.547,-0.053
2024-09-27,0.6911,3.55,3.574,0.024
2024-09-30,0.6934,3.66,3.583,-0.077
2024-10-01,0.6888,3.61,3.606,-0.004
2024-10-02,0.6895,3.63,3.557,-0.073
2024-10-03,0.6843,3.7,3.598,-0.102
2024-10-04,0.6797,3.93,3.657,-0.273
2024-10-07,0.6761,3.99,3.657,-0.333
2024-10-08,0.6738,3.98,3.777,-0.203
2024-10-09,0.6725,3.99,3.79,-0.2
2024-10-10,0.6733,3.98,3.834,-0.146
2024-10-11,0.6756,3.95,3.819,-0.131
2024-10-15,0.6709,3.95,3.837,-0.113
2024-10-16,0.6662,3.93,3.797,-0.133
2024-10-17,0.6702,3.96,3.849,-0.111
2024-10-18,0.67,3.95,3.886,-0.064
2024-10-21,0.6661,4.02,3.854,-0.166
2024-10-22,0.6679,4.03,3.967,-0.063
2024-10-23,0.6632,4.07,3.984,-0.086
2024-10-24,0.6629,4.07,3.959,-0.111
2024-10-25,0.6621,4.11,3.928,-0.182
2024-10-28,0.6587,4.12,3.995,-0.125
2024-10-29,0.6557,4.11,3.969,-0.141
2024-10-30,0.6584,4.15,3.987,-0.163
2024-10-31,0.655,4.16,4.038,-0.122
2024-11-01,0.6582,4.21,4.056,-0.154
2024-11-04,0.6584,4.17,4.053,-0.117
2024-11-05,0.6633,4.19,4.077,-0.113
2024-11-06,0.6573,4.27,4.122,-0.148
2024-11-07,0.6671,4.21,4.119,-0.091
2024-11-08,0.6573,4.26,4.078,-0.182
2024-11-12,0.6522,4.34,4.107,-0.233
2024-11-13,0.6486,4.27,4.214,-0.056
2024-11-14,0.6473,4.34,4.202,-0.138
2024-11-15,0.6461,4.31,4.151,-0.159
2024-11-18,0.6498,4.29,4.105,-0.185
2024-11-19,0.6524,4.27,4.068,-0.202
2024-11-20,0.6494,4.31,4.069,-0.241
2024-11-21,0.6503,4.34,4.092,-0.248
2024-11-22,0.6495,4.37,4.063,-0.307
2024-11-25,0.6491,4.21,4.027,-0.183
2024-11-26,0.6461,4.21,3.986,-0.224
2024-11-27,0.6492,4.19,3.976,-0.214
2024-11-29,0.6513,4.13,3.923,-0.207
2024-12-02,0.6459,4.17,3.944,-0.226
2024-12-03,0.6483,4.17,3.925,-0.245
2024-12-04,0.6436,4.13,3.846,-0.284
2024-12-05,0.6439,4.15,3.833,-0.317
2024-12-06,0.6382,4.1,3.834,-0.266
2024-12-09,0.6462,4.13,3.814,-0.316
2024-12-10,0.6377,4.15,3.734,-0.416
2024-12-11,0.6378,4.15,3.755,-0.395
2024-12-12,0.6388,4.18,3.861,-0.319
2024-12-13,0.6359,4.25,3.872,-0.378
2024-12-16,0.6372,4.25,3.897,-0.353
2024-12-17,0.6339,4.25,3.873,-0.377
2024-12-18,0.6302,4.35,3.841,-0.509
2024-12-19,0.6252,4.32,3.968,-0.352
2024-12-20,0.6266,4.3,3.986,-0.314
2024-12-23,0.6243,4.3,3.915,-0.385
2024-12-24,0.623,4.29,3.908,-0.382
2024-12-26,0.6227,4.3,3.908,-0.392
2024-12-27,0.6208,4.31,3.848,-0.462
2024-12-30,0.6219,4.24,3.901,-0.339
2024-12-31,0.6185,4.25,3.826,-0.424
2025-01-02,0.6208,4.25,3.87,-0.38
2025-01-03,0.6209,4.28,3.839,-0.441
2025-01-06,0.6251,4.28,3.912,-0.368
2025-01-07,0.6245,4.3,3.921,-0.379
2025-01-08,0.6217,4.28,3.897,-0.383
2025-01-09,0.6196,4.27,3.872,-0.398
2025-01-10,0.6147,4.4,3.902,-0.498
2025-01-13,0.6155,4.4,4.01,-0.39
2025-01-14,0.6184,4.37,3.994,-0.376
2025-01-15,0.6218,4.27,3.992,-0.278
2025-01-16,0.6221,4.23,3.901,-0.329
2025-01-17,0.621,4.27,3.913,-0.357
2025-01-21,0.6272,4.29,3.857,-0.433
2025-01-22,0.6276,4.29,3.906,-0.384
2025-01-23,0.6287,4.29,3.901,-0.389
2025-01-24,0.6322,4.27,3.888,-0.382
2025-01-27,0.628,4.17,3.888,-0.282
2025-01-28,0.6247,4.19,3.835,-0.355
2025-01-29,0.6228,4.21,3.771,-0.439
2025-01-30,0.6233,4.18,3.782,-0.398
2025-01-31,0.6242,4.22,3.794,-0.426
2025-02-03,0.6177,4.26,3.729,-0.531
2025-02-04,0.6257,4.21,3.749,-0.461
2025-02-05,0.6296,4.17,3.722,-0.448
2025-02-06,0.6279,4.21,3.711,-0.499
2025-02-07,0.6264,4.29,3.755,-0.535
2025-02-10,0.6279,4.28,3.793,-0.487
2025-02-11,0.6294,4.29,3.783,-0.507
2025-02-12,0.6285,4.36,3.839,-0.521
2025-02-13,0.6292,4.31,3.837,-0.473
2025-02-14,0.6359,4.26,3.811,-0.449
2025-02-18,0.6353,4.29,3.906,-0.384
2025-02-19,0.6341,4.28,3.914,-0.366
2025-02-20,0.6393,4.28,3.918,-0.362
2025-02-21,0.6376,4.19,3.898,-0.292
2025-02-24,0.6361,4.13,3.831,-0.299
2025-02-25,0.6332,4.07,3.793,-0.277
2025-02-26,0.6323,4.05,3.777,-0.273
2025-02-27,0.6256,4.07,3.769,-0.301
2025-02-28,0.6211,3.99,3.727,-0.263
2025-03-03,0.6249,3.96,3.758,-0.202
2025-03-04,0.6212,3.96,3.704,-0.256
2025-03-05,0.6312,3.99,3.75,-0.24
2025-03-06,0.6348,3.96,3.832,-0.128
2025-03-07,0.63,3.99,3.764,-0.226
2025-03-10,0.6308,3.89,3.803,-0.087
2025-03-11,0.6285,3.94,3.735,-0.205
2025-03-12,0.6306,4.01,3.754,-0.256
2025-03-13,0.6289,3.94,3.75,-0.19
2025-03-14,0.6318,4.02,3.748,-0.272
2025-03-17,0.6375,4.06,3.745,-0.315
2025-03-18,0.6356,4.04,3.752,-0.288
2025-03-19,0.6331,3.99,3.774,-0.216
2025-03-20,0.6301,3.95,3.724,-0.226
2025-03-21,0.6266,3.94,3.733,-0.207
2025-03-24,0.6281,4.04,3.723,-0.317
2025-03-25,0.6309,3.96,3.726,-0.234
2025-03-26,0.6307,3.98,3.77,-0.21
2025-03-27,0.6308,3.97,3.769,-0.201
2025-03-28,0.63,3.89,3.732,-0.158
2025-03-31,0.6236,3.89,3.674,-0.216
2025-04-01,0.6278,3.87,3.665,-0.205
2025-04-02,0.63,3.91,3.689,-0.221
2025-04-03,0.6352,3.71,3.527,-0.183
2025-04-04,0.6043,3.68,3.394,-0.286
2025-04-07,0.598,3.73,3.252,-0.478
2025-04-08,0.6015,3.71,3.312,-0.398
2025-04-09,0.6003,3.91,3.218,-0.692
2025-04-10,0.6192,3.84,3.305,-0.535
2025-04-11,0.6245,3.96,3.25,-0.71
2025-04-14,0.6312,3.84,3.296,-0.544
2025-04-15,0.6358,3.84,3.285,-0.555
2025-04-16,0.6389,3.77,3.289,-0.481
2025-04-17,0.6382,3.81,3.288,-0.522
2025-04-18,0.6375,3.81,3.288,-0.522
2025-04-21,0.6412,3.75,3.288,-0.462
2025-04-22,0.6391,3.76,3.214,-0.546
2025-04-23,0.6376,3.81,3.287,-0.523
2025-04-24,0.6396,3.77,3.277,-0.493
2025-04-25,0.6396,3.74,3.277,-0.463
2025-04-28,0.6413,3.67,3.247,-0.423
2025-04-29,0.6385,3.65,3.264,-0.386
2025-04-30,0.6399,3.6,3.271,-0.329
2025-05-01,0.6373,3.7,3.261,-0.439
2025-05-02,0.6447,3.83,3.287,-0.543
2025-05-05,0.6472,3.83,3.343,-0.487
2025-05-06,0.6489,3.78,3.38,-0.4
2025-05-07,0.6462,3.78,3.32,-0.46
2025-05-08,0.6416,3.9,3.315,-0.585
2025-05-09,0.6425,3.88,3.373,-0.507
2025-05-12,0.6369,3.98,3.44,-0.54
2025-05-13,0.6472,4.02,3.529,-0.491
2025-05-14,0.6448,4.05,3.556,-0.494
2025-05-15,0.6403,3.96,3.606,-0.354
2025-05-16,0.6395,3.98,3.554,-0.426
2025-05-19,0.6458,3.97,3.591,-0.379
2025-05-20,0.6405,3.97,3.427,-0.543
2025-05-21,0.6468,4.0,3.421,-0.579
2025-05-22,0.6417,4.0,3.414,-0.586
2025-05-23,0.6478,4.0,3.395,-0.605
2025-05-27,0.6437,3.92,3.33,-0.59
2025-05-28,0.6417,3.96,3.362,-0.598
2025-05-29,0.6443,3.92,3.379,-0.541
2025-05-30,0.6434,3.89,3.278,-0.612
2025-06-02,0.6493,3.94,3.284,-0.656
2025-06-03,0.6462,3.96,3.271,-0.689
2025-06-04,0.6499,3.87,3.282,-0.588
2025-06-05,0.6517,3.92,3.293,-0.627
2025-06-06,0.6496,4.04,3.321,-0.719
2025-06-09,0.6526,4.01,3.321,-0.689
2025-06-10,0.6523,4.01,3.312,-0.698
2025-06-11,0.6521,3.94,3.364,-0.576
2025-06-12,0.6525,3.9,3.313,-0.587
2025-06-13,0.6513,3.96,3.26,-0.7
2025-06-16,0.6536,3.97,3.3,-0.67
2025-06-17,0.6515,3.94,3.318,-0.622
2025-06-18,0.652,3.94,3.311,-0.629
2025-06-20,0.6455,3.9,3.27,-0.63
2025-06-23,0.6423,3.84,3.282,-0.558
2025-06-24,0.6499,3.75,3.223,-0.527
2025-06-25,0.6493,3.74,3.186,-0.554
2025-06-26,0.6555,3.7,3.186,-0.514
2025-06-27,0.6535,3.73,3.196,-0.534
2025-06-30,0.6573,3.72,3.212,-0.508
2025-07-01,0.6572,3.78,3.182,-0.598
2025-07-02,0.6571,3.78,3.219,-0.561
2025-07-03,0.6576,3.88,3.239,-0.641
2025-07-07,0.6513,3.9,3.236,-0.664
2025-07-08,0.6524,3.9,3.352,-0.548
2025-07-09,0.6532,3.86,3.398,-0.462
2025-07-10,0.6572,3.86,3.365,-0.495
2025-07-11,0.6577,3.9,3.391,-0.509
2025-07-14,0.655,3.9,3.411,-0.489
2025-07-15,0.652,3.95,3.425,-0.525
2025-07-16,0.6522,3.88,3.428,-0.452
2025-07-17,0.6485,3.91,3.343,-0.567
2025-07-18,0.6527,3.88,3.323,-0.557
2025-07-21,0.6531,3.85,3.321,-0.529
2025-07-22,0.6556,3.83,3.326,-0.504
2025-07-23,0.659,3.88,3.332,-0.548
2025-07-24,0.6601,3.91,3.393,-0.517
2025-07-25,0.6556,3.91,3.403,-0.507
2025-07-28,0.6519,3.91,3.405,-0.505
2025-07-29,0.6509,3.86,3.38,-0.48
2025-07-30,0.6452,3.94,3.316,-0.624
2025-07-31,0.643,3.94,3.344,-0.596
2025-08-01,0.6468,3.69,3.388,-0.302
2025-08-04,0.6467,3.69,3.357,-0.333
2025-08-05,0.6472,3.72,3.314,-0.406
2025-08-06,0.6504,3.69,3.343,-0.347
2025-08-07,0.6502,3.72,3.329,-0.391
2025-08-08,0.6528,3.76,3.343,-0.417
2025-08-11,0.6512,3.76,3.342,-0.418
2025-08-12,0.6532,3.72,3.331,-0.389
2025-08-13,0.6546,3.67,3.301,-0.369
2025-08-14,0.649,3.74,3.288,-0.452
2025-08-15,0.6515,3.75,3.293,-0.457
2025-08-18,0.6494,3.77,3.316,-0.454
2025-08-19,0.6459,3.75,3.363,-0.387
2025-08-20,0.6428,3.74,3.331,-0.409
2025-08-21,0.6421,3.79,3.325,-0.465
2025-08-22,0.6485,3.68,3.348,-0.332
2025-08-25,0.65,3.73,3.32,-0.41
2025-08-26,0.65,3.61,3.332,-0.278
2025-08-27,0.6496,3.59,3.358,-0.232
2025-08-28,0.6532,3.62,3.323,-0.297
2025-08-29,0.6545,3.59,3.333,-0.257
2025-09-02,0.6516,3.66,3.373,-0.287
2025-09-03,0.655,3.61,3.435,-0.175
2025-09-04,0.6514,3.59,3.4,-0.19
2025-09-05,0.657,3.51,3.396,-0.114
2025-09-08,0.6592,3.49,3.354,-0.136
2025-09-09,0.6593,3.54,3.364,-0.176
2025-09-10,0.6626,3.54,3.372,-0.168
2025-09-11,0.6658,3.52,3.355,-0.165
2025-09-12,0.6636,3.56,3.374,-0.186
2025-09-15,0.6671,3.54,3.398,-0.142
2025-09-16,0.6678,3.51,3.361,-0.149
2025-09-17,0.6668,3.52,3.356,-0.164
2025-09-18,0.6613,3.57,3.322,-0.248
2025-09-19,0.6597,3.57,3.361,-0.209
2025-09-22,0.6591,3.61,3.379,-0.231
2025-09-23,0.6601,3.53,3.383,-0.147
2025-09-24,0.6587,3.57,3.448,-0.122
2025-09-25,0.655,3.64,3.49,-0.15
2025-09-26,0.6546,3.63,3.521,-0.109
2025-09-29,0.6578,3.63,3.475,-0.155
2025-09-30,0.6614,3.6,3.487,-0.113
2025-10-01,0.6605,3.55,3.519,-0.031
2025-10-02,0.6588,3.55,3.485,-0.065
2025-10-03,0.6615,3.58,3.493,-0.087
2025-10-06,0.662,3.6,3.493,-0.107
2025-10-07,0.6587,3.57,3.511,-0.059
2025-10-08,0.6582,3.58,3.504,-0.076
2025-10-09,0.6556,3.6,3.509,-0.091
2025-10-10,0.6495,3.52,3.528,0.008
2025-10-14,0.6492,3.48,3.421,-0.059
2025-10-15,0.6514,3.5,3.433,-0.067
2025-10-16,0.6492,3.41,3.345,-0.065
2025-10-17,0.6486,3.46,3.282,-0.178
2025-10-20,0.6517,3.46,3.336,-0.124
2025-10-21,0.6499,3.45,3.313,-0.137
2025-10-22,0.6502,3.45,3.321,-0.129
2025-10-23,0.6516,3.48,3.334,-0.146
2025-10-24,0.6511,3.48,3.341,-0.139
2025-10-27,0.6554,3.48,3.38,-0.1
2025-10-28,0.6585,3.47,3.423,-0.047
2025-10-29,0.6613,3.59,3.54,-0.05
2025-10-30,0.6555,3.61,3.572,-0.038
2025-10-31,0.6546,3.6,3.553,-0.047
2025-11-03,0.6537,3.6,3.586,-0.014
2025-11-04,0.6502,3.58,3.611,0.031
2025-11-05,0.6512,3.63,3.571,-0.059
2025-11-06,0.6468,3.57,3.594,0.024
2025-11-07,0.6476,3.55,3.579,0.029
2025-11-10,0.6522,3.58,3.628,0.048
2025-11-12,0.6541,3.56,3.635,0.075
2025-11-13,0.6553,3.58,3.725,0.145
2025-11-14,0.6549,3.62,3.69,0.07
2025-11-17,0.6516,3.6,3.701,0.101
2025-11-18,0.6505,3.58,3.664,0.084
2025-11-19,0.6468,3.58,3.646,0.066
2025-11-20,0.6448,3.55,3.693,0.143
2025-11-21,0.6457,3.51,3.688,0.178
2025-11-24,0.6456,3.46,3.673,0.213
2025-11-25,0.6453,3.43,3.673,0.243
2025-11-26,0.6516,3.45,3.804,0.354
2025-11-28,0.6552,3.47,3.805,0.335
2025-12-01,0.6554,3.54,3.826,0.286
2025-12-02,0.6556,3.51,3.853,0.343
2025-12-03,0.6592,3.49,3.912,0.422
2025-12-04,0.6619,3.52,3.987,0.467
2025-12-05,0.6635,3.56,3.948,0.388
2025-12-08,0.6622,3.57,3.973,0.403
2025-12-09,0.6653,3.61,4.07,0.46
2025-12-10,0.6642,3.54,4.124,0.584
2025-12-11,0.6671,3.52,4.035,0.515
2025-12-12,0.664,3.52,4.03,0.51
2025-12-15,0.6643,3.51,3.998,0.488
2025-12-16,0.6637,3.48,4.02,0.54
2025-12-17,0.6608,3.49,4.044,0.554
2025-12-18,0.6619,3.46,4.012,0.552
2025-12-19,0.6617,3.48,4.033,0.553
2025-12-22,0.6657,3.44,4.078,0.638
2025-12-23,0.6694,3.48,4.032,0.552
2025-12-24,0.6707,3.47,4.031,0.561
2025-12-26,0.671,3.46,4.031,0.571
2025-12-29,0.669,3.45,4.056,0.606
2025-12-30,0.6703,3.45,4.047,0.597
2025-12-31,0.6669,3.47,4.059,0.589
2026-01-02,0.6684,3.47,4.106,0.636
2026-01-05,0.6718,3.46,4.05,0.59
2026-01-06,0.6732,3.47,4.058,0.588
2026-01-07,0.6728,3.47,4.053,0.583
2026-01-08,0.6694,3.49,3.98,0.49
2026-01-09,0.6684,3.54,3.994,0.454
2026-01-12,0.6716,3.54,4.01,0.47
2026-01-13,0.6684,3.53,4.019,0.489
2026-01-14,0.6679,3.51,4.019,0.509
2026-01-15,0.6705,3.56,3.996,0.436
2026-01-16,0.6682,3.59,4.014,0.424
2026-01-20,0.6743,3.6,4.083,0.483
2026-01-21,0.6765,3.6,4.073,0.473
2026-01-22,0.6834,3.61,4.142,0.532
2026-01-23,0.6878,3.6,4.166,0.566
2026-01-26,0.6933,3.56,4.166,0.606
2026-01-27,0.6978,3.53,4.213,0.683
2026-01-28,0.6993,3.56,4.18,0.62
2026-01-29,0.701,3.53,4.197,0.667
2026-01-30,0.6995,3.52,4.195,0.675
2026-02-02,0.696,3.57,4.174,0.604
2026-02-03,0.7019,3.57,4.248,0.678
2026-02-04,0.6996,3.57,4.287,0.717
2026-02-05,0.6974,3.47,4.278,0.808
2026-02-06,0.7014,3.5,4.246,0.746
2026-02-09,0.7087,3.48,4.276,0.796
2026-02-10,0.7072,3.45,4.255,0.805
2026-02-11,0.7129,3.52,4.224,0.704
2026-02-12,0.7097,3.47,4.266,0.796
2026-02-13,0.7068,3.4,4.228,0.828
2026-02-17,0.7064,3.43,4.174,0.744
2026-02-18,0.7065,3.47,4.206,0.736
2026-02-19,0.705,3.47,4.277,0.807
2026-02-20,0.7082,3.48,4.226,0.746
2026-02-23,0.7061,3.43,4.206,0.776
2026-02-24,0.7067,3.43,4.195,0.765
2026-02-25,0.7116,3.45,4.231,0.781
2026-02-26,0.7092,3.42,4.213,0.793
2026-02-27,0.7121,3.38,4.184,0.804
2026-03-02,0.7067,3.47,4.161,0.691
2026-03-03,0.7026,3.51,4.302,0.792
2026-03-04,0.7072,3.54,4.264,0.724
2026-03-05,0.7005,3.57,4.313,0.743
2026-03-06,0.7022,3.56,4.372,0.812
2026-03-09,0.7046,3.56,4.486,0.926
2026-03-10,0.715,3.57,4.421,0.851
2026-03-11,0.715,3.64,4.423,0.783
2026-03-12,0.7089,3.76,4.5,0.74
2026-03-13,0.7004,3.73,4.524,0.794
2026-03-16,0.7055,3.68,4.553,0.873
2026-03-17,0.71,3.68,4.531,0.851
2026-03-18,0.7078,3.76,4.509,0.749
2026-03-19,0.7036,3.79,4.615,0.825
2026-03-20,0.7033,3.88,4.781,0.901
2026-03-23,0.6995,3.83,4.808,0.978
2026-03-24,0.6965,3.9,4.726,0.826
2026-03-25,0.6962,3.84,4.625,0.785
2026-03-26,0.6913,3.96,4.726,0.766
2026-03-27,0.689,3.88,4.803,0.923
2026-03-30,0.6858,3.82,4.707,0.887
2026-03-31,0.6855,3.79,4.66,0.87
2026-04-01,0.6944,3.81,4.601,0.791
2026-04-02,0.6911,3.79,4.732,0.942
2026-04-03,0.6894,3.84,4.732,0.892
2026-04-06,0.6919,3.84,4.732,0.892
2026-04-07,0.6944,3.81,4.675,0.865
2026-04-08,0.7062,3.79,4.583,0.793
2026-04-09,0.7086,3.78,4.628,0.848
2026-04-10,0.7078,3.81,4.673,0.863
2026-04-13,0.7063,3.78,4.709,0.929
2026-04-14,0.7131,3.76,4.644,0.884
2026-04-15,0.7161,3.76,4.621,0.861
2026-04-16,0.717,3.78,4.641,0.861
2026-04-17,0.7192,3.71,4.665,0.955
2026-04-20,0.7175,3.72,4.602,0.882
2026-04-21,0.7164,3.78,4.581,0.801
2026-04-22,0.7162,3.79,4.629,0.839
2026-04-23,0.7156,3.83,4.692,0.862
2026-04-24,0.7154,3.78,4.694,0.914
2026-04-27,0.7193,3.78,4.695,0.915
2026-04-28,0.7181,3.84,4.733,0.893
2026-04-29,0.713,3.92,4.693,0.773
2026-04-30,0.7184,3.88,4.771,0.891
2026-05-01,0.7219,3.88,4.724,0.844
2026-05-04,0.7167,3.95,4.687,0.737
2026-05-05,0.7196,3.93,4.666,0.736
2026-05-06,0.7235,3.87,4.665,0.795
2026-05-07,0.7241,3.92,4.642,0.722
2026-05-08,0.7242,3.9,4.692,0.792
2026-05-11,0.7259,3.95,4.706,0.756
2026-05-12,0.7224,4.0,4.733,0.733
2026-05-13,0.7263,3.98,4.739,0.759
2026-05-14,0.7225,4.0,4.703,0.703
2026-05-15,0.7151,4.09,4.744,0.654
2026-05-18,0.716,4.07,4.752,0.682
2026-05-19,0.7101,4.13,4.693,0.563
2026-05-20,0.7152,4.04,4.706,0.666
2026-05-21,0.7134,4.08,4.618,0.538
2026-05-22,0.7132,4.13,4.579,0.449
2026-05-26,0.7162,4.01,4.588,0.578
2026-05-27,0.7137,4.0,4.539,0.539
2026-05-28,0.7159,3.99,4.566,0.576
2026-05-29,0.7191,3.98,4.52,0.54
2026-06-01,0.7153,4.05,4.558,0.508
2026-06-02,0.7186,4.05,4.571,0.521
2026-06-03,0.7139,4.08,4.598,0.518
2026-06-04,0.7143,4.05,4.598,0.548
2026-06-05,0.706,4.17,4.595,0.425
2026-06-08,0.7055,4.15,4.595,0.445
2026-06-09,0.7028,4.13,4.579,0.449
2026-06-10,0.7022,4.13,4.539,0.409
2026-06-11,0.6995,4.05,4.531,0.481
2026-06-12,0.7047,4.09,4.467,0.377
2026-06-15,0.7081,4.07,4.476,0.406
2026-06-16,0.7077,4.05,4.472,0.422
2026-06-17,0.7073,4.2,4.437,0.237
2026-06-18,0.7019,4.19,4.467,0.277
2026-06-22,0.7,4.24,4.491,0.251
2026-06-23,0.6926,4.16,4.442,0.282
2026-06-24,0.6895,4.11,4.444,0.334
2026-06-25,0.6922,4.09,4.413,0.323
2026-06-26,0.6907,4.07,4.406,0.336
2026-06-29,0.6885,4.1,4.43,0.33
2026-06-30,0.6915,4.14,4.413,0.273
2026-07-01,0.6903,4.17,4.458,0.288
2026-07-02,0.6931,4.14,4.47,0.33
2026-07-06,0.6944,4.13,4.428,0.298
2026-07-07,0.6935,4.19,4.442,0.252
2026-07-08,0.6911,4.21,4.487,0.277
2026-07-09,0.6944,4.16,4.483,0.323
2026-07-10,0.6959,4.21,4.443,0.233
2026-07-13,0.6935,4.26,4.468,0.208
2026-07-14,0.6974,4.18,4.514,0.334
2026-07-15,0.6999,4.13,4.501,0.371
2026-07-16,0.7004,4.16,4.487,0.327
2026-07-17,0.6985,4.18,4.5,0.32
2026-07-20,0.7004,4.21,4.566,0.356
2026-07-21,0.7008,4.26,4.539,0.279
2026-07-22,0.7,4.31,4.561,0.251
2026-07-23,0.6975,4.37,4.607,0.237
2026-07-24,0.6996,4.33,4.715,0.385
2026-07-27,0.6993,4.31,4.625,0.315
2026-07-28,0.6984,4.26,4.574,0.314
2026-07-29,0.693,4.22,4.506,0.286
2026-07-30,0.7022,4.23,4.559,0.329
2026-07-31,0.7026,4.28,4.509,0.229
2026-08-03,0.7001,4.25,4.517,0.267
2026-08-04,0.7038,4.2,4.542,0.342
2026-08-05,0.7051,4.18,4.488,0.308
2026-08-06,0.7028,4.25,4.504,0.254
2026-08-07,0.7064,4.19,4.551,0.361
2026-08-10,0.7066,4.25,4.556,0.306
2026-08-11,0.7062,4.22,4.581,0.361
2026-08-12,0.707,4.2,4.568,0.368
2026-08-13,0.7058,4.15,4.529,0.379
2026-08-14,0.7091,4.17,4.543,0.373
2026-08-17,0.7113,4.19,4.564,0.374
2026-08-18,0.7097,4.19,4.608,0.418
2026-08-19,0.7123,4.19,4.584,0.394
2026-08-20,0.712,4.19,4.545,0.355
2026-08-21,0.7178,4.24,4.583,0.343
2026-08-24,0.7151,4.24,4.549,0.309
2026-08-25,0.716,4.17,4.567,0.397
2026-08-26,0.7169,4.19,4.618,0.428
2026-08-27,0.7198,4.2,4.684,0.484
2026-08-28,0.7166,4.34,4.673,0.333
2026-08-31,0.7166,4.34,4.677,0.337
2026-09-01,0.7161,4.39,4.734,0.344
2026-09-02,0.7169,4.39,4.831,0.441
2026-09-03,0.7199,4.34,4.771,0.431
2026-09-04,0.7209,4.37,4.761,0.391
2026-09-08,0.7218,4.39,4.796,0.406
2026-09-09,0.7219,4.43,4.835,0.405
2026-09-10,0.7171,4.56,4.863,0.303
2026-09-11,0.7174,4.63,5.006,0.376
2026-09-14,0.7141,4.65,4.965,0.315
2026-09-15,0.7128,4.67,5.055,0.385
2026-09-16,0.7132,4.74,5.0,0.26
2026-09-17,0.7114,4.67,4.971,0.301
2026-09-18,0.7111,4.76,4.947,0.187
2026-09-21,0.7123,4.76,4.981,0.221
2026-09-22,0.7102,4.71,5.003,0.293
2026-09-23,0.7036,4.85,4.947,0.097
2026-09-24,0.7016,4.87,5.029,0.159
2026-09-25,0.7033,4.81,5.018,0.208
2026-09-28,0.702,4.92,5.057,0.137
2026-09-29,0.6979,4.89,4.984,0.094
2026-09-30,0.6952,4.88,4.942,0.062
2026-10-01,0.6911,4.78,4.942,0.162
2026-10-02,0.6953,4.83,4.942,0.112
2026-10-06,0.697,4.84,4.942,0.102
