as_at,target,spread_bp,h6_bp,h12_bp,hend_bp,hend_months,next_meeting,next_meeting_bp,days_to_meeting
2025-01-02,4.35,-1.0,-55.0,-79.0,-81.0,17,2025-02-18,-17.0,47
2025-01-03,4.35,-1.0,-56.0,-82.0,-84.0,17,2025-02-18,-18.0,46
2025-01-06,4.35,-1.0,-51.0,-76.0,-76.0,17,2025-02-18,-17.0,43
2025-01-07,4.35,-1.0,-49.0,-72.0,-72.0,17,2025-02-18,-17.0,42
2025-01-08,4.35,-1.0,-52.0,-75.0,-75.0,17,2025-02-18,-20.0,41
2025-01-09,4.35,-1.0,-53.0,-76.0,-78.0,17,2025-02-18,-20.0,40
2025-01-10,4.35,-1.0,-51.0,-75.0,-75.0,17,2025-02-18,-20.0,39
2025-01-13,4.35,-1.0,-42.0,-62.0,-62.0,17,2025-02-18,-17.0,36
2025-01-14,4.35,-1.0,-42.0,-62.0,-62.0,17,2025-02-18,-17.0,35
2025-01-15,4.35,-1.0,-42.0,-62.0,-62.0,17,2025-02-18,-18.0,34
2025-01-16,4.35,-1.0,-48.0,-70.0,-72.0,17,2025-02-18,-18.0,33
2025-01-17,4.35,-1.0,-46.0,-67.0,-69.0,17,2025-02-18,-17.0,32
2025-01-20,4.35,-1.0,-48.0,-70.0,-72.0,17,2025-02-18,-17.0,29
2025-01-21,4.35,-1.0,-50.0,-74.0,-76.0,17,2025-02-18,-18.0,28
2025-01-22,4.35,-1.0,-48.0,-71.0,-72.0,17,2025-02-18,-18.0,27
2025-01-23,4.35,-1.0,-49.0,-72.0,-73.0,17,2025-02-18,-19.0,26
2025-01-24,4.35,-1.0,-51.0,-73.0,-75.0,17,2025-02-18,-20.0,25
2025-01-27,4.35,-1.0,-51.0,-74.0,-76.0,17,2025-02-18,-20.0,22
2025-01-28,4.35,-1.0,-55.0,-79.0,-81.0,17,2025-02-18,-20.0,21
2025-01-29,4.35,-1.0,-61.0,-86.0,-86.0,17,2025-02-18,-23.0,20
2025-01-30,4.35,-1.0,-60.0,-86.0,-87.0,16,2025-02-18,-25.2,19
2025-01-31,4.35,-1.0,-59.0,-84.0,-86.0,17,2025-02-18,-24.0,18
2025-02-03,4.35,-1.0,-73.0,-92.0,-91.0,17,2025-02-18,-24.0,15
2025-02-04,4.35,-1.0,-73.0,-89.0,-89.0,17,2025-02-18,-23.0,14
2025-02-05,4.35,-1.0,-73.0,-90.0,-90.0,17,2025-02-18,-23.0,13
2025-02-06,4.35,-1.0,-74.0,-92.0,-92.0,17,2025-02-18,-24.0,12
2025-02-07,4.35,-1.0,-70.0,-88.0,-89.0,17,2025-02-18,-23.0,11
2025-02-10,4.35,-1.0,-67.0,-84.0,-84.0,17,2025-02-18,-23.0,8
2025-02-11,4.35,-1.0,-67.0,-84.0,-84.0,17,2025-02-18,-23.0,7
2025-02-12,4.35,-1.0,-63.0,-79.0,-77.0,17,2025-02-18,-22.0,6
2025-02-13,4.35,-1.0,-62.0,-78.0,-76.0,17,2025-02-18,-22.0,5
2025-02-14,4.35,-1.0,-63.0,-78.0,-77.0,17,2025-02-18,-22.0,4
2025-02-17,4.35,-1.0,-61.0,-76.0,-74.0,17,2025-02-18,-22.0,1
2025-02-18,4.35,-1.0,-56.0,-70.0,-68.0,17,2025-02-18,-26.0,0
2025-02-19,4.1,-1.0,-31.0,-45.0,-43.0,17,2025-04-01,-4.14,41
2025-02-20,4.1,-1.0,-29.0,-43.0,-42.0,17,2025-04-01,-4.14,40
2025-02-21,4.1,-1.0,-29.0,-45.0,-43.0,17,2025-04-01,-4.14,39
2025-02-24,4.1,-1.0,-34.0,-50.0,-50.0,17,2025-04-01,-4.14,36
2025-02-25,4.1,-1.0,-36.0,-55.0,-56.0,17,2025-04-01,-4.14,35
2025-02-26,4.1,-1.0,-37.0,-56.0,-57.0,17,2025-04-01,-4.14,34
2025-02-27,4.1,-1.0,-37.0,-56.0,-57.0,17,2025-04-01,-3.1,33
2025-02-28,4.1,-1.0,-39.0,-62.0,-65.0,17,2025-04-01,-3.1,32
2025-03-03,4.1,-1.0,-45.0,-61.0,-62.0,16,2025-04-01,-3.1,29
2025-03-04,4.1,-1.0,-51.0,-67.0,-67.0,17,2025-04-01,-5.17,28
2025-03-05,4.1,-1.0,-48.0,-65.0,-65.0,17,2025-04-01,-3.1,27
2025-03-06,4.1,-1.0,-45.0,-59.0,-57.0,17,2025-04-01,-3.1,26
2025-03-07,4.1,-1.0,-49.0,-67.0,-67.0,17,2025-04-01,-3.1,25
2025-03-10,4.1,-1.0,-48.0,-64.0,-64.0,17,2025-04-01,-3.1,22
2025-03-11,4.1,-1.0,-51.0,-71.0,-72.0,17,2025-04-01,-3.1,21
2025-03-12,4.1,-1.0,-48.0,-70.0,-70.0,17,2025-04-01,-3.1,20
2025-03-13,4.1,-1.0,-47.0,-68.0,-67.0,17,2025-04-01,-3.1,19
2025-03-14,4.1,-1.0,-48.0,-70.0,-70.0,17,2025-04-01,-3.1,18
2025-03-17,4.1,-1.0,-45.0,-68.0,-68.0,17,2025-04-01,-3.1,15
2025-03-18,4.1,-1.0,-44.0,-67.0,-67.0,17,2025-04-01,-3.1,14
2025-03-19,4.1,-1.0,-43.0,-66.0,-66.0,17,2025-04-01,-2.07,13
2025-03-20,4.1,-1.0,-46.0,-70.0,-71.0,17,2025-04-01,-3.1,12
2025-03-21,4.1,-1.0,-46.0,-70.0,-71.0,17,2025-04-01,-3.1,11
2025-03-24,4.1,-1.0,-47.0,-73.0,-75.0,17,2025-04-01,-2.07,8
2025-03-25,4.1,-1.0,-45.0,-70.0,-73.0,17,2025-04-01,-2.07,7
2025-03-26,4.1,-1.0,-42.0,-67.0,-68.0,17,2025-04-01,-2.07,6
2025-03-27,4.1,-1.0,-42.0,-65.0,-67.0,17,2025-04-01,-2.07,5
2025-03-28,4.1,-1.0,-42.0,-68.0,-71.0,17,2025-04-01,-2.07,4
2025-03-31,4.1,-1.0,-47.0,-76.0,-78.0,17,2025-04-01,-3.1,1
2025-04-01,4.1,-1.0,-55.0,-77.0,-77.0,17,2025-04-01,-1.03,0
2025-04-02,4.1,-1.0,-56.0,-78.0,-79.0,17,2025-05-20,-20.0,48
2025-04-03,4.1,-1.0,-67.0,-94.0,-95.0,17,2025-05-20,-24.0,47
2025-04-04,4.1,-1.0,-86.0,-111.0,-112.0,17,2025-05-20,-31.0,46
2025-04-07,4.1,-1.0,-107.0,-125.0,-126.0,17,2025-05-20,-42.0,43
2025-04-08,4.1,-1.0,-100.0,-118.0,-117.0,17,2025-05-20,-37.0,42
2025-04-09,4.1,-1.0,-126.0,-139.0,-132.0,17,2025-05-20,-48.0,41
2025-04-10,4.1,-1.0,-104.0,-124.0,-118.0,17,2025-05-20,-34.0,40
2025-04-11,4.1,-1.0,-109.0,-129.0,-123.0,17,2025-05-20,-37.0,39
2025-04-14,4.1,-1.0,-105.0,-123.0,-117.0,17,2025-05-20,-36.0,36
2025-04-15,4.1,-1.0,-106.0,-124.0,-120.0,17,2025-05-20,-34.0,35
2025-04-16,4.1,-1.0,-101.0,-121.0,-120.0,17,2025-05-20,-32.0,34
2025-04-17,4.1,-1.0,-98.0,-121.0,-120.0,17,2025-05-20,-31.0,33
2025-04-18,4.1,-1.0,-98.0,-121.0,-120.0,17,2025-05-20,-31.0,32
2025-04-21,4.1,-1.0,-98.0,-121.0,-120.0,17,2025-05-20,-31.0,29
2025-04-22,4.1,-1.0,-103.0,-128.0,-128.0,17,2025-05-20,-31.0,28
2025-04-23,4.1,-1.0,-103.0,-120.0,-120.0,17,2025-05-20,-30.0,27
2025-04-24,4.1,-1.0,-103.0,-120.0,-120.0,17,2025-05-20,-30.0,26
2025-04-25,4.1,-1.0,-92.0,-120.0,-120.0,17,2025-05-20,-31.0,25
2025-04-28,4.1,-1.0,-95.0,-125.0,-125.0,17,2025-05-20,-29.0,22
2025-04-29,4.1,-1.0,-93.0,-123.0,-125.0,17,2025-05-20,-29.0,21
2025-04-30,4.1,-1.0,-89.0,-121.0,-125.0,17,2025-05-20,-27.0,20
2025-05-01,4.1,-1.0,-106.0,-124.0,-126.0,17,2025-05-20,-27.0,19
2025-05-02,4.1,-1.0,-103.0,-120.0,-120.0,17,2025-05-20,-27.0,18
2025-05-05,4.1,-1.0,-98.0,-114.0,-112.0,17,2025-05-20,-26.0,15
2025-05-06,4.1,-1.0,-97.0,-111.0,-108.0,17,2025-05-20,-27.0,14
2025-05-07,4.1,-1.0,-100.0,-117.0,-115.0,17,2025-05-20,-27.0,13
2025-05-08,4.1,-1.0,-96.0,-114.0,-111.0,17,2025-05-20,-26.0,12
2025-05-09,4.1,-1.0,-92.0,-107.0,-107.0,17,2025-05-20,-26.0,11
2025-05-12,4.1,-1.0,-87.0,-102.0,-102.0,17,2025-05-20,-26.0,8
2025-05-13,4.1,-1.0,-76.0,-91.0,-90.0,17,2025-05-20,-26.0,7
2025-05-14,4.1,-1.0,-73.0,-88.0,-87.0,17,2025-05-20,-25.0,6
2025-05-15,4.1,-1.0,-70.0,-84.0,-82.0,17,2025-05-20,-25.0,5
2025-05-16,4.1,-1.0,-72.0,-87.0,-87.0,17,2025-05-20,-24.0,4
2025-05-19,4.1,-1.0,-70.0,-84.0,-84.0,17,2025-05-20,-25.0,1
2025-05-20,4.1,-1.0,-85.0,-102.0,-100.0,17,2025-05-20,-26.0,0
2025-05-21,3.85,-1.0,-62.0,-78.0,-75.0,17,2025-07-08,-16.17,48
2025-05-22,3.85,-1.0,-64.0,-79.0,-76.0,17,2025-07-08,-17.52,47
2025-05-23,3.85,-1.0,-64.0,-79.0,-76.0,17,2025-07-08,-16.17,46
2025-05-26,3.85,-1.0,-65.0,-82.0,-80.0,17,2025-07-08,-18.87,43
2025-05-27,3.85,-1.0,-66.0,-86.0,-83.0,17,2025-07-08,-20.22,42
2025-05-28,3.85,-1.0,-62.0,-82.0,-79.0,17,2025-07-08,-16.17,41
2025-05-29,3.85,-1.0,-60.0,-79.0,-77.0,17,2025-07-08,-14.83,40
2025-05-30,3.85,-1.0,-67.0,-89.0,-87.0,17,2025-07-08,-18.87,39
2025-06-02,3.85,-1.0,-75.0,-92.0,-88.0,17,2025-07-08,-20.22,36
2025-06-03,3.85,-1.0,-78.0,-94.0,-90.0,17,2025-07-08,-20.22,35
2025-06-04,3.85,-1.0,-78.0,-93.0,-90.0,17,2025-07-08,-21.57,34
2025-06-05,3.85,-1.0,-78.0,-93.0,-89.0,17,2025-07-08,-22.91,33
2025-06-06,3.85,-1.0,-76.0,-88.0,-84.0,17,2025-07-08,-22.91,32
2025-06-09,3.85,-1.0,-71.0,-83.0,-78.0,17,2025-07-08,-20.22,29
2025-06-10,3.85,-1.0,-73.0,-88.0,-84.0,17,2025-07-08,-20.22,28
2025-06-11,3.85,-1.0,-69.0,-84.0,-80.0,17,2025-07-08,-20.22,27
2025-06-12,3.85,-1.0,-74.0,-90.0,-86.0,17,2025-07-08,-21.57,26
2025-06-13,3.85,-1.0,-79.0,-95.0,-90.0,17,2025-07-08,-22.91,25
2025-06-16,3.85,-1.0,-76.0,-90.0,-86.0,17,2025-07-08,-21.57,22
2025-06-17,3.85,-1.0,-74.0,-87.0,-82.0,17,2025-07-08,-21.57,21
2025-06-18,3.85,-1.0,-73.0,-87.0,-82.0,17,2025-07-08,-21.57,20
2025-06-19,3.85,-1.0,-70.0,-87.0,-84.0,17,2025-07-08,-20.22,19
2025-06-20,3.85,-1.0,-73.0,-90.0,-87.0,17,2025-07-08,-21.57,18
2025-06-23,3.85,-1.0,-73.0,-89.0,-88.0,17,2025-07-08,-21.57,15
2025-06-24,3.85,-1.0,-76.0,-93.0,-92.0,17,2025-07-08,-22.91,14
2025-06-25,3.85,-1.0,-81.0,-98.0,-95.0,17,2025-07-08,-22.91,13
2025-06-26,3.85,-1.0,-80.0,-98.0,-95.0,17,2025-07-08,-24.26,12
2025-06-27,3.85,-1.0,-79.0,-98.0,-95.0,17,2025-07-08,-24.26,11
2025-06-30,3.85,-1.0,-79.0,-96.0,-93.0,17,2025-07-08,-24.26,8
2025-07-01,3.85,-1.0,-84.0,-100.0,-94.0,17,2025-07-08,-24.26,7
2025-07-02,3.85,-1.0,-81.0,-96.0,-91.0,17,2025-07-08,-24.26,6
2025-07-03,3.85,-1.0,-81.0,-94.0,-89.0,17,2025-07-08,-24.26,5
2025-07-04,3.85,-1.0,-78.0,-91.0,-86.0,17,2025-07-08,-24.26,4
2025-07-07,3.85,-1.0,-79.0,-92.0,-87.0,17,2025-07-08,-24.26,1
2025-07-08,3.85,-1.0,-65.0,-82.0,-78.0,17,2025-07-08,-1.35,0
2025-07-09,3.85,-1.0,-62.0,-79.0,-74.0,17,2025-08-12,-23.0,34
2025-07-10,3.85,-1.0,-61.0,-80.0,-76.0,17,2025-08-12,-23.0,33
2025-07-11,3.85,-1.0,-61.0,-79.0,-76.0,17,2025-08-12,-23.0,32
2025-07-14,3.85,-1.0,-59.0,-76.0,-72.0,17,2025-08-12,-23.0,29
2025-07-15,3.85,-1.0,-57.0,-73.0,-70.0,17,2025-08-12,-23.0,28
2025-07-16,3.85,-1.0,-56.0,-71.0,-68.0,17,2025-08-12,-23.0,27
2025-07-17,3.85,-1.0,-65.0,-81.0,-77.0,17,2025-08-12,-26.0,26
2025-07-18,3.85,-1.0,-67.0,-83.0,-81.0,17,2025-08-12,-26.0,25
2025-07-21,3.85,-1.0,-65.0,-82.0,-79.0,17,2025-08-12,-26.0,22
2025-07-22,3.85,-1.0,-65.0,-81.0,-78.0,17,2025-08-12,-26.0,21
2025-07-23,3.85,-1.0,-65.0,-82.0,-79.0,17,2025-08-12,-26.0,20
2025-07-24,3.85,-1.0,-59.0,-75.0,-74.0,17,2025-08-12,-25.0,19
2025-07-25,3.85,-1.0,-58.0,-73.0,-72.0,17,2025-08-12,-25.0,18
2025-07-28,3.85,-1.0,-58.0,-74.0,-72.0,17,2025-08-12,-24.0,15
2025-07-29,3.85,-1.0,-59.0,-76.0,-74.0,17,2025-08-12,-23.0,14
2025-07-30,3.85,-1.0,-65.0,-82.0,-80.0,17,2025-08-12,-26.0,13
2025-07-31,3.85,-1.0,-61.0,-79.0,-77.0,17,2025-08-12,-26.0,12
2025-08-01,3.85,-1.0,-68.0,-75.0,-73.0,17,2025-08-12,-26.0,11
2025-08-04,3.85,-1.0,-75.0,-81.0,-78.0,17,2025-08-12,-26.0,8
2025-08-05,3.85,-1.0,-76.0,-84.0,-82.0,17,2025-08-12,-26.0,7
2025-08-06,3.85,-1.0,-73.0,-80.0,-79.0,17,2025-08-12,-26.0,6
2025-08-07,3.85,-1.0,-75.0,-82.0,-81.0,17,2025-08-12,-26.0,5
2025-08-08,3.85,-1.0,-73.0,-81.0,-79.0,17,2025-08-12,-26.0,4
2025-08-11,3.85,-1.0,-73.0,-81.0,-80.0,17,2025-08-12,-26.0,1
2025-08-12,3.85,-1.0,-74.0,-82.0,-81.0,17,2025-08-12,-26.0,0
2025-08-13,3.6,-1.0,-52.0,-61.0,-59.0,17,2025-09-30,-11.0,48
2025-08-14,3.6,-1.0,-51.0,-62.0,-61.0,17,2025-09-30,-8.0,47
2025-08-15,3.6,-1.0,-51.0,-61.0,-60.0,17,2025-09-30,-8.0,46
2025-08-18,3.6,-1.0,-49.0,-59.0,-57.0,17,2025-09-30,-8.0,43
2025-08-19,3.6,-1.0,-46.0,-54.0,-52.0,17,2025-09-30,-7.0,42
2025-08-20,3.6,-1.0,-49.0,-57.0,-54.0,17,2025-09-30,-8.0,41
2025-08-21,3.6,-1.0,-48.0,-58.0,-56.0,17,2025-09-30,-7.0,40
2025-08-22,3.6,-1.0,-45.0,-55.0,-53.0,17,2025-09-30,-7.0,39
2025-08-25,3.6,-1.0,-48.0,-57.0,-56.0,17,2025-09-30,-8.0,36
2025-08-26,3.6,-1.0,-47.0,-57.0,-55.0,17,2025-09-30,-8.0,35
2025-08-27,3.6,-1.0,-44.0,-54.0,-52.0,17,2025-09-30,-6.0,34
2025-08-28,3.6,-1.0,-46.0,-56.0,-54.0,17,2025-09-30,-6.0,33
2025-08-29,3.6,-1.0,-45.0,-55.0,-53.0,17,2025-09-30,-5.0,32
2025-09-01,3.6,-1.0,-45.0,-54.0,-50.0,17,2025-09-30,-5.0,29
2025-09-02,3.6,-1.0,-44.0,-51.0,-47.0,17,2025-09-30,-5.0,28
2025-09-03,3.6,-1.0,-37.0,-45.0,-40.0,17,2025-09-30,-3.0,27
2025-09-04,3.6,-1.0,-40.0,-48.0,-44.0,17,2025-09-30,-4.0,26
2025-09-05,3.6,-1.0,-40.0,-48.0,-44.0,17,2025-09-30,-4.0,25
2025-09-08,3.6,0.0,-41.0,-49.0,-45.0,17,2025-09-30,-5.0,22
2025-09-09,3.6,0.0,-41.0,-51.0,-48.0,17,2025-09-30,-4.0,21
2025-09-10,3.6,0.0,-41.0,-51.0,-48.0,17,2025-09-30,-4.0,20
2025-09-11,3.6,0.0,-41.0,-50.0,-49.0,17,2025-09-30,-4.0,19
2025-09-12,3.6,0.0,-41.0,-48.0,-45.0,17,2025-09-30,-4.0,18
2025-09-15,3.6,0.0,-40.0,-46.0,-43.0,17,2025-09-30,-3.0,15
2025-09-16,3.6,0.0,-41.0,-46.0,-43.0,17,2025-09-30,-4.0,14
2025-09-17,3.6,0.0,-41.0,-49.0,-46.0,17,2025-09-30,-4.0,13
2025-09-18,3.6,0.0,-44.0,-53.0,-51.0,17,2025-09-30,-3.0,12
2025-09-19,3.6,0.0,-43.0,-49.0,-46.0,17,2025-09-30,-2.0,11
2025-09-22,3.6,0.0,-40.0,-48.0,-44.0,17,2025-09-30,-2.0,8
2025-09-23,3.6,0.0,-38.0,-48.0,-44.0,17,2025-09-30,-2.0,7
2025-09-24,3.6,0.0,-29.0,-39.0,-36.0,17,2025-09-30,-1.0,6
2025-09-25,3.6,0.0,-26.0,-35.0,-32.0,17,2025-09-30,-1.0,5
2025-09-26,3.6,0.0,-24.0,-32.0,-28.0,17,2025-09-30,-1.0,4
2025-09-29,3.6,0.0,-27.0,-35.0,-31.0,17,2025-09-30,-1.0,1
2025-09-30,3.6,-1.0,-23.0,-29.0,-26.0,17,2025-09-30,-0.0,0
2025-10-01,3.6,0.0,-25.0,-29.0,-27.0,16,2025-11-04,-10.38,34
2025-10-02,3.6,0.0,-27.0,-33.0,-29.0,17,2025-11-04,-11.54,33
2025-10-03,3.6,0.0,-27.0,-33.0,-29.0,17,2025-11-04,-10.38,32
2025-10-06,3.6,0.0,-24.0,-30.0,-27.0,17,2025-11-04,-8.08,29
2025-10-07,3.6,0.0,-24.0,-31.0,-27.0,17,2025-11-04,-10.38,28
2025-10-08,3.6,0.0,-26.0,-32.0,-27.0,17,2025-11-04,-11.54,27
2025-10-09,3.6,0.0,-24.0,-29.0,-26.0,17,2025-11-04,-10.38,26
2025-10-10,3.6,0.0,-22.0,-27.0,-24.0,17,2025-11-04,-9.23,25
2025-10-13,3.6,0.0,-27.0,-33.0,-30.0,17,2025-11-04,-13.85,22
2025-10-14,3.6,0.0,-29.0,-38.0,-36.0,17,2025-11-04,-11.54,21
2025-10-15,3.6,0.0,-27.0,-35.0,-33.0,17,2025-11-04,-11.54,20
2025-10-16,3.6,0.0,-39.0,-46.0,-43.0,17,2025-11-04,-18.46,19
2025-10-17,3.6,0.0,-44.0,-52.0,-49.0,17,2025-11-04,-20.77,18
2025-10-20,3.6,0.0,-40.0,-47.0,-44.0,17,2025-11-04,-18.46,15
2025-10-21,3.6,0.0,-41.0,-48.0,-46.0,17,2025-11-04,-18.46,14
2025-10-22,3.6,0.0,-39.0,-48.0,-45.0,17,2025-11-04,-17.31,13
2025-10-23,3.6,0.0,-38.0,-48.0,-43.0,17,2025-11-04,-16.15,12
2025-10-24,3.6,0.0,-38.0,-46.0,-43.0,17,2025-11-04,-17.31,11
2025-10-27,3.6,0.0,-35.0,-43.0,-38.0,17,2025-11-04,-15.0,8
2025-10-28,3.6,0.0,-32.0,-38.0,-35.0,17,2025-11-04,-9.23,7
2025-10-29,3.6,0.0,-17.0,-26.0,-22.0,17,2025-11-04,-2.31,6
2025-10-30,3.6,0.0,-15.0,-24.0,-19.0,17,2025-11-04,-2.31,5
2025-10-31,3.6,0.0,-17.0,-25.0,-21.0,17,2025-11-04,-2.31,4
2025-11-03,3.6,0.0,-19.0,-21.0,-16.0,17,2025-11-04,-2.31,1
2025-11-04,3.6,0.0,-16.0,-18.0,-13.0,17,2025-11-04,-1.15,0
2025-11-05,3.6,0.0,-19.0,-22.0,-18.0,17,2025-12-09,-4.0,34
2025-11-06,3.6,0.0,-18.0,-20.0,-16.0,17,2025-12-09,-4.0,33
2025-11-07,3.6,0.0,-18.0,-21.0,-16.0,17,2025-12-09,-4.0,32
2025-11-10,3.6,0.0,-16.0,-17.0,-12.0,17,2025-12-09,-4.0,29
2025-11-11,3.6,0.0,-15.0,-16.0,-10.0,17,2025-12-09,-2.0,28
2025-11-12,3.6,0.0,-15.0,-16.0,-10.0,17,2025-12-09,-3.0,27
2025-11-13,3.6,0.0,-15.0,-16.0,-10.0,17,2025-12-09,-3.0,26
2025-11-14,3.6,0.0,-12.0,-8.0,-2.0,17,2025-12-09,-2.0,25
2025-11-17,3.6,0.0,-10.0,-7.0,-1.0,17,2025-12-09,-2.0,22
2025-11-18,3.6,0.0,-13.0,-10.0,-5.0,17,2025-12-09,-2.0,21
2025-11-19,3.6,0.0,-15.0,-11.0,-6.0,17,2025-12-09,-2.0,20
2025-11-20,3.6,0.0,-12.0,-7.0,-1.0,17,2025-12-09,-2.0,19
2025-11-21,3.6,0.0,-12.0,-8.0,-2.0,17,2025-12-09,-2.0,18
2025-11-24,3.6,0.0,-12.0,-8.0,-2.0,17,2025-12-09,-2.0,15
2025-11-25,3.6,0.0,-12.0,-8.0,-4.0,17,2025-12-09,-2.0,14
2025-11-26,3.6,0.0,-2.0,7.0,13.0,17,2025-12-09,-1.0,13
2025-11-27,3.6,0.0,-4.0,4.0,9.0,17,2025-12-09,-1.0,12
2025-11-28,3.6,0.0,-1.0,7.0,13.0,17,2025-12-09,-1.0,11
2025-12-01,3.6,0.0,1.0,12.0,18.0,17,2025-12-09,-1.0,8
2025-12-02,3.6,0.0,4.0,15.0,21.0,17,2025-12-09,-1.0,7
2025-12-03,3.6,0.0,6.0,21.0,29.0,17,2025-12-09,-1.0,6
2025-12-04,3.6,0.0,11.0,26.0,34.0,17,2025-12-09,0.0,5
2025-12-05,3.6,0.0,13.0,31.0,34.0,17,2025-12-09,-1.0,4
2025-12-08,3.6,0.0,14.0,34.0,38.0,17,2025-12-09,-1.0,1
2025-12-09,3.6,0.0,25.0,46.0,49.0,17,2025-12-09,-1.0,0
2025-12-10,3.6,0.0,25.0,46.0,49.0,17,2026-02-03,6.72,55
2025-12-11,3.6,0.0,18.0,42.0,46.0,17,2026-02-03,4.48,54
2025-12-12,3.6,0.0,21.0,39.0,43.0,17,2026-02-03,6.72,53
2025-12-15,3.6,0.0,15.0,34.0,37.0,17,2026-02-03,6.72,50
2025-12-16,3.6,0.0,15.0,34.0,37.0,17,2026-02-03,6.72,49
2025-12-17,3.6,0.0,22.0,40.0,43.0,17,2026-02-03,8.96,48
2025-12-18,3.6,0.0,20.0,35.0,38.0,17,2026-02-03,6.72,47
2025-12-19,3.6,0.0,21.0,38.0,41.0,17,2026-02-03,7.84,46
2025-12-22,3.6,0.0,23.0,43.0,46.0,17,2026-02-03,7.84,43
2025-12-23,3.6,0.0,21.0,38.0,42.0,17,2026-02-03,7.84,42
2025-12-24,3.6,0.0,21.0,37.0,40.0,17,2026-02-03,7.84,41
2025-12-25,3.6,0.0,21.0,37.0,40.0,17,2026-02-03,7.84,40
2025-12-26,3.6,0.0,21.0,37.0,40.0,17,2026-02-03,7.84,39
2025-12-29,3.6,0.0,21.0,39.0,42.0,17,2026-02-03,7.84,36
2025-12-30,3.6,0.0,21.0,38.0,41.0,17,2026-02-03,8.96,35
2025-12-31,3.6,0.0,23.0,39.0,43.0,17,2026-02-03,8.96,34
2026-01-01,3.6,0.0,23.0,40.0,43.0,16,2026-02-03,8.96,33
2026-01-02,3.6,0.0,26.0,46.0,49.0,17,2026-02-03,8.96,32
2026-01-05,3.6,0.0,23.0,40.0,44.0,17,2026-02-03,7.84,29
2026-01-06,3.6,0.0,25.0,42.0,46.0,17,2026-02-03,7.84,28
2026-01-07,3.6,0.0,28.0,44.0,48.0,17,2026-02-03,8.96,27
2026-01-08,3.6,0.0,21.0,34.0,37.0,17,2026-02-03,6.72,26
2026-01-09,3.6,0.0,21.0,34.0,37.0,17,2026-02-03,6.72,25
2026-01-12,3.6,0.0,22.0,34.0,37.0,17,2026-02-03,7.84,22
2026-01-13,3.6,0.0,21.0,34.0,37.0,17,2026-02-03,6.72,21
2026-01-14,3.6,0.0,20.0,34.0,38.0,17,2026-02-03,6.72,20
2026-01-15,3.6,0.0,19.0,32.0,36.0,17,2026-02-03,5.6,19
2026-01-16,3.6,0.0,21.0,35.0,39.0,17,2026-02-03,5.6,18
2026-01-19,3.6,0.0,21.0,37.0,42.0,17,2026-02-03,6.72,15
2026-01-20,3.6,0.0,23.0,41.0,46.0,17,2026-02-03,6.72,14
2026-01-21,3.6,0.0,22.0,39.0,45.0,17,2026-02-03,6.72,13
2026-01-22,3.6,0.0,34.0,48.0,51.0,17,2026-02-03,14.56,12
2026-01-23,3.6,0.0,35.0,51.0,54.0,17,2026-02-03,13.44,11
2026-01-26,3.6,0.0,35.0,51.0,54.0,17,2026-02-03,14.56,8
2026-01-27,3.6,0.0,39.0,57.0,59.0,17,2026-02-03,14.56,7
2026-01-28,3.6,0.0,38.0,55.0,57.0,17,2026-02-03,17.92,6
2026-01-29,3.6,0.0,40.0,57.0,59.0,17,2026-02-03,16.8,5
2026-01-30,3.6,0.0,40.0,57.0,58.0,17,2026-02-03,17.92,4
2026-02-02,3.6,0.0,45.0,54.0,56.0,17,2026-02-03,17.92,1
2026-02-03,3.6,0.0,53.0,61.0,61.0,17,2026-02-03,24.64,0
2026-02-04,3.85,0.0,31.0,40.0,41.0,17,2026-03-17,4.0,41
2026-02-05,3.85,0.0,32.0,40.0,40.0,17,2026-03-17,4.0,40
2026-02-06,3.85,0.0,28.0,36.0,35.0,17,2026-03-17,3.0,39
2026-02-09,3.85,0.0,31.0,39.0,38.0,17,2026-03-17,3.0,36
2026-02-10,3.85,0.0,29.0,37.0,35.0,17,2026-03-17,3.0,35
2026-02-11,3.85,0.0,27.0,34.0,32.0,17,2026-03-17,3.0,34
2026-02-12,3.85,0.0,29.0,37.0,36.0,17,2026-03-17,3.0,33
2026-02-13,3.85,0.0,27.0,34.0,34.0,17,2026-03-17,3.0,32
2026-02-16,3.85,0.0,27.0,34.0,31.0,17,2026-03-17,3.0,29
2026-02-17,3.85,0.0,24.0,29.0,26.0,17,2026-03-17,2.0,28
2026-02-18,3.85,0.0,26.0,32.0,29.0,17,2026-03-17,2.0,27
2026-02-19,3.85,0.0,32.0,40.0,37.0,17,2026-03-17,4.0,26
2026-02-20,3.85,0.0,30.0,35.0,32.0,17,2026-03-17,3.0,25
2026-02-23,3.85,0.0,29.0,34.0,30.0,17,2026-03-17,3.0,22
2026-02-24,3.85,0.0,30.0,34.0,28.0,17,2026-03-17,3.0,21
2026-02-25,3.85,0.0,34.0,38.0,33.0,17,2026-03-17,4.0,20
2026-02-26,3.85,0.0,32.0,37.0,31.0,17,2026-03-17,2.0,19
2026-02-27,3.85,0.0,30.0,34.0,26.0,17,2026-03-17,3.0,18
2026-03-02,3.85,0.0,32.0,32.0,23.0,17,2026-03-17,1.0,15
2026-03-03,3.85,0.0,40.0,45.0,37.0,17,2026-03-17,8.0,14
2026-03-04,3.85,0.0,38.0,41.0,34.0,17,2026-03-17,4.0,13
2026-03-05,3.85,0.0,42.0,46.0,41.0,17,2026-03-17,6.0,12
2026-03-06,3.85,0.0,45.0,51.0,47.0,17,2026-03-17,6.0,11
2026-03-09,3.85,0.0,50.0,63.0,62.0,17,2026-03-17,7.0,8
2026-03-10,3.85,0.0,48.0,58.0,53.0,17,2026-03-17,9.0,7
2026-03-11,3.85,0.0,50.0,57.0,49.0,17,2026-03-17,16.0,6
2026-03-12,3.85,0.0,54.0,66.0,59.0,17,2026-03-17,17.0,5
2026-03-13,3.85,0.0,55.0,68.0,61.0,17,2026-03-17,17.0,4
2026-03-16,3.85,0.0,56.0,73.0,66.0,17,2026-03-17,15.0,1
2026-03-17,3.85,0.0,58.0,71.0,62.0,17,2026-03-17,24.0,0
2026-03-18,4.1,0.0,32.0,43.0,33.0,17,2026-05-05,14.31,48
2026-03-19,4.1,0.0,41.0,54.0,46.0,17,2026-05-05,16.69,47
2026-03-20,4.1,0.0,48.0,74.0,67.0,17,2026-05-05,17.88,46
2026-03-23,4.1,0.0,47.0,76.0,68.0,17,2026-05-05,16.69,43
2026-03-24,4.1,0.0,43.0,66.0,57.0,17,2026-05-05,14.31,42
2026-03-25,4.1,0.0,37.0,56.0,46.0,17,2026-05-05,14.31,41
2026-03-26,4.1,0.0,46.0,65.0,57.0,17,2026-05-05,17.88,40
2026-03-27,4.1,0.0,48.0,73.0,68.0,17,2026-05-05,17.88,39
2026-03-30,4.1,0.0,42.0,64.0,57.0,17,2026-05-05,16.69,36
2026-03-31,4.1,0.0,40.0,59.0,51.0,17,2026-05-05,15.5,35
2026-04-01,4.1,0.0,44.0,51.0,43.0,17,2026-05-05,14.31,34
2026-04-02,4.1,0.0,54.0,65.0,58.0,17,2026-05-05,15.5,33
2026-04-03,4.1,0.0,54.0,65.0,58.0,17,2026-05-05,15.5,32
2026-04-06,4.1,0.0,54.0,65.0,58.0,17,2026-05-05,15.5,29
2026-04-07,4.1,0.0,52.0,60.0,51.0,17,2026-05-05,15.5,28
2026-04-08,4.1,0.0,43.0,49.0,40.0,17,2026-05-05,14.31,27
2026-04-09,4.1,0.0,46.0,54.0,45.0,17,2026-05-05,15.5,26
2026-04-10,4.1,0.0,48.0,57.0,48.0,17,2026-05-05,15.5,25
2026-04-13,4.1,0.0,51.0,63.0,53.0,17,2026-05-05,15.5,22
2026-04-14,4.1,0.0,47.0,54.0,45.0,17,2026-05-05,15.5,21
2026-04-15,4.1,0.0,46.0,51.0,42.0,17,2026-05-05,16.69,20
2026-04-16,4.1,0.0,47.0,53.0,43.0,17,2026-05-05,17.88,19
2026-04-17,4.1,0.0,49.0,56.0,46.0,17,2026-05-05,17.88,18
2026-04-20,4.1,0.0,44.0,48.0,40.0,17,2026-05-05,17.88,15
2026-04-21,4.1,0.0,43.0,46.0,36.0,17,2026-05-05,17.88,14
2026-04-22,4.1,0.0,46.0,51.0,42.0,17,2026-05-05,17.88,13
2026-04-23,4.1,0.0,50.0,59.0,50.0,17,2026-05-05,17.88,12
2026-04-24,4.1,0.0,51.0,59.0,51.0,17,2026-05-05,17.88,11
2026-04-27,4.1,0.0,52.0,60.0,52.0,17,2026-05-05,19.08,8
2026-04-28,4.1,0.0,54.0,64.0,56.0,17,2026-05-05,19.08,7
2026-04-29,4.1,0.0,50.0,59.0,51.0,17,2026-05-05,17.88,6
2026-04-30,4.1,0.0,57.0,70.0,62.0,17,2026-05-05,19.08,5
2026-05-01,4.1,0.0,62.0,62.0,54.0,17,2026-05-05,17.88,4
2026-05-04,4.1,0.0,59.0,59.0,49.0,17,2026-05-05,19.08,1
2026-05-05,4.1,0.0,57.0,55.0,45.0,17,2026-05-05,25.04,0
2026-05-06,4.35,0.0,32.0,29.0,21.0,17,2026-06-16,4.0,41
2026-05-07,4.35,0.0,29.0,27.0,18.0,17,2026-06-16,4.0,40
2026-05-08,4.35,0.0,33.0,32.0,23.0,17,2026-06-16,5.0,39
2026-05-11,4.35,0.0,34.0,34.0,26.0,17,2026-06-16,4.0,36
2026-05-12,4.35,0.0,36.0,36.0,28.0,17,2026-06-16,5.0,35
2026-05-13,4.35,0.0,40.0,40.0,32.0,17,2026-06-16,5.0,34
2026-05-14,4.35,0.0,34.0,32.0,24.0,17,2026-06-16,4.0,33
2026-05-15,4.35,0.0,36.0,37.0,29.0,17,2026-06-16,4.0,32
2026-05-18,4.35,0.0,36.0,37.0,30.0,17,2026-06-16,4.0,29
2026-05-19,4.35,0.0,32.0,32.0,24.0,17,2026-06-16,3.0,28
2026-05-20,4.35,0.0,32.0,34.0,27.0,17,2026-06-16,4.0,27
2026-05-21,4.35,0.0,24.0,25.0,17.0,17,2026-06-16,1.0,26
2026-05-22,4.35,0.0,21.0,21.0,12.0,17,2026-06-16,1.0,25
2026-05-25,4.35,0.0,22.0,21.0,10.0,17,2026-06-16,1.0,22
2026-05-26,4.35,0.0,23.0,22.0,12.0,17,2026-06-16,1.0,21
2026-05-27,4.35,0.0,20.0,17.0,6.0,17,2026-06-16,0.0,20
2026-05-28,4.35,0.0,21.0,18.0,7.0,17,2026-06-16,1.0,19
2026-05-29,4.35,0.0,18.0,13.0,3.0,17,2026-06-16,0.0,18
2026-06-01,4.35,0.0,21.0,16.0,4.0,17,2026-06-16,0.0,15
2026-06-02,4.35,0.0,21.0,17.0,5.0,17,2026-06-16,1.0,14
2026-06-03,4.35,0.0,24.0,20.0,9.0,17,2026-06-16,1.0,13
2026-06-04,4.35,0.0,24.0,21.0,9.0,17,2026-06-16,1.0,12
2026-06-05,4.35,0.0,23.0,19.0,9.0,17,2026-06-16,1.0,11
2026-06-08,4.35,0.0,23.0,19.0,9.0,17,2026-06-16,1.0,8
2026-06-09,4.35,0.0,21.0,19.0,8.0,17,2026-06-16,0.0,7
2026-06-10,4.35,0.0,17.0,13.0,1.0,17,2026-06-16,0.0,6
2026-06-11,4.35,0.0,15.0,12.0,1.0,17,2026-06-16,0.0,5
2026-06-12,4.35,0.0,13.0,10.0,-2.0,17,2026-06-16,0.0,4
2026-06-15,4.35,0.0,13.0,9.0,-4.0,17,2026-06-16,0.0,1
2026-06-16,4.35,0.0,12.0,6.0,-7.0,17,2026-06-16,-1.0,0
2026-06-17,4.35,0.0,12.0,4.0,-12.0,17,2026-08-11,6.2,55
2026-06-18,4.35,0.0,15.0,7.0,-7.0,17,2026-08-11,6.2,54
2026-06-19,4.35,0.0,17.0,10.0,-3.0,17,2026-08-11,9.3,53
2026-06-22,4.35,0.0,17.0,10.0,-4.0,17,2026-08-11,7.75,50
2026-06-23,4.35,0.0,13.0,5.0,-10.0,17,2026-08-11,6.2,49
2026-06-24,4.35,0.0,14.0,6.0,-9.0,17,2026-08-11,7.75,48
2026-06-25,4.35,0.0,11.0,1.0,-13.0,17,2026-08-11,4.65,47
2026-06-26,4.35,0.0,9.0,-1.0,-14.0,17,2026-08-11,4.65,46
2026-06-29,4.35,0.0,10.0,2.0,-12.0,17,2026-08-11,6.2,43
2026-06-30,4.35,0.0,10.0,1.0,-13.0,17,2026-08-11,6.2,42
2026-07-01,4.35,0.0,13.0,3.0,-10.0,17,2026-08-11,6.2,41
2026-07-02,4.35,0.0,13.0,4.0,-7.0,17,2026-08-11,6.2,40
2026-07-03,4.35,0.0,10.0,1.0,-10.0,17,2026-08-11,4.65,39
2026-07-06,4.35,0.0,10.0,0.0,-11.0,17,2026-08-11,4.65,36
2026-07-07,4.35,0.0,10.0,-1.0,-12.0,17,2026-08-11,4.65,35
2026-07-08,4.35,0.0,12.0,3.0,-6.0,17,2026-08-11,4.65,34
2026-07-09,4.35,0.0,14.0,6.0,-4.0,17,2026-08-11,4.65,33
2026-07-10,4.35,0.0,12.0,3.0,-7.0,17,2026-08-11,4.65,32
2026-07-13,4.35,0.0,14.0,5.0,-4.0,17,2026-08-11,4.65,29
2026-07-14,4.35,0.0,15.0,9.0,0.0,17,2026-08-11,6.2,28
2026-07-15,4.35,0.0,15.0,9.0,0.0,17,2026-08-11,4.65,27
2026-07-16,4.35,0.0,15.0,9.0,-2.0,17,2026-08-11,4.65,26
2026-07-17,4.35,0.0,15.0,10.0,1.0,17,2026-08-11,4.65,25
2026-07-20,4.35,0.0,20.0,17.0,9.0,17,2026-08-11,6.2,22
2026-07-21,4.35,0.0,18.0,15.0,6.0,17,2026-08-11,4.65,21
2026-07-22,4.35,0.0,19.0,17.0,9.0,17,2026-08-11,4.65,20
2026-07-23,4.35,0.0,24.0,23.0,15.0,17,2026-08-11,9.3,19
2026-07-24,4.35,0.0,31.0,34.0,27.0,17,2026-08-11,10.85,18
2026-07-27,4.35,0.0,23.0,25.0,17.0,17,2026-08-11,6.2,15
2026-07-28,4.35,0.0,21.0,20.0,10.0,17,2026-08-11,6.2,14
2026-07-29,4.35,0.0,13.0,12.0,1.0,17,2026-08-11,1.55,13
2026-07-30,4.35,0.0,15.0,17.0,7.0,17,2026-08-11,0.0,12
2026-07-31,4.35,0.0,12.0,12.0,1.0,17,2026-08-11,1.55,11
2026-08-03,4.35,0.0,15.0,11.0,1.0,17,2026-08-11,0.0,8
2026-08-04,4.35,0.0,18.0,15.0,4.0,17,2026-08-11,1.55,7
2026-08-05,4.35,0.0,14.0,9.0,-1.0,17,2026-08-11,0.0,6
2026-08-06,4.35,0.0,13.0,10.0,0.0,17,2026-08-11,0.0,5
2026-08-07,4.35,0.0,14.0,10.0,4.0,17,2026-08-11,0.0,4
2026-08-10,4.35,0.0,17.0,15.0,6.0,17,2026-08-11,1.55,1
2026-08-11,4.35,0.0,20.0,18.0,9.0,17,2026-08-11,-1.55,0
2026-08-12,4.35,0.0,18.0,17.0,8.0,17,2026-09-29,4.0,48
2026-08-13,4.35,0.0,15.0,12.0,3.0,17,2026-09-29,3.0,47
2026-08-14,4.35,0.0,15.0,12.0,3.0,17,2026-09-29,4.0,46
2026-08-17,4.35,0.0,16.0,13.0,5.0,17,2026-09-29,3.0,43
2026-08-18,4.35,0.0,18.0,18.0,9.0,17,2026-09-29,4.0,42
2026-08-19,4.35,0.0,18.0,15.0,7.0,17,2026-09-29,3.0,41
2026-08-20,4.35,0.0,15.0,13.0,4.0,17,2026-09-29,2.0,40
2026-08-21,4.35,0.0,18.0,17.0,9.0,17,2026-09-29,3.0,39
2026-08-24,4.35,0.0,15.0,13.0,6.0,17,2026-09-29,2.0,36
2026-08-25,4.35,0.0,17.0,15.0,7.0,17,2026-09-29,3.0,35
2026-08-26,4.35,0.0,24.0,22.0,13.0,17,2026-09-29,9.0,34
2026-08-27,4.35,0.0,31.0,29.0,20.0,17,2026-09-29,12.0,33
2026-08-28,4.35,0.0,29.0,28.0,18.0,17,2026-09-29,11.0,32
2026-08-31,4.35,0.0,30.0,29.0,19.0,17,2026-09-29,12.0,29
2026-09-01,4.35,0.0,35.0,34.0,23.0,17,2026-09-29,13.0,28
2026-09-02,4.35,0.0,43.0,44.0,34.0,17,2026-09-29,19.0,27
2026-09-03,4.35,0.0,37.0,37.0,27.0,17,2026-09-29,15.0,26
2026-09-04,4.35,0.0,35.0,36.0,26.0,17,2026-09-29,15.0,25
2026-09-07,4.35,0.0,40.0,40.0,29.0,17,2026-09-29,17.0,22
2026-09-08,4.35,0.0,39.0,40.0,29.0,17,2026-09-29,17.0,21
2026-09-09,4.35,0.0,43.0,44.0,34.0,17,2026-09-29,18.0,20
2026-09-10,4.35,0.0,44.0,47.0,37.0,17,2026-09-29,18.0,19
2026-09-11,4.35,0.0,51.0,63.0,56.0,17,2026-09-29,19.0,18
2026-09-14,4.35,0.0,49.0,59.0,51.0,17,2026-09-29,19.0,15
2026-09-15,4.35,0.0,54.0,70.0,62.0,17,2026-09-29,20.0,14
2026-09-16,4.35,0.0,51.0,65.0,56.0,17,2026-09-29,19.0,13
2026-09-17,4.35,0.0,51.0,62.0,52.0,17,2026-09-29,21.0,12
2026-09-18,4.35,0.0,51.0,59.0,49.0,17,2026-09-29,21.0,11
2026-09-21,4.35,0.0,54.0,63.0,54.0,17,2026-09-29,22.0,8
2026-09-22,4.35,0.0,53.0,65.0,57.0,17,2026-09-29,22.0,7
2026-09-23,4.35,0.0,49.0,59.0,49.0,17,2026-09-29,21.0,6
2026-09-24,4.35,0.0,53.0,67.0,62.0,17,2026-09-29,23.0,5
2026-09-25,4.35,0.0,52.0,65.0,60.0,17,2026-09-29,23.0,4
2026-09-28,4.35,0.0,54.0,68.0,63.0,17,2026-09-29,23.0,1
2026-09-29,4.35,0.0,51.0,61.0,54.0,17,2026-09-29,24.0,0
2026-09-30,4.6,0.0,21.0,31.0,24.0,17,2026-11-03,5.56,34
2026-10-01,4.6,0.0,28.0,35.0,29.0,17,2026-11-03,7.22,33
2026-10-02,4.6,0.0,23.5,29.0,23.0,17,2026-11-03,5.0,32
2026-10-05,4.6,0.0,23.0,28.5,22.5,17,2026-11-03,4.44,29
2026-10-06,4.6,0.0,22.0,29.0,23.0,17,2026-11-03,6.11,28
2026-10-07,4.6,0.0,23.0,28.5,23.5,17,2026-11-03,6.67,27
2026-10-08,4.6,0.0,23.0,26.0,20.0,17,2026-11-03,6.67,26
2026-10-09,4.6,0.0,22.0,25.5,20.5,17,2026-11-03,7.22,25
