date,bab1,bab3,bab6,spread_bp
2023-01-03,3.01,3.27,3.76,75.0
2023-01-04,3.04,3.29,3.78,74.0
2023-01-05,3.04,3.3,3.79,75.0
2023-01-06,3.02,3.32,3.82,80.0
2023-01-09,3.03,3.33,3.81,78.0
2023-01-10,3.04,3.34,3.82,78.0
2023-01-11,3.05,3.33,3.81,76.0
2023-01-12,3.02,3.3,3.76,74.0
2023-01-13,3.06,3.31,3.75,69.0
2023-01-16,3.08,3.35,3.76,68.0
2023-01-17,3.08,3.32,3.76,68.0
2023-01-18,3.07,3.29,3.71,64.0
2023-01-19,3.01,3.22,3.58,57.0
2023-01-20,3.07,3.25,3.58,51.0
2023-01-23,3.13,3.3,3.63,50.0
2023-01-24,3.12,3.27,3.61,49.0
2023-01-25,3.33,3.46,3.76,43.0
2023-01-27,3.17,3.39,3.75,58.0
2023-01-30,3.16,3.36,3.72,56.0
2023-01-31,3.15,3.34,3.69,54.0
2023-02-01,3.23,3.37,3.7,47.0
2023-02-02,3.2,3.35,3.67,47.0
2023-02-03,3.17,3.32,3.62,45.0
2023-02-06,3.21,3.34,3.66,45.0
2023-02-07,3.34,3.47,3.78,44.0
2023-02-08,3.25,3.44,3.8,55.0
2023-02-09,3.29,3.5,3.84,55.0
2023-02-10,3.27,3.48,3.86,59.0
2023-02-13,3.23,3.48,3.88,65.0
2023-02-14,3.25,3.47,3.85,60.0
2023-02-15,3.27,3.48,3.86,59.0
2023-02-16,3.26,3.43,3.8,54.0
2023-02-17,3.3,3.46,3.8,50.0
2023-02-20,3.32,3.48,3.83,51.0
2023-02-21,3.34,3.52,3.88,54.0
2023-02-22,3.28,3.47,3.84,56.0
2023-02-23,3.34,3.51,3.85,51.0
2023-02-24,3.31,3.49,3.85,54.0
2023-02-27,3.36,3.55,3.91,55.0
2023-02-28,3.39,3.57,3.94,55.0
2023-03-01,3.38,3.57,3.93,55.0
2023-03-02,3.42,3.63,3.96,54.0
2023-03-03,3.43,3.62,3.95,52.0
2023-03-06,3.44,3.6,3.93,49.0
2023-03-07,3.39,3.51,3.84,45.0
2023-03-08,3.55,3.65,3.95,40.0
2023-03-09,3.52,3.63,3.93,41.0
2023-03-10,3.53,3.64,3.92,39.0
2023-03-13,3.56,3.66,3.95,39.0
2023-03-14,3.5,3.57,3.79,29.0
2023-03-15,3.57,3.64,3.85,28.0
2023-03-16,3.45,3.51,3.62,17.0
2023-03-17,3.64,3.72,3.84,20.0
2023-03-20,3.49,3.56,3.68,19.0
2023-03-21,3.58,3.63,3.74,16.0
2023-03-22,3.65,3.72,3.84,19.0
2023-03-23,3.64,3.71,3.81,17.0
2023-03-24,3.62,3.68,3.76,14.0
2023-03-27,3.62,3.69,3.76,14.0
2023-03-28,3.61,3.68,3.75,14.0
2023-03-29,3.61,3.68,3.76,15.0
2023-03-30,3.65,3.73,3.81,16.0
2023-03-31,3.62,3.71,3.78,16.0
2023-04-03,3.64,3.71,3.78,14.0
2023-04-04,3.59,3.66,3.73,14.0
2023-04-05,3.6,3.65,3.71,11.0
2023-04-06,3.58,3.63,3.69,11.0
2023-04-11,3.59,3.65,3.74,15.0
2023-04-12,3.61,3.67,3.75,14.0
2023-04-13,3.62,3.66,3.76,14.0
2023-04-14,3.58,3.63,3.73,15.0
2023-04-17,3.57,3.64,3.74,17.0
2023-04-18,3.64,3.71,3.83,19.0
2023-04-19,3.6,3.68,3.85,25.0
2023-04-20,3.62,3.7,3.88,26.0
2023-04-21,3.6,3.67,3.85,25.0
2023-04-24,3.59,3.66,3.85,26.0
2023-04-26,3.55,3.62,3.77,22.0
2023-04-27,3.62,3.67,3.82,20.0
2023-04-28,3.58,3.65,3.83,25.0
2023-05-01,3.62,3.68,3.84,22.0
2023-05-02,3.84,3.91,4.09,25.0
2023-05-03,3.84,3.87,4.05,21.0
2023-05-04,3.8,3.85,3.99,19.0
2023-05-05,3.82,3.87,3.99,17.0
2023-05-08,3.82,3.88,4.02,20.0
2023-05-09,3.81,3.87,4.01,20.0
2023-05-10,3.8,3.87,4.02,22.0
2023-05-11,3.81,3.87,4.01,20.0
2023-05-12,3.79,3.87,4.0,21.0
2023-05-15,3.84,3.92,4.06,22.0
2023-05-16,3.8,3.89,4.07,27.0
2023-05-17,3.8,3.9,4.07,27.0
2023-05-18,3.8,3.91,4.1,30.0
2023-05-19,3.82,3.92,4.11,29.0
2023-05-22,3.81,3.92,4.11,30.0
2023-05-23,3.83,3.93,4.12,29.0
2023-05-24,3.82,3.91,4.12,30.0
2023-05-25,3.82,3.93,4.13,31.0
2023-05-26,3.82,3.94,4.14,32.0
2023-05-29,3.84,3.96,4.18,34.0
2023-05-30,3.87,4.0,4.2,33.0
2023-05-31,3.9,4.04,4.23,33.0
2023-06-01,3.85,4.0,4.21,36.0
2023-06-02,3.9,4.06,4.28,38.0
2023-06-05,3.89,4.07,4.31,42.0
2023-06-06,4.05,4.21,4.45,40.0
2023-06-07,4.08,4.21,4.45,37.0
2023-06-08,4.1,4.25,4.54,44.0
2023-06-09,4.05,4.2,4.48,43.0
2023-06-13,4.07,4.23,4.51,44.0
2023-06-14,4.09,4.24,4.54,45.0
2023-06-15,4.19,4.36,4.67,48.0
2023-06-16,4.14,4.34,4.68,54.0
2023-06-19,4.11,4.32,4.65,54.0
2023-06-20,4.05,4.26,4.6,55.0
2023-06-21,4.09,4.27,4.59,50.0
2023-06-22,4.13,4.32,4.64,51.0
2023-06-23,4.11,4.32,4.68,57.0
2023-06-26,4.12,4.32,4.65,53.0
2023-06-27,4.13,4.32,4.66,53.0
2023-06-28,4.04,4.24,4.58,54.0
2023-06-29,4.16,4.33,4.67,51.0
2023-06-30,4.15,4.36,4.71,56.0
2023-07-03,4.09,4.28,4.64,55.0
2023-07-04,4.1,4.28,4.65,55.0
2023-07-05,4.08,4.28,4.66,58.0
2023-07-06,4.07,4.27,4.69,62.0
2023-07-07,4.1,4.32,4.74,64.0
2023-07-10,4.06,4.29,4.74,68.0
2023-07-11,4.09,4.29,4.71,62.0
2023-07-12,4.07,4.28,4.69,62.0
2023-07-13,4.1,4.29,4.67,57.0
2023-07-14,4.11,4.3,4.66,55.0
2023-07-17,4.09,4.29,4.68,59.0
2023-07-18,4.1,4.28,4.68,58.0
2023-07-19,4.09,4.26,4.67,58.0
2023-07-20,4.18,4.37,4.78,60.0
2023-07-21,4.14,4.36,4.78,64.0
2023-07-24,4.14,4.35,4.78,64.0
2023-07-25,4.16,4.36,4.8,64.0
2023-07-26,4.08,4.27,4.72,64.0
2023-07-27,4.1,4.27,4.7,60.0
2023-07-28,4.08,4.25,4.66,58.0
2023-07-31,4.12,4.28,4.66,54.0
2023-08-01,4.01,4.16,4.56,55.0
2023-08-02,4.06,4.19,4.57,51.0
2023-08-03,4.08,4.2,4.58,50.0
2023-08-04,4.07,4.2,4.58,51.0
2023-08-08,4.04,4.17,4.54,50.0
2023-08-09,4.05,4.18,4.52,47.0
2023-08-10,4.04,4.16,4.49,45.0
2023-08-11,4.08,4.19,4.52,44.0
2023-08-14,4.07,4.18,4.51,44.0
2023-08-15,4.04,4.15,4.49,45.0
2023-08-16,4.05,4.14,4.48,43.0
2023-08-17,4.04,4.15,4.46,42.0
2023-08-18,4.05,4.14,4.44,39.0
2023-08-21,4.03,4.12,4.43,40.0
2023-08-22,4.05,4.13,4.42,37.0
2023-08-23,4.06,4.14,4.42,36.0
2023-08-24,4.05,4.14,4.39,34.0
2023-08-25,4.06,4.14,4.4,34.0
2023-08-28,4.06,4.14,4.4,34.0
2023-08-29,4.05,4.14,4.4,35.0
2023-08-30,4.04,4.11,4.37,33.0
2023-08-31,4.07,4.14,4.38,31.0
2023-09-01,4.06,4.13,4.37,31.0
2023-09-04,4.08,4.14,4.39,31.0
2023-09-05,4.05,4.12,4.37,32.0
2023-09-06,4.05,4.11,4.36,31.0
2023-09-07,4.07,4.13,4.37,30.0
2023-09-08,4.04,4.11,4.34,30.0
2023-09-11,4.06,4.13,4.36,30.0
2023-09-12,4.06,4.12,4.36,30.0
2023-09-13,4.05,4.11,4.35,30.0
2023-09-14,4.06,4.12,4.35,29.0
2023-09-15,4.06,4.13,4.35,29.0
2023-09-18,4.08,4.14,4.37,29.0
2023-09-19,4.06,4.13,4.37,31.0
2023-09-20,4.06,4.14,4.37,31.0
2023-09-21,4.05,4.14,4.38,33.0
2023-09-22,4.04,4.13,4.37,33.0
2023-09-25,4.06,4.14,4.38,32.0
2023-09-26,4.06,4.14,4.39,33.0
2023-09-27,4.05,4.13,4.38,33.0
2023-09-28,4.07,4.16,4.41,34.0
2023-09-29,4.05,4.14,4.4,35.0
2023-10-03,4.03,4.13,4.38,35.0
2023-10-04,4.03,4.13,4.38,35.0
2023-10-05,4.04,4.13,4.37,33.0
2023-10-06,4.03,4.11,4.35,32.0
2023-10-09,4.05,4.14,4.37,32.0
2023-10-10,4.05,4.14,4.38,33.0
2023-10-11,4.05,4.14,4.39,34.0
2023-10-12,4.06,4.14,4.39,33.0
2023-10-13,4.06,4.15,4.42,36.0
2023-10-16,4.05,4.14,4.41,36.0
2023-10-17,4.11,4.2,4.48,37.0
2023-10-18,4.06,4.19,4.48,42.0
2023-10-19,4.06,4.21,4.52,46.0
2023-10-20,4.05,4.2,4.51,46.0
2023-10-23,4.08,4.21,4.51,43.0
2023-10-24,4.09,4.23,4.55,46.0
2023-10-25,4.18,4.33,4.67,49.0
2023-10-26,4.17,4.35,4.69,52.0
2023-10-27,4.16,4.32,4.69,53.0
2023-10-30,4.19,4.37,4.73,54.0
2023-10-31,4.17,4.35,4.74,57.0
2023-11-01,4.16,4.33,4.77,61.0
2023-11-02,4.17,4.34,4.72,55.0
2023-11-03,4.2,4.36,4.74,54.0
2023-11-06,4.19,4.35,4.72,53.0
2023-11-07,4.2,4.37,4.74,54.0
2023-11-08,4.27,4.41,4.76,49.0
2023-11-09,4.28,4.41,4.76,48.0
2023-11-10,4.27,4.4,4.75,48.0
2023-11-13,4.28,4.42,4.75,47.0
2023-11-14,4.28,4.41,4.74,46.0
2023-11-15,4.27,4.38,4.68,41.0
2023-11-16,4.3,4.39,4.68,38.0
2023-11-17,4.3,4.39,4.65,35.0
2023-11-20,4.28,4.37,4.62,34.0
2023-11-21,4.28,4.37,4.63,35.0
2023-11-22,4.29,4.37,4.62,33.0
2023-11-23,4.31,4.4,4.66,35.0
2023-11-24,4.31,4.39,4.66,35.0
2023-11-27,4.28,4.37,4.64,36.0
2023-11-28,4.29,4.37,4.63,34.0
2023-11-29,4.27,4.36,4.59,32.0
2023-11-30,4.29,4.37,4.58,29.0
2023-12-01,4.3,4.37,4.59,29.0
2023-12-04,4.3,4.38,4.59,29.0
2023-12-05,4.22,4.31,4.52,30.0
2023-12-06,4.25,4.31,4.48,23.0
2023-12-07,4.34,4.39,4.52,18.0
2023-12-08,4.28,4.32,4.46,18.0
2023-12-11,4.28,4.35,4.51,23.0
2023-12-12,4.29,4.35,4.5,21.0
2023-12-13,4.3,4.36,4.51,21.0
2023-12-14,4.28,4.33,4.44,16.0
2023-12-15,4.32,4.37,4.46,14.0
2023-12-18,4.27,4.33,4.43,16.0
2023-12-19,4.33,4.39,4.48,15.0
2023-12-20,4.3,4.36,4.46,16.0
2023-12-21,4.31,4.36,4.46,15.0
2023-12-22,4.31,4.38,4.47,16.0
2023-12-27,4.31,4.37,4.46,15.0
2023-12-28,4.31,4.36,4.45,14.0
2023-12-29,4.3,4.35,4.43,13.0
2024-01-02,4.32,4.37,4.45,13.0
2024-01-03,4.32,4.37,4.46,14.0
2024-01-04,4.31,4.36,4.44,13.0
2024-01-05,4.31,4.36,4.45,14.0
2024-01-08,4.3,4.35,4.44,14.0
2024-01-09,4.31,4.36,4.45,14.0
2024-01-10,4.32,4.37,4.47,15.0
2024-01-11,4.32,4.37,4.47,15.0
2024-01-12,4.31,4.36,4.45,14.0
2024-01-15,4.32,4.36,4.45,13.0
2024-01-16,4.32,4.36,4.47,15.0
2024-01-17,4.31,4.35,4.47,16.0
2024-01-18,4.31,4.35,4.47,16.0
2024-01-19,4.31,4.34,4.46,15.0
2024-01-22,4.28,4.33,4.44,16.0
2024-01-23,4.31,4.35,4.46,15.0
2024-01-24,4.31,4.35,4.47,16.0
2024-01-25,4.31,4.35,4.46,15.0
2024-01-29,4.3,4.36,4.46,16.0
2024-01-30,4.32,4.35,4.45,13.0
2024-01-31,4.27,4.32,4.4,13.0
2024-02-01,4.32,4.36,4.41,9.0
2024-02-02,4.31,4.33,4.42,11.0
2024-02-05,4.31,4.36,4.45,14.0
2024-02-06,4.31,4.36,4.48,17.0
2024-02-07,4.3,4.35,4.46,16.0
2024-02-08,4.31,4.34,4.47,16.0
2024-02-09,4.32,4.35,4.48,16.0
2024-02-12,4.31,4.36,4.49,18.0
2024-02-13,4.29,4.35,4.47,18.0
2024-02-14,4.3,4.35,4.47,17.0
2024-02-15,4.29,4.34,4.45,16.0
2024-02-16,4.3,4.34,4.45,15.0
2024-02-19,4.3,4.34,4.46,16.0
2024-02-20,4.3,4.33,4.46,16.0
2024-02-21,4.29,4.33,4.45,16.0
2024-02-22,4.29,4.33,4.45,16.0
2024-02-23,4.31,4.35,4.48,17.0
2024-02-26,4.29,4.33,4.47,18.0
2024-02-27,4.31,4.34,4.48,17.0
2024-02-28,4.3,4.34,4.48,18.0
2024-02-29,4.3,4.34,4.48,18.0
2024-03-01,4.3,4.34,4.48,18.0
2024-03-04,4.3,4.34,4.49,19.0
2024-03-05,4.3,4.35,4.49,19.0
2024-03-06,4.3,4.34,4.49,19.0
2024-03-07,4.31,4.36,4.5,19.0
2024-03-08,4.29,4.34,4.48,19.0
2024-03-11,4.29,4.34,4.47,18.0
2024-03-12,4.3,4.35,4.48,18.0
2024-03-13,4.3,4.35,4.48,18.0
2024-03-14,4.3,4.34,4.49,19.0
2024-03-15,4.3,4.34,4.49,19.0
2024-03-18,4.29,4.34,4.48,19.0
2024-03-19,4.28,4.33,4.47,19.0
2024-03-20,4.29,4.34,4.48,19.0
2024-03-21,4.33,4.38,4.52,19.0
2024-03-22,4.29,4.35,4.52,23.0
2024-03-25,4.3,4.35,4.51,21.0
2024-03-26,4.3,4.35,4.5,20.0
2024-03-27,4.3,4.34,4.5,20.0
2024-03-28,4.29,4.33,4.49,20.0
2024-04-02,4.29,4.33,4.5,21.0
2024-04-03,4.3,4.35,4.51,21.0
2024-04-04,4.29,4.34,4.52,23.0
2024-04-05,4.31,4.36,4.53,22.0
2024-04-08,4.3,4.35,4.53,23.0
2024-04-09,4.29,4.35,4.54,25.0
2024-04-10,4.29,4.34,4.53,24.0
2024-04-11,4.3,4.35,4.54,24.0
2024-04-12,4.31,4.35,4.57,26.0
2024-04-15,4.3,4.36,4.56,26.0
2024-04-16,4.3,4.36,4.58,28.0
2024-04-17,4.31,4.37,4.62,31.0
2024-04-18,4.3,4.36,4.62,32.0
2024-04-19,4.29,4.35,4.61,32.0
2024-04-22,4.3,4.37,4.62,32.0
2024-04-23,4.3,4.37,4.62,32.0
2024-04-24,4.38,4.45,4.71,33.0
2024-04-26,4.3,4.4,4.7,40.0
2024-04-29,4.31,4.42,4.71,40.0
2024-04-30,4.29,4.39,4.68,39.0
2024-05-01,4.33,4.41,4.69,36.0
2024-05-02,4.31,4.41,4.69,38.0
2024-05-03,4.32,4.42,4.68,36.0
2024-05-06,4.29,4.39,4.66,37.0
2024-05-07,4.26,4.36,4.63,37.0
2024-05-08,4.32,4.4,4.65,33.0
2024-05-09,4.31,4.38,4.64,33.0
2024-05-10,4.3,4.37,4.62,32.0
2024-05-13,4.3,4.37,4.62,32.0
2024-05-14,4.3,4.38,4.63,33.0
2024-05-15,4.29,4.36,4.61,32.0
2024-05-16,4.29,4.34,4.59,30.0
2024-05-17,4.29,4.35,4.59,30.0
2024-05-20,4.29,4.34,4.58,29.0
2024-05-21,4.29,4.34,4.57,28.0
2024-05-22,4.3,4.35,4.57,27.0
2024-05-23,4.29,4.34,4.57,28.0
2024-05-24,4.28,4.34,4.58,30.0
2024-05-27,4.29,4.34,4.57,28.0
2024-05-28,4.29,4.34,4.56,27.0
2024-05-29,4.29,4.34,4.59,30.0
2024-05-30,4.29,4.35,4.62,33.0
2024-05-31,4.29,4.35,4.6,31.0
2024-06-03,4.28,4.34,4.6,32.0
2024-06-04,4.29,4.35,4.6,31.0
2024-06-05,4.28,4.35,4.58,30.0
2024-06-06,4.29,4.35,4.6,31.0
2024-06-07,4.3,4.36,4.6,30.0
2024-06-11,4.29,4.36,4.62,33.0
2024-06-12,4.29,4.36,4.61,32.0
2024-06-13,4.31,4.39,4.61,30.0
2024-06-14,4.27,4.35,4.57,30.0
2024-06-17,4.3,4.37,4.6,30.0
2024-06-18,4.34,4.41,4.65,31.0
2024-06-19,4.31,4.39,4.64,33.0
2024-06-20,4.3,4.38,4.64,34.0
2024-06-21,4.3,4.41,4.65,35.0
2024-06-24,4.3,4.39,4.65,35.0
2024-06-25,4.3,4.4,4.66,36.0
2024-06-26,4.4,4.5,4.77,37.0
2024-06-27,4.28,4.44,4.75,47.0
2024-06-28,4.3,4.45,4.74,44.0
2024-07-01,4.28,4.43,4.72,44.0
2024-07-02,4.29,4.44,4.75,46.0
2024-07-03,4.31,4.47,4.76,45.0
2024-07-04,4.31,4.46,4.75,44.0
2024-07-05,4.31,4.46,4.76,45.0
2024-07-08,4.31,4.47,4.77,46.0
2024-07-09,4.3,4.46,4.75,45.0
2024-07-10,4.29,4.45,4.76,47.0
2024-07-11,4.3,4.46,4.76,46.0
2024-07-12,4.3,4.46,4.75,45.0
2024-07-15,4.31,4.46,4.75,44.0
2024-07-16,4.32,4.45,4.73,41.0
2024-07-17,4.34,4.46,4.72,38.0
2024-07-18,4.35,4.47,4.73,38.0
2024-07-19,4.31,4.47,4.74,43.0
2024-07-22,4.32,4.47,4.76,44.0
2024-07-23,4.32,4.48,4.76,44.0
2024-07-24,4.31,4.46,4.75,44.0
2024-07-25,4.33,4.48,4.77,44.0
2024-07-26,4.33,4.49,4.78,45.0
2024-07-29,4.35,4.49,4.78,43.0
2024-07-30,4.34,4.49,4.8,46.0
2024-07-31,4.23,4.38,4.67,44.0
2024-08-01,4.32,4.43,4.68,36.0
2024-08-02,4.32,4.42,4.66,34.0
2024-08-06,4.35,4.4,4.55,20.0
2024-08-07,4.29,4.38,4.56,27.0
2024-08-08,4.28,4.38,4.54,26.0
2024-08-09,4.3,4.38,4.54,24.0
2024-08-12,4.3,4.37,4.52,22.0
2024-08-13,4.3,4.36,4.49,19.0
2024-08-14,4.29,4.35,4.46,17.0
2024-08-15,4.3,4.35,4.47,17.0
2024-08-16,4.29,4.36,4.5,21.0
2024-08-19,4.29,4.35,4.48,19.0
2024-08-20,4.3,4.37,4.51,21.0
2024-08-21,4.3,4.38,4.5,20.0
2024-08-22,4.29,4.37,4.48,19.0
2024-08-23,4.3,4.35,4.48,18.0
2024-08-26,4.3,4.35,4.46,16.0
2024-08-27,4.31,4.37,4.48,17.0
2024-08-28,4.32,4.39,4.5,18.0
2024-08-29,4.31,4.4,4.52,21.0
2024-08-30,4.3,4.39,4.53,23.0
2024-09-02,4.31,4.4,4.53,22.0
2024-09-03,4.3,4.4,4.54,24.0
2024-09-04,4.3,4.41,4.53,23.0
2024-09-05,4.3,4.39,4.52,22.0
2024-09-06,4.3,4.4,4.55,25.0
2024-09-09,4.31,4.43,4.57,26.0
2024-09-10,4.29,4.41,4.55,26.0
2024-09-11,4.3,4.43,4.56,26.0
2024-09-12,4.3,4.41,4.57,27.0
2024-09-13,4.28,4.39,4.55,27.0
2024-09-16,4.32,4.43,4.58,26.0
2024-09-17,4.31,4.43,4.58,27.0
2024-09-18,4.31,4.42,4.58,27.0
2024-09-19,4.35,4.46,4.63,28.0
2024-09-20,4.3,4.41,4.61,31.0
2024-09-23,4.31,4.44,4.65,34.0
2024-09-24,4.26,4.39,4.59,33.0
2024-09-25,4.32,4.45,4.64,32.0
2024-09-26,4.32,4.44,4.64,32.0
2024-09-27,4.29,4.43,4.63,34.0
2024-09-30,4.31,4.44,4.63,32.0
2024-10-01,4.31,4.44,4.63,32.0
2024-10-02,4.29,4.41,4.6,31.0
2024-10-03,4.3,4.42,4.61,31.0
2024-10-04,4.31,4.42,4.61,30.0
2024-10-08,4.29,4.41,4.62,33.0
2024-10-09,4.32,4.43,4.64,32.0
2024-10-10,4.32,4.43,4.63,31.0
2024-10-11,4.3,4.42,4.62,32.0
2024-10-14,4.31,4.43,4.62,31.0
2024-10-15,4.3,4.4,4.61,31.0
2024-10-16,4.29,4.38,4.6,31.0
2024-10-17,4.35,4.42,4.62,27.0
2024-10-18,4.31,4.4,4.62,31.0
2024-10-21,4.3,4.37,4.59,29.0
2024-10-22,4.33,4.41,4.61,28.0
2024-10-23,4.31,4.4,4.59,28.0
2024-10-24,4.3,4.38,4.58,28.0
2024-10-25,4.31,4.38,4.59,28.0
2024-10-28,4.31,4.4,4.58,27.0
2024-10-29,4.31,4.39,4.59,28.0
2024-10-30,4.34,4.42,4.62,28.0
2024-10-31,4.31,4.42,4.64,33.0
2024-11-01,4.3,4.4,4.64,34.0
2024-11-04,4.32,4.43,4.65,33.0
2024-11-05,4.33,4.43,4.66,33.0
2024-11-06,4.3,4.41,4.65,35.0
2024-11-07,4.31,4.42,4.68,37.0
2024-11-08,4.32,4.43,4.68,36.0
2024-11-11,4.31,4.41,4.66,35.0
2024-11-12,4.31,4.42,4.67,36.0
2024-11-13,4.31,4.41,4.67,36.0
2024-11-14,4.33,4.44,4.67,34.0
2024-11-15,4.31,4.42,4.66,35.0
2024-11-18,4.3,4.42,4.65,35.0
2024-11-19,4.32,4.43,4.67,35.0
2024-11-20,4.32,4.42,4.66,34.0
2024-11-21,4.31,4.42,4.66,35.0
2024-11-22,4.32,4.42,4.67,35.0
2024-11-25,4.33,4.42,4.66,33.0
2024-11-26,4.32,4.42,4.66,34.0
2024-11-27,4.32,4.42,4.67,35.0
2024-11-28,4.32,4.43,4.67,35.0
2024-11-29,4.32,4.44,4.67,35.0
2024-12-02,4.33,4.46,4.68,35.0
2024-12-03,4.32,4.43,4.68,36.0
2024-12-04,4.3,4.4,4.67,37.0
2024-12-05,4.34,4.45,4.65,31.0
2024-12-06,4.32,4.43,4.65,33.0
2024-12-09,4.34,4.46,4.67,33.0
2024-12-10,4.22,4.35,4.58,36.0
2024-12-11,4.32,4.44,4.6,28.0
2024-12-12,4.42,4.55,4.7,28.0
2024-12-13,4.31,4.45,4.64,33.0
2024-12-16,4.32,4.45,4.64,32.0
2024-12-17,4.31,4.45,4.62,31.0
2024-12-18,4.29,4.43,4.6,31.0
2024-12-19,4.33,4.45,4.61,28.0
2024-12-20,4.31,4.44,4.59,28.0
2024-12-23,4.31,4.44,4.56,25.0
2024-12-24,4.29,4.41,4.53,24.0
2024-12-27,4.31,4.42,4.53,22.0
2024-12-30,4.33,4.43,4.51,18.0
2024-12-31,4.32,4.42,4.49,17.0
2025-01-02,4.33,4.41,4.51,18.0
2025-01-03,4.32,4.39,4.48,16.0
2025-01-06,4.34,4.41,4.51,17.0
2025-01-07,4.32,4.38,4.48,16.0
2025-01-08,4.27,4.33,4.44,17.0
2025-01-09,4.31,4.34,4.44,13.0
2025-01-10,4.33,4.36,4.44,11.0
2025-01-13,4.34,4.36,4.46,12.0
2025-01-14,4.32,4.34,4.45,13.0
2025-01-15,4.31,4.35,4.44,13.0
2025-01-16,4.34,4.36,4.45,11.0
2025-01-17,4.33,4.34,4.45,12.0
2025-01-20,4.31,4.32,4.41,10.0
2025-01-21,4.31,4.32,4.41,10.0
2025-01-22,4.32,4.33,4.42,10.0
2025-01-23,4.32,4.33,4.41,9.0
2025-01-24,4.31,4.32,4.4,9.0
2025-01-28,4.31,4.3,4.37,6.0
2025-01-29,4.24,4.24,4.31,7.0
2025-01-30,4.27,4.26,4.33,6.0
2025-01-31,4.27,4.25,4.31,4.0
2025-02-03,4.23,4.22,4.31,8.0
2025-02-04,4.24,4.23,4.29,5.0
2025-02-05,4.22,4.21,4.27,5.0
2025-02-06,4.21,4.2,4.26,5.0
2025-02-07,4.23,4.22,4.28,5.0
2025-02-10,4.21,4.2,4.26,5.0
2025-02-11,4.2,4.19,4.27,7.0
2025-02-12,4.21,4.21,4.29,8.0
2025-02-13,4.18,4.19,4.29,11.0
2025-02-14,4.2,4.2,4.28,8.0
2025-02-17,4.17,4.17,4.26,9.0
2025-02-18,4.16,4.17,4.26,10.0
2025-02-19,4.09,4.15,4.27,18.0
2025-02-20,4.09,4.15,4.26,17.0
2025-02-21,4.08,4.13,4.25,17.0
2025-02-24,4.1,4.14,4.25,15.0
2025-02-25,4.1,4.13,4.24,14.0
2025-02-26,4.08,4.11,4.2,12.0
2025-02-27,4.09,4.12,4.21,12.0
2025-02-28,4.09,4.12,4.21,12.0
2025-03-03,4.09,4.12,4.21,12.0
2025-03-04,4.09,4.12,4.21,12.0
2025-03-05,4.09,4.12,4.21,12.0
2025-03-06,4.1,4.13,4.23,13.0
2025-03-07,4.07,4.1,4.2,13.0
2025-03-10,4.09,4.11,4.21,12.0
2025-03-11,4.1,4.12,4.22,12.0
2025-03-12,4.08,4.1,4.2,12.0
2025-03-13,4.09,4.12,4.22,13.0
2025-03-14,4.09,4.12,4.23,14.0
2025-03-17,4.1,4.12,4.24,14.0
2025-03-18,4.08,4.1,4.23,15.0
2025-03-19,4.09,4.12,4.26,17.0
2025-03-20,4.07,4.1,4.24,17.0
2025-03-21,4.09,4.11,4.26,17.0
2025-03-24,4.09,4.12,4.25,16.0
2025-03-25,4.1,4.11,4.25,15.0
2025-03-26,4.1,4.11,4.26,16.0
2025-03-27,4.1,4.12,4.28,18.0
2025-03-28,4.11,4.14,4.3,19.0
2025-03-31,4.09,4.12,4.29,20.0
2025-04-01,4.1,4.13,4.3,20.0
2025-04-02,4.12,4.14,4.32,20.0
2025-04-03,4.09,4.12,4.29,20.0
2025-04-04,4.07,4.07,4.24,17.0
2025-04-07,4.11,4.06,4.17,6.0
2025-04-08,4.04,4.02,4.14,10.0
2025-04-09,4.03,4.01,4.09,6.0
2025-04-10,4.14,4.15,4.25,11.0
2025-04-11,4.09,4.09,4.16,7.0
2025-04-14,4.06,4.03,4.11,5.0
2025-04-15,4.08,4.02,4.09,1.0
2025-04-16,4.08,4.01,4.06,-2.0
2025-04-17,4.11,4.05,4.08,-3.0
2025-04-22,4.06,3.96,4.02,-4.0
2025-04-23,4.04,3.93,3.99,-5.0
2025-04-24,4.01,3.92,3.99,-2.0
2025-04-28,4.01,3.92,3.93,-8.0
2025-04-29,3.98,3.9,3.91,-7.0
2025-04-30,3.99,3.9,3.92,-7.0
2025-05-01,3.95,3.88,3.9,-5.0
2025-05-02,3.93,3.85,3.88,-5.0
2025-05-05,3.93,3.86,3.89,-4.0
2025-05-06,3.89,3.84,3.87,-2.0
2025-05-07,3.88,3.83,3.86,-2.0
2025-05-08,3.87,3.82,3.84,-3.0
2025-05-09,3.86,3.81,3.84,-2.0
2025-05-12,3.84,3.81,3.84,0.0
2025-05-13,3.84,3.8,3.87,3.0
2025-05-14,3.83,3.79,3.85,2.0
2025-05-15,3.82,3.82,3.88,6.0
2025-05-16,3.79,3.8,3.86,7.0
2025-05-19,3.78,3.82,3.89,11.0
2025-05-20,3.66,3.69,3.79,13.0
2025-05-21,3.75,3.74,3.77,2.0
2025-05-22,3.72,3.71,3.75,3.0
2025-05-23,3.73,3.71,3.76,3.0
2025-05-26,3.74,3.71,3.75,1.0
2025-05-27,3.74,3.7,3.73,-1.0
2025-05-28,3.77,3.72,3.76,-1.0
2025-05-29,3.76,3.73,3.8,4.0
2025-05-30,3.74,3.72,3.76,2.0
2025-06-02,3.75,3.71,3.77,2.0
2025-06-03,3.74,3.69,3.76,2.0
2025-06-04,3.77,3.72,3.79,2.0
2025-06-05,3.77,3.71,3.78,1.0
2025-06-06,3.76,3.71,3.81,5.0
2025-06-10,3.77,3.73,3.86,9.0
2025-06-11,3.78,3.75,3.9,12.0
2025-06-12,3.75,3.73,3.88,13.0
2025-06-13,3.75,3.72,3.88,13.0
2025-06-16,3.75,3.72,3.87,12.0
2025-06-17,3.73,3.72,3.87,14.0
2025-06-18,3.74,3.72,3.87,13.0
2025-06-19,3.74,3.7,3.86,12.0
2025-06-20,3.69,3.67,3.83,14.0
2025-06-23,3.69,3.66,3.82,13.0
2025-06-24,3.68,3.65,3.8,12.0
2025-06-25,3.62,3.6,3.73,11.0
2025-06-26,3.66,3.61,3.75,9.0
2025-06-27,3.65,3.62,3.78,13.0
2025-06-30,3.62,3.61,3.79,17.0
2025-07-01,3.61,3.59,3.76,15.0
2025-07-02,3.6,3.59,3.76,16.0
2025-07-03,3.6,3.59,3.76,16.0
2025-07-04,3.6,3.57,3.76,16.0
2025-07-07,3.6,3.6,3.79,19.0
2025-07-08,3.74,3.74,3.91,17.0
2025-07-09,3.8,3.77,3.88,8.0
2025-07-10,3.8,3.75,3.84,4.0
2025-07-11,3.79,3.73,3.8,1.0
2025-07-14,3.8,3.73,3.8,0.0
2025-07-15,3.78,3.73,3.8,2.0
2025-07-16,3.76,3.71,3.79,3.0
2025-07-17,3.7,3.64,3.69,-1.0
2025-07-18,3.77,3.7,3.73,-4.0
2025-07-21,3.74,3.68,3.72,-2.0
2025-07-22,3.74,3.7,3.73,-1.0
2025-07-23,3.7,3.69,3.72,2.0
2025-07-24,3.73,3.72,3.78,5.0
2025-07-25,3.7,3.72,3.77,7.0
2025-07-28,3.71,3.7,3.79,8.0
2025-07-29,3.69,3.71,3.79,10.0
2025-07-30,3.66,3.67,3.75,9.0
2025-07-31,3.69,3.69,3.79,10.0
2025-08-01,3.68,3.7,3.82,14.0
2025-08-05,3.68,3.68,3.77,9.0
2025-08-06,3.65,3.68,3.79,14.0
2025-08-07,3.62,3.68,3.81,19.0
2025-08-08,3.62,3.67,3.83,21.0
2025-08-11,3.59,3.65,3.8,21.0
2025-08-12,3.56,3.61,3.77,21.0
2025-08-13,3.56,3.62,3.74,18.0
2025-08-14,3.58,3.63,3.75,17.0
2025-08-15,3.57,3.62,3.73,16.0
2025-08-18,3.56,3.58,3.7,14.0
2025-08-19,3.57,3.59,3.7,13.0
2025-08-20,3.54,3.56,3.67,13.0
2025-08-21,3.57,3.58,3.67,10.0
2025-08-22,3.55,3.55,3.66,11.0
2025-08-25,3.56,3.55,3.66,10.0
2025-08-26,3.55,3.54,3.64,9.0
2025-08-27,3.58,3.56,3.67,9.0
2025-08-28,3.57,3.57,3.67,10.0
2025-08-29,3.56,3.58,3.67,11.0
2025-09-01,3.55,3.56,3.66,11.0
2025-09-02,3.56,3.57,3.68,12.0
2025-09-03,3.57,3.59,3.71,14.0
2025-09-04,3.55,3.58,3.72,17.0
2025-09-05,3.55,3.58,3.71,16.0
2025-09-08,3.55,3.58,3.69,14.0
2025-09-09,3.56,3.58,3.7,14.0
2025-09-10,3.53,3.57,3.7,17.0
2025-09-11,3.56,3.59,3.71,15.0
2025-09-12,3.55,3.59,3.69,14.0
2025-09-15,3.55,3.59,3.71,16.0
2025-09-16,3.54,3.56,3.68,14.0
2025-09-17,3.54,3.56,3.68,14.0
2025-09-18,3.52,3.54,3.65,13.0
2025-09-19,3.55,3.56,3.68,13.0
2025-09-22,3.56,3.57,3.68,12.0
2025-09-23,3.54,3.55,3.67,13.0
2025-09-24,3.62,3.64,3.75,13.0
2025-09-25,3.54,3.59,3.75,21.0
2025-09-26,3.54,3.6,3.78,24.0
2025-09-29,3.51,3.57,3.75,24.0
2025-09-30,3.58,3.62,3.79,21.0
2025-10-01,3.55,3.62,3.81,26.0
2025-10-02,3.54,3.61,3.79,25.0
2025-10-03,3.56,3.61,3.79,23.0
2025-10-07,3.53,3.59,3.78,25.0
2025-10-08,3.52,3.58,3.78,26.0
2025-10-09,3.54,3.59,3.79,25.0
2025-10-10,3.53,3.6,3.81,28.0
2025-10-13,3.54,3.61,3.8,26.0
2025-10-14,3.49,3.55,3.75,26.0
2025-10-15,3.51,3.56,3.73,22.0
2025-10-16,3.38,3.44,3.64,26.0
2025-10-17,3.44,3.47,3.61,17.0
2025-10-20,3.46,3.49,3.64,18.0
2025-10-21,3.44,3.48,3.63,19.0
2025-10-22,3.45,3.48,3.64,19.0
2025-10-23,3.48,3.51,3.67,19.0
2025-10-24,3.45,3.5,3.68,23.0
2025-10-27,3.44,3.5,3.69,25.0
2025-10-28,3.47,3.55,3.73,26.0
2025-10-29,3.6,3.68,3.88,28.0
2025-10-30,3.54,3.65,3.89,35.0
2025-10-31,3.54,3.64,3.88,34.0
2025-11-03,3.54,3.64,3.87,33.0
2025-11-04,3.56,3.66,3.89,33.0
2025-11-05,3.54,3.63,3.86,32.0
2025-11-06,3.55,3.64,3.88,33.0
2025-11-07,3.55,3.64,3.86,31.0
2025-11-10,3.56,3.65,3.88,32.0
2025-11-11,3.56,3.65,3.88,32.0
2025-11-12,3.56,3.64,3.89,33.0
2025-11-13,3.59,3.68,3.92,33.0
2025-11-14,3.54,3.64,3.89,35.0
2025-11-17,3.55,3.65,3.9,35.0
2025-11-18,3.53,3.63,3.86,33.0
2025-11-19,3.55,3.65,3.88,33.0
2025-11-20,3.55,3.64,3.87,32.0
2025-11-21,3.55,3.65,3.88,33.0
2025-11-24,3.56,3.66,3.87,31.0
2025-11-25,3.55,3.65,3.89,34.0
2025-11-26,3.58,3.68,3.93,35.0
2025-11-27,3.55,3.67,3.96,41.0
2025-11-28,3.55,3.66,3.97,42.0
2025-12-01,3.54,3.66,3.96,42.0
2025-12-02,3.55,3.67,3.97,42.0
2025-12-03,3.56,3.68,3.99,43.0
2025-12-04,3.56,3.7,4.01,45.0
2025-12-05,3.55,3.68,4.03,48.0
2025-12-08,3.55,3.69,4.05,50.0
2025-12-09,3.62,3.77,4.11,49.0
2025-12-10,3.53,3.7,4.07,54.0
2025-12-11,3.54,3.69,4.05,51.0
2025-12-12,3.53,3.69,4.05,52.0
2025-12-15,3.52,3.68,4.03,51.0
2025-12-16,3.59,3.75,4.09,50.0
2025-12-17,3.56,3.73,4.08,52.0
2025-12-18,3.55,3.72,4.09,54.0
2025-12-19,3.55,3.73,4.09,54.0
2025-12-22,3.57,3.74,4.11,54.0
2025-12-23,3.54,3.72,4.09,55.0
2025-12-24,3.55,3.73,4.11,56.0
2025-12-29,3.55,3.73,4.1,55.0
2025-12-30,3.55,3.73,4.1,55.0
2025-12-31,3.55,3.74,4.12,57.0
2026-01-02,3.56,3.75,4.14,58.0
2026-01-05,3.54,3.73,4.1,56.0
2026-01-06,3.57,3.77,4.13,56.0
2026-01-07,3.55,3.76,4.13,58.0
2026-01-08,3.52,3.72,4.09,57.0
2026-01-09,3.57,3.75,4.12,55.0
2026-01-12,3.58,3.75,4.12,54.0
2026-01-13,3.55,3.73,4.09,54.0
2026-01-14,3.56,3.73,4.04,48.0
2026-01-15,3.57,3.74,4.02,45.0
2026-01-16,3.55,3.72,4.0,45.0
2026-01-19,3.56,3.73,4.01,45.0
2026-01-20,3.58,3.74,4.01,43.0
2026-01-21,3.57,3.73,3.99,42.0
2026-01-22,3.67,3.83,4.08,41.0
2026-01-23,3.61,3.8,4.07,46.0
2026-01-27,3.63,3.82,4.08,45.0
2026-01-28,3.66,3.82,4.09,43.0
2026-01-29,3.68,3.86,4.1,42.0
2026-01-30,3.69,3.85,4.1,41.0
2026-02-02,3.7,3.85,4.11,41.0
2026-02-03,3.78,3.94,4.19,41.0
2026-02-04,3.8,3.94,4.2,40.0
2026-02-05,3.79,3.93,4.2,41.0
2026-02-06,3.79,3.93,4.2,41.0
2026-02-09,3.79,3.94,4.21,42.0
2026-02-10,3.78,3.93,4.2,42.0
2026-02-11,3.79,3.95,4.22,43.0
2026-02-12,3.8,3.96,4.23,43.0
2026-02-13,3.8,3.97,4.23,43.0
2026-02-16,3.8,3.96,4.22,42.0
2026-02-17,3.78,3.95,4.22,44.0
2026-02-18,3.79,3.97,4.23,44.0
2026-02-19,3.81,3.99,4.26,45.0
2026-02-20,3.78,3.98,4.26,48.0
2026-02-23,3.81,3.99,4.28,47.0
2026-02-24,3.81,3.99,4.28,47.0
2026-02-25,3.83,4.01,4.32,49.0
2026-02-26,3.81,3.99,4.31,50.0
2026-02-27,3.81,3.99,4.33,52.0
2026-03-02,3.82,3.99,4.3,48.0
2026-03-03,3.81,3.99,4.34,53.0
2026-03-04,3.82,4.05,4.35,53.0
2026-03-05,3.83,4.04,4.37,54.0
2026-03-06,3.85,4.07,4.41,56.0
2026-03-09,3.85,4.08,4.45,60.0
2026-03-10,3.91,4.12,4.47,56.0
2026-03-11,3.94,4.16,4.54,60.0
2026-03-12,3.91,4.14,4.56,65.0
2026-03-13,3.94,4.17,4.61,67.0
2026-03-16,3.96,4.18,4.64,68.0
2026-03-17,4.0,4.23,4.68,68.0
2026-03-18,4.06,4.26,4.7,64.0
2026-03-19,4.09,4.31,4.76,67.0
2026-03-20,4.08,4.31,4.78,70.0
2026-03-23,3.99,4.25,4.74,75.0
2026-03-24,4.05,4.28,4.71,66.0
2026-03-25,4.04,4.28,4.72,68.0
2026-03-26,4.07,4.31,4.76,69.0
2026-03-27,4.08,4.32,4.8,72.0
2026-03-30,4.03,4.3,4.78,75.0
2026-03-31,4.05,4.3,4.78,73.0
2026-04-01,4.01,4.27,4.75,74.0
2026-04-02,4.08,4.32,4.81,73.0
2026-04-07,4.06,4.32,4.8,74.0
2026-04-08,4.07,4.32,4.78,71.0
2026-04-09,4.05,4.31,4.77,72.0
2026-04-10,4.07,4.33,4.77,70.0
2026-04-13,4.06,4.32,4.76,70.0
2026-04-14,4.08,4.33,4.74,66.0
2026-04-15,4.1,4.32,4.72,62.0
2026-04-16,4.1,4.33,4.72,62.0
2026-04-17,4.12,4.34,4.75,63.0
2026-04-20,4.12,4.33,4.73,61.0
2026-04-21,4.13,4.34,4.73,60.0
2026-04-22,4.14,4.35,4.72,58.0
2026-04-23,4.16,4.36,4.75,59.0
2026-04-24,4.16,4.36,4.75,59.0
2026-04-27,4.16,4.36,4.75,59.0
2026-04-28,4.19,4.38,4.77,58.0
2026-04-29,4.14,4.34,4.73,59.0
2026-04-30,4.2,4.37,4.77,57.0
2026-05-01,4.19,4.36,4.74,55.0
2026-05-04,4.21,4.37,4.74,53.0
2026-05-05,4.26,4.41,4.76,50.0
2026-05-06,4.29,4.44,4.77,48.0
2026-05-07,4.3,4.45,4.77,47.0
2026-05-08,4.3,4.43,4.76,46.0
2026-05-11,4.29,4.42,4.77,48.0
2026-05-12,4.3,4.44,4.78,48.0
2026-05-13,4.29,4.44,4.8,51.0
2026-05-14,4.3,4.43,4.77,47.0
2026-05-15,4.3,4.44,4.78,48.0
2026-05-18,4.3,4.45,4.81,51.0
2026-05-19,4.3,4.44,4.78,48.0
2026-05-20,4.3,4.45,4.78,48.0
2026-05-21,4.27,4.41,4.75,48.0
2026-05-22,4.3,4.43,4.75,45.0
2026-05-25,4.3,4.43,4.73,43.0
2026-05-26,4.31,4.45,4.76,45.0
2026-05-27,4.3,4.43,4.77,47.0
2026-05-28,4.3,4.44,4.8,50.0
2026-05-29,4.29,4.45,4.81,52.0
2026-06-01,4.3,4.46,4.82,52.0
2026-06-02,4.31,4.47,4.85,54.0
2026-06-03,4.3,4.47,4.87,57.0
2026-06-04,4.31,4.47,4.87,56.0
2026-06-05,4.3,4.49,4.87,57.0
2026-06-09,4.26,4.43,4.83,57.0
2026-06-10,4.3,4.45,4.85,55.0
2026-06-11,4.29,4.45,4.83,54.0
2026-06-12,4.28,4.45,4.82,54.0
2026-06-15,4.32,4.49,4.85,53.0
2026-06-16,4.28,4.45,4.83,55.0
2026-06-17,4.3,4.47,4.84,54.0
2026-06-18,4.3,4.46,4.83,53.0
2026-06-19,4.31,4.47,4.84,53.0
2026-06-22,4.3,4.47,4.8,50.0
2026-06-23,4.29,4.46,4.8,51.0
2026-06-24,4.3,4.48,4.8,50.0
2026-06-25,4.29,4.45,4.79,50.0
2026-06-26,4.29,4.44,4.79,50.0
2026-06-29,4.29,4.46,4.81,52.0
2026-06-30,4.31,4.46,4.8,49.0
2026-07-01,4.32,4.48,4.8,48.0
2026-07-02,4.31,4.46,4.77,46.0
2026-07-03,4.3,4.45,4.74,44.0
2026-07-06,4.3,4.46,4.74,44.0
2026-07-07,4.32,4.47,4.76,44.0
2026-07-08,4.3,4.46,4.75,45.0
2026-07-09,4.29,4.45,4.73,44.0
2026-07-10,4.3,4.45,4.73,43.0
2026-07-13,4.31,4.46,4.74,43.0
2026-07-14,4.31,4.47,4.72,41.0
2026-07-15,4.32,4.47,4.73,41.0
2026-07-16,4.33,4.47,4.73,40.0
2026-07-17,4.31,4.47,4.74,43.0
2026-07-20,4.32,4.47,4.74,42.0
2026-07-21,4.3,4.47,4.78,48.0
2026-07-22,4.32,4.49,4.79,47.0
2026-07-23,4.36,4.54,4.85,49.0
2026-07-24,4.36,4.55,4.89,53.0
2026-07-27,4.35,4.54,4.88,53.0
2026-07-28,4.32,4.52,4.86,54.0
2026-07-29,4.29,4.49,4.82,53.0
2026-07-30,4.33,4.51,4.84,51.0
2026-07-31,4.32,4.5,4.83,51.0
2026-08-04,4.33,4.52,4.83,50.0
2026-08-05,4.31,4.49,4.82,51.0
2026-08-06,4.32,4.5,4.83,51.0
2026-08-07,4.32,4.51,4.83,51.0
2026-08-10,4.32,4.51,4.84,52.0
2026-08-11,4.32,4.52,4.84,52.0
2026-08-12,4.32,4.51,4.84,52.0
2026-08-13,4.32,4.51,4.83,51.0
2026-08-14,4.32,4.51,4.82,50.0
2026-08-17,4.31,4.51,4.82,51.0
2026-08-18,4.31,4.5,4.81,50.0
2026-08-19,4.31,4.5,4.81,50.0
2026-08-20,4.3,4.49,4.78,48.0
2026-08-21,4.31,4.49,4.78,47.0
2026-08-24,4.31,4.49,4.78,47.0
2026-08-25,4.32,4.5,4.79,47.0
2026-08-26,4.37,4.55,4.84,47.0
2026-08-27,4.32,4.55,4.87,55.0
2026-08-28,4.3,4.54,4.87,57.0
2026-08-31,4.3,4.55,4.88,58.0
2026-09-01,4.31,4.55,4.88,57.0
2026-09-02,4.35,4.6,4.94,59.0
2026-09-03,4.32,4.6,4.92,60.0
2026-09-04,4.34,4.59,4.93,59.0
2026-09-07,4.36,4.62,4.95,59.0
2026-09-08,4.35,4.61,4.95,60.0
2026-09-09,4.39,4.64,4.99,60.0
2026-09-10,4.35,4.6,4.96,61.0
2026-09-11,4.37,4.65,5.01,64.0
2026-09-14,4.38,4.65,5.02,64.0
2026-09-15,4.42,4.69,5.07,65.0
2026-09-16,4.41,4.68,5.06,65.0
2026-09-17,4.41,4.68,5.07,66.0
2026-09-18,4.41,4.68,5.08,67.0
2026-09-21,4.49,4.75,5.12,63.0
2026-09-22,4.48,4.74,5.11,63.0
2026-09-23,4.46,4.71,5.09,63.0
2026-09-24,4.47,4.73,5.12,65.0
2026-09-25,4.49,4.76,5.12,63.0
2026-09-28,4.53,4.78,5.14,61.0
2026-09-29,4.51,4.76,5.14,63.0
2026-09-30,4.5,4.73,5.08,58.0
2026-10-01,4.55,4.76,5.13,58.0
2026-10-02,4.55,4.76,5.14,59.0
2026-10-06,4.56,4.77,5.15,59.0
