curve,as_at,tenor_months,rate
Latest,2026-09-30,1,4.6034
Latest,2026-09-30,2,4.6387
Latest,2026-09-30,3,4.6685
Latest,2026-09-30,4,4.6925
Latest,2026-09-30,5,4.7237
Latest,2026-09-30,6,4.7531
Latest,2026-09-30,9,4.8466
Latest,2026-09-30,12,4.9167
Latest,2026-09-30,15,4.9663
1 month earlier,2026-08-31,1,4.3575
1 month earlier,2026-08-31,2,4.4249
1 month earlier,2026-08-31,3,4.4903
1 month earlier,2026-08-31,4,4.5346
1 month earlier,2026-08-31,5,4.5659
1 month earlier,2026-08-31,6,4.5966
1 month earlier,2026-08-31,9,4.6634
1 month earlier,2026-08-31,12,4.7089
1 month earlier,2026-08-31,15,4.7377
3 months earlier,2026-07-01,1,4.3477
3 months earlier,2026-07-01,2,4.381
3 months earlier,2026-07-01,3,4.4004
3 months earlier,2026-07-01,4,4.4197
3 months earlier,2026-07-01,5,4.4442
3 months earlier,2026-07-01,6,4.464
3 months earlier,2026-07-01,9,4.5061
3 months earlier,2026-07-01,12,4.529
3 months earlier,2026-07-01,15,4.5391
3 months earlier,2026-07-01,18,4.5399
