decision_date,actual_bp,priced_3_months_before_bp,priced_1_month_before_bp,priced_1_week_before_bp,priced_1_day_before_bp,surprise_bp
2025-02-18,-25,,-17.0,-23.0,-22.0,-3.0
2025-04-01,0,,-3.1,-2.1,-3.1,3.1
2025-05-20,-25,-14.9,-31.0,-26.0,-25.0,0.0
2025-07-08,0,-22.9,-22.9,-24.3,-24.3,24.3
2025-08-12,-25,-19.9,-23.0,-26.0,-26.0,1.0
2025-09-30,0,-11.0,-5.0,-2.0,-1.0,1.0
2025-11-04,0,-20.8,-10.4,-9.2,-2.3,2.3
2025-12-09,0,-4.2,-4.0,-1.0,-1.0,1.0
2026-02-03,25,-4.5,9.0,14.6,17.9,7.1
2026-03-17,25,0.3,3.0,9.0,15.0,10.0
2026-05-05,25,16.7,15.5,19.1,19.1,5.9
2026-06-16,0,6.5,4.0,0.0,0.0,0.0
2026-08-11,0,15.5,4.7,1.6,1.6,-1.6
2026-09-29,25,0.8,11.0,22.0,23.0,2.0
