date,cash_rate,cpi_ye,trimmed_mean_ye,real_headline,real_trimmed_mean
2011-03-31,4.75,3.3,2.2,1.45,2.55
2011-06-30,4.75,3.6,2.7,1.15,2.05
2011-09-30,4.75,3.5,2.5,1.25,2.25
2011-12-31,4.25,3.1,2.7,1.15,1.55
2012-03-31,4.25,1.6,2.3,2.65,1.95
2012-06-30,3.5,1.2,2.0,2.3,1.5
2012-09-30,3.5,1.9,2.3,1.6,1.2
2012-12-31,3.0,2.2,2.2,0.8,0.8
2013-03-31,3.0,2.5,2.3,0.5,0.7
2013-06-30,2.75,2.4,2.4,0.35,0.35
2013-09-30,2.5,2.2,2.4,0.3,0.1
2013-12-31,2.5,2.7,2.7,-0.2,-0.2
2014-03-31,2.5,2.9,2.7,-0.4,-0.2
2014-06-30,2.5,3.1,2.8,-0.6,-0.3
2014-09-30,2.5,2.3,2.4,0.2,0.1
2014-12-31,2.5,1.7,2.2,0.8,0.3
2015-03-31,2.25,1.3,2.3,0.95,-0.05
2015-06-30,2.0,1.5,2.2,0.5,-0.2
2015-09-30,2.0,1.5,2.1,0.5,-0.1
2015-12-31,2.0,1.7,2.1,0.3,-0.1
2016-03-31,2.0,1.3,1.7,0.7,0.3
2016-06-30,1.75,1.0,1.6,0.75,0.15
2016-09-30,1.5,1.3,1.6,0.2,-0.1
2016-12-31,1.5,1.5,1.5,0.0,0.0
2017-03-31,1.5,2.1,1.7,-0.6,-0.2
2017-06-30,1.5,1.9,1.7,-0.4,-0.2
2017-09-30,1.5,1.8,1.7,-0.3,-0.2
2017-12-31,1.5,2.0,1.7,-0.5,-0.2
2018-03-31,1.5,1.9,1.7,-0.4,-0.2
2018-06-30,1.5,2.1,1.6,-0.6,-0.1
2018-09-30,1.5,1.9,1.7,-0.4,-0.2
2018-12-31,1.5,1.8,1.8,-0.3,-0.3
2019-03-31,1.5,1.3,1.6,0.2,-0.1
2019-06-30,1.25,1.5,1.5,-0.25,-0.25
2019-09-30,1.0,1.7,1.5,-0.7,-0.5
2019-12-31,0.75,1.8,1.5,-1.05,-0.75
2020-03-31,0.25,2.2,1.7,-1.95,-1.45
2020-06-30,0.25,-0.3,1.3,0.55,-1.05
2020-09-30,0.25,0.6,1.2,-0.35,-0.95
2020-12-31,0.1,0.9,1.3,-0.8,-1.2
2021-03-31,0.1,1.1,1.1,-1.0,-1.0
2021-06-30,0.1,3.8,1.6,-3.7,-1.5
2021-09-30,0.1,3.1,2.1,-3.0,-2.0
2021-12-31,0.1,3.5,2.6,-3.4,-2.5
2022-03-31,0.1,5.1,3.8,-5.0,-3.7
2022-06-30,0.85,6.2,4.9,-5.35,-4.05
2022-09-30,2.35,7.3,6.0,-4.95,-3.65
2022-12-31,3.1,7.9,6.8,-4.8,-3.7
2023-03-31,3.6,7.0,6.5,-3.4,-2.9
2023-06-30,4.1,6.0,5.8,-1.9,-1.7
2023-09-30,4.1,5.3,5.1,-1.2,-1.0
2023-12-31,4.35,4.1,4.2,0.25,0.15
2024-03-31,4.35,3.6,4.0,0.75,0.35
2024-06-30,4.35,3.8,4.0,0.55,0.35
2024-09-30,4.35,2.9,3.6,1.45,0.75
2024-12-31,4.35,2.4,3.2,1.95,1.15
2025-03-31,4.1,2.4,2.9,1.7,1.2
2025-06-30,3.85,2.1,2.7,1.75,1.15
2025-09-30,3.6,3.2,2.9,0.4,0.7
2025-12-31,3.6,3.6,3.3,0.0,0.3
2026-03-31,4.1,4.1,3.5,0.0,0.6
2026-06-30,4.35,3.9,3.6,0.45,0.75
