date,cash_rate,taylor,inflation,inflation_asof,unemployment
2011-01-31,4.75,1.8,2.2,2010-12-31,5.0
2011-02-28,4.75,1.8,2.2,2010-12-31,5.0
2011-03-31,4.75,1.9,2.2,2011-03-31,4.9
2011-04-30,4.75,1.8,2.2,2011-03-31,5.0
2011-05-31,4.75,1.8,2.2,2011-03-31,5.0
2011-06-30,4.75,2.65,2.7,2011-06-30,4.9
2011-07-31,4.75,2.45,2.7,2011-06-30,5.1
2011-08-31,4.75,2.25,2.7,2011-06-30,5.3
2011-09-30,4.75,2.05,2.5,2011-09-30,5.2
2011-10-31,4.75,2.05,2.5,2011-09-30,5.2
2011-11-30,4.5,2.05,2.5,2011-09-30,5.2
2011-12-31,4.25,2.35,2.7,2011-12-31,5.2
2012-01-31,4.25,2.55,2.7,2011-12-31,5.0
2012-02-29,4.25,2.35,2.7,2011-12-31,5.2
2012-03-31,4.25,1.75,2.3,2012-03-31,5.2
2012-04-30,4.25,1.95,2.3,2012-03-31,5.0
2012-05-31,3.75,1.75,2.3,2012-03-31,5.2
2012-06-30,3.5,1.3,2.0,2012-06-30,5.2
2012-07-31,3.5,1.3,2.0,2012-06-30,5.2
2012-08-31,3.5,1.4,2.0,2012-06-30,5.1
2012-09-30,3.5,1.45,2.3,2012-09-30,5.5
2012-10-31,3.25,1.55,2.3,2012-09-30,5.4
2012-11-30,3.25,1.65,2.3,2012-09-30,5.3
2012-12-31,3.0,1.4,2.2,2012-12-31,5.4
2013-01-31,3.0,1.4,2.2,2012-12-31,5.4
2013-02-28,3.0,1.4,2.2,2012-12-31,5.4
2013-03-31,3.0,1.35,2.3,2013-03-31,5.6
2013-04-30,3.0,1.35,2.3,2013-03-31,5.6
2013-05-31,2.75,1.35,2.3,2013-03-31,5.6
2013-06-30,2.75,1.4,2.4,2013-06-30,5.7
2013-07-31,2.75,1.5,2.4,2013-06-30,5.6
2013-08-31,2.5,1.3,2.4,2013-06-30,5.8
2013-09-30,2.5,1.4,2.4,2013-09-30,5.7
2013-10-31,2.5,1.3,2.4,2013-09-30,5.8
2013-11-30,2.5,1.3,2.4,2013-09-30,5.8
2013-12-31,2.5,1.65,2.7,2013-12-31,5.9
2014-01-31,2.5,1.65,2.7,2013-12-31,5.9
2014-02-28,2.5,1.65,2.7,2013-12-31,5.9
2014-03-31,2.5,1.65,2.7,2014-03-31,5.9
2014-04-30,2.5,1.75,2.7,2014-03-31,5.8
2014-05-31,2.5,1.65,2.7,2014-03-31,5.9
2014-06-30,2.5,1.6,2.8,2014-06-30,6.1
2014-07-31,2.5,1.5,2.8,2014-06-30,6.2
2014-08-31,2.5,1.6,2.8,2014-06-30,6.1
2014-09-30,2.5,0.9,2.4,2014-09-30,6.2
2014-10-31,2.5,0.7,2.4,2014-09-30,6.4
2014-11-30,2.5,0.8,2.4,2014-09-30,6.3
2014-12-31,2.5,0.7,2.2,2014-12-31,6.1
2015-01-31,2.5,0.4,2.2,2014-12-31,6.4
2015-02-28,2.25,0.6,2.2,2014-12-31,6.2
2015-03-31,2.25,0.85,2.3,2015-03-31,6.1
2015-04-30,2.25,0.85,2.3,2015-03-31,6.1
2015-05-31,2.0,1.05,2.3,2015-03-31,5.9
2015-06-30,2.0,0.8,2.2,2015-06-30,6.0
2015-07-31,2.0,0.5,2.2,2015-06-30,6.3
2015-08-31,2.0,0.7,2.2,2015-06-30,6.1
2015-09-30,2.0,0.45,2.1,2015-09-30,6.2
2015-10-31,2.0,0.75,2.1,2015-09-30,5.9
2015-11-30,2.0,0.75,2.1,2015-09-30,5.9
2015-12-31,2.0,0.95,2.1,2015-12-31,5.7
2016-01-31,2.0,0.65,2.1,2015-12-31,6.0
2016-02-29,2.0,0.95,2.1,2015-12-31,5.7
2016-03-31,2.0,0.35,1.7,2016-03-31,5.7
2016-04-30,2.0,0.45,1.7,2016-03-31,5.6
2016-05-31,1.75,0.35,1.7,2016-03-31,5.7
2016-06-30,1.75,0.2,1.6,2016-06-30,5.7
2016-07-31,1.75,0.2,1.6,2016-06-30,5.7
2016-08-31,1.5,0.3,1.6,2016-06-30,5.6
2016-09-30,1.5,0.2,1.6,2016-09-30,5.7
2016-10-31,1.5,0.3,1.6,2016-09-30,5.6
2016-11-30,1.5,0.1,1.6,2016-09-30,5.8
2016-12-31,1.5,-0.05,1.5,2016-12-31,5.8
2017-01-31,1.5,0.05,1.5,2016-12-31,5.7
2017-02-28,1.5,-0.15,1.5,2016-12-31,5.9
2017-03-31,1.5,0.25,1.7,2017-03-31,5.8
2017-04-30,1.5,0.45,1.7,2017-03-31,5.6
2017-05-31,1.5,0.45,1.7,2017-03-31,5.6
2017-06-30,1.5,0.45,1.7,2017-06-30,5.6
2017-07-31,1.5,0.45,1.7,2017-06-30,5.6
2017-08-31,1.5,0.55,1.7,2017-06-30,5.5
2017-09-30,1.5,0.55,1.7,2017-09-30,5.5
2017-10-31,1.5,0.65,1.7,2017-09-30,5.4
2017-11-30,1.5,0.55,1.7,2017-09-30,5.5
2017-12-31,1.5,0.45,1.7,2017-12-31,5.6
2018-01-31,1.5,0.55,1.7,2017-12-31,5.5
2018-02-28,1.5,0.45,1.7,2017-12-31,5.6
2018-03-31,1.5,0.55,1.7,2018-03-31,5.5
2018-04-30,1.5,0.45,1.7,2018-03-31,5.6
2018-05-31,1.5,0.65,1.7,2018-03-31,5.4
2018-06-30,1.5,0.6,1.6,2018-06-30,5.3
2018-07-31,1.5,0.6,1.6,2018-06-30,5.3
2018-08-31,1.5,0.6,1.6,2018-06-30,5.3
2018-09-30,1.5,1.05,1.7,2018-09-30,5.0
2018-10-31,1.5,1.05,1.7,2018-09-30,5.0
2018-11-30,1.5,0.95,1.7,2018-09-30,5.1
2018-12-31,1.5,1.2,1.8,2018-12-31,5.0
2019-01-31,1.5,1.1,1.8,2018-12-31,5.1
2019-02-28,1.5,1.2,1.8,2018-12-31,5.0
2019-03-31,1.5,0.8,1.6,2019-03-31,5.1
2019-04-30,1.5,0.7,1.6,2019-03-31,5.2
2019-05-31,1.5,0.7,1.6,2019-03-31,5.2
2019-06-30,1.25,0.45,1.5,2019-06-30,5.3
2019-07-31,1.0,0.45,1.5,2019-06-30,5.3
2019-08-31,1.0,0.45,1.5,2019-06-30,5.3
2019-09-30,1.0,0.55,1.5,2019-09-30,5.2
2019-10-31,0.75,0.45,1.5,2019-09-30,5.3
2019-11-30,0.75,0.55,1.5,2019-09-30,5.2
2019-12-31,0.75,0.75,1.5,2019-12-31,5.0
2020-01-31,0.75,0.45,1.5,2019-12-31,5.3
2020-02-29,0.75,0.65,1.5,2019-12-31,5.1
2020-03-31,0.25,0.85,1.7,2020-03-31,5.2
2020-04-30,0.25,-0.25,1.7,2020-03-31,6.3
2020-05-31,0.25,-0.95,1.7,2020-03-31,7.0
2020-06-30,0.25,-1.95,1.3,2020-06-30,7.4
2020-07-31,0.25,-1.95,1.3,2020-06-30,7.4
2020-08-31,0.25,-1.35,1.3,2020-06-30,6.8
2020-09-30,0.25,-1.6,1.2,2020-09-30,6.9
2020-10-31,0.25,-1.6,1.2,2020-09-30,6.9
2020-11-30,0.1,-1.5,1.2,2020-09-30,6.8
2020-12-31,0.1,-1.15,1.3,2020-12-31,6.6
2021-01-31,0.1,-0.85,1.3,2020-12-31,6.3
2021-02-28,0.1,-0.45,1.3,2020-12-31,5.9
2021-03-31,0.1,-0.55,1.1,2021-03-31,5.7
2021-04-30,0.1,-0.35,1.1,2021-03-31,5.5
2021-05-31,0.1,0.05,1.1,2021-03-31,5.1
2021-06-30,0.1,0.9,1.6,2021-06-30,5.0
2021-07-31,0.1,1.2,1.6,2021-06-30,4.7
2021-08-31,0.1,1.3,1.6,2021-06-30,4.6
2021-09-30,0.1,1.95,2.1,2021-09-30,4.7
2021-10-31,0.1,1.45,2.1,2021-09-30,5.2
2021-11-30,0.1,2.05,2.1,2021-09-30,4.6
2021-12-31,0.1,3.2,2.6,2021-12-31,4.2
2022-01-31,0.1,3.2,2.6,2021-12-31,4.2
2022-02-28,0.1,3.4,2.6,2021-12-31,4.0
2022-03-31,0.1,5.2,3.8,2022-03-31,4.0
2022-04-30,0.1,5.3,3.8,2022-03-31,3.9
2022-05-31,0.35,5.2,3.8,2022-03-31,4.0
2022-06-30,0.85,7.25,4.9,2022-06-30,3.6
2022-07-31,1.35,7.35,4.9,2022-06-30,3.5
2022-08-31,1.85,7.35,4.9,2022-06-30,3.5
2022-09-30,2.35,8.9,6.0,2022-09-30,3.6
2022-10-31,2.6,9.1,6.0,2022-09-30,3.4
2022-11-30,2.85,9.0,6.0,2022-09-30,3.5
2022-12-31,3.1,10.2,6.8,2022-12-31,3.5
2023-01-31,3.1,10.0,6.8,2022-12-31,3.7
2023-02-28,3.35,10.1,6.8,2022-12-31,3.6
2023-03-31,3.6,9.65,6.5,2023-03-31,3.6
2023-04-30,3.6,9.55,6.5,2023-03-31,3.7
2023-05-31,3.85,9.65,6.5,2023-03-31,3.6
2023-06-30,4.1,8.7,5.8,2023-06-30,3.5
2023-07-31,4.1,8.5,5.8,2023-06-30,3.7
2023-08-31,4.1,8.5,5.8,2023-06-30,3.7
2023-09-30,4.1,7.55,5.1,2023-09-30,3.6
2023-10-31,4.1,7.35,5.1,2023-09-30,3.8
2023-11-30,4.35,7.25,5.1,2023-09-30,3.9
2023-12-31,4.35,5.8,4.2,2023-12-31,4.0
2024-01-31,4.35,5.7,4.2,2023-12-31,4.1
2024-02-29,4.35,6.1,4.2,2023-12-31,3.7
2024-03-31,4.35,5.6,4.0,2024-03-31,3.9
2024-04-30,4.35,5.4,4.0,2024-03-31,4.1
2024-05-31,4.35,5.5,4.0,2024-03-31,4.0
2024-06-30,4.35,5.4,4.0,2024-06-30,4.1
2024-07-31,4.35,5.3,4.0,2024-06-30,4.2
2024-08-31,4.35,5.4,4.0,2024-06-30,4.1
2024-09-30,4.35,4.9,3.6,2024-09-30,4.0
2024-10-31,4.35,4.8,3.6,2024-09-30,4.1
2024-11-30,4.35,5.0,3.6,2024-09-30,3.9
2024-12-31,4.35,4.3,3.2,2024-12-31,4.0
2025-01-31,4.35,4.2,3.2,2024-12-31,4.1
2025-02-28,4.1,4.2,3.2,2024-12-31,4.1
2025-03-31,4.1,3.75,2.9,2025-03-31,4.1
2025-04-30,4.1,3.75,2.9,2025-03-31,4.1
2025-05-31,3.85,3.75,2.9,2025-03-31,4.1
2025-06-30,3.85,3.25,2.7,2025-06-30,4.3
2025-07-31,3.85,3.25,2.7,2025-06-30,4.3
2025-08-31,3.6,3.35,2.7,2025-06-30,4.2
2025-09-30,3.6,3.45,2.9,2025-09-30,4.4
2025-10-31,3.6,3.55,2.9,2025-09-30,4.3
2025-11-30,3.6,3.55,2.9,2025-09-30,4.3
2025-12-31,3.6,4.35,3.3,2025-12-31,4.1
2026-01-31,3.6,4.35,3.3,2025-12-31,4.1
2026-02-28,3.85,4.15,3.3,2025-12-31,4.3
2026-03-31,4.1,4.45,3.5,2026-03-31,4.3
2026-04-30,4.1,4.25,3.5,2026-03-31,4.5
2026-05-31,4.35,4.35,3.5,2026-03-31,4.4
2026-06-30,4.35,4.5,3.6,2026-06-30,4.4
2026-07-31,4.35,4.4,3.6,2026-06-30,4.5
2026-08-31,4.35,4.3,3.6,2026-06-30,4.6
