curve,as_at,years,yield,name,maturity
Latest,2026-09-30,0.556,4.847,Treasury Bond 136 4.75% 21-Apr-2027,2027-04-21
Latest,2026-09-30,1.142,4.952,Treasury Bond 148 2.75% 21-Nov-2027,2027-11-21
Latest,2026-09-30,1.64,4.952,Treasury Bond 149 2.25% 21-May-2028,2028-05-21
Latest,2026-09-30,2.144,4.938,Treasury Bond 152 2.75% 21-Nov-2028,2028-11-21
Latest,2026-09-30,2.557,4.926,Treasury Bond 138 3.25% 21-Apr-2029,2029-04-21
Latest,2026-09-30,3.143,4.921,Treasury Bond 154 2.75% 21-Nov-2029,2029-11-21
Latest,2026-09-30,3.639,4.92,Treasury Bond 155 2.50% 21-May-2030,2030-05-21
Latest,2026-09-30,4.225,4.94,Treasury Bond 160 1.00% 21-Dec-2030,2030-12-21
Latest,2026-09-30,4.723,4.963,Treasury Bond 157 1.50% 21-Jun-2031,2031-06-21
Latest,2026-09-30,5.142,4.993,Treasury Bond 163 1.00% 21-Nov-2031,2031-11-21
Latest,2026-09-30,5.64,5.034,Treasury Bond 158 1.25% 21-May-2032,2032-05-21
Latest,2026-09-30,6.144,5.083,Treasury Bond 165 1.75% 21-Nov-2032,2032-11-21
Latest,2026-09-30,6.557,5.108,Treasury Bond 140 4.50% 21-Apr-2033,2033-04-21
Latest,2026-09-30,7.143,5.159,Treasury Bond 166 3.00% 21-Nov-2033,2033-11-21
Latest,2026-09-30,7.639,5.198,Treasury Bond 167 3.75% 21-May-2034,2034-05-21
Latest,2026-09-30,7.723,5.205,Treasury Bond 170 4.25% 21-Jun-2034,2034-06-21
Latest,2026-09-30,8.225,5.244,Treasury Bond 168 3.50% 21-Dec-2034,2034-12-21
Latest,2026-09-30,8.723,5.284,Treasury Bond 145 2.75% 21-Jun-2035,2035-06-21
Latest,2026-09-30,9.224,5.306,Treasury Bond 171 4.25% 21-Dec-2035,2035-12-21
Latest,2026-09-30,9.473,5.322,Treasury Bond 172 4.25% 21-Mar-2036,2036-03-21
Latest,2026-09-30,9.725,5.335,Treasury Bond 175 5.00% 21-Jun-2036,2036-06-21
Latest,2026-09-30,10.059,5.347,Treasury Bond 173 4.25% 21-Oct-2036,2036-10-21
Latest,2026-09-30,10.557,5.37,Treasury Bond 144 3.75% 21-Apr-2037,2037-04-21
Latest,2026-09-30,11.058,5.383,Treasury Bond 174 4.75% 21-Oct-2037,2037-10-21
Latest,2026-09-30,11.639,5.406,Treasury Bond 176 5.00% 21-May-2038,2038-05-21
Latest,2026-09-30,12.723,5.462,Treasury Bond 147 3.25% 21-Jun-2039,2039-06-21
Latest,2026-09-30,14.639,5.54,Treasury Bond 156 2.75% 21-May-2041,2041-05-21
Latest,2026-09-30,20.471,5.705,Treasury Bond 150 3.00% 21-Mar-2047,2047-03-21
Latest,2026-09-30,24.723,5.797,Treasury Bond 162 1.75% 21-Jun-2051,2051-06-21
Latest,2026-09-30,27.723,5.782,Treasury Bond 169 4.75% 21-Jun-2054,2054-06-21
1 month earlier,2026-08-31,0.638,4.676,Treasury Bond 136 4.75% 21-Apr-2027,2027-04-21
1 month earlier,2026-08-31,1.224,4.718,Treasury Bond 148 2.75% 21-Nov-2027,2027-11-21
1 month earlier,2026-08-31,1.722,4.685,Treasury Bond 149 2.25% 21-May-2028,2028-05-21
1 month earlier,2026-08-31,2.226,4.67,Treasury Bond 152 2.75% 21-Nov-2028,2028-11-21
1 month earlier,2026-08-31,2.639,4.658,Treasury Bond 138 3.25% 21-Apr-2029,2029-04-21
1 month earlier,2026-08-31,3.225,4.659,Treasury Bond 154 2.75% 21-Nov-2029,2029-11-21
1 month earlier,2026-08-31,3.721,4.659,Treasury Bond 155 2.50% 21-May-2030,2030-05-21
1 month earlier,2026-08-31,4.307,4.68,Treasury Bond 160 1.00% 21-Dec-2030,2030-12-21
1 month earlier,2026-08-31,4.805,4.706,Treasury Bond 157 1.50% 21-Jun-2031,2031-06-21
1 month earlier,2026-08-31,5.224,4.732,Treasury Bond 163 1.00% 21-Nov-2031,2031-11-21
1 month earlier,2026-08-31,5.722,4.778,Treasury Bond 158 1.25% 21-May-2032,2032-05-21
1 month earlier,2026-08-31,6.226,4.827,Treasury Bond 165 1.75% 21-Nov-2032,2032-11-21
1 month earlier,2026-08-31,6.639,4.85,Treasury Bond 140 4.50% 21-Apr-2033,2033-04-21
1 month earlier,2026-08-31,7.225,4.902,Treasury Bond 166 3.00% 21-Nov-2033,2033-11-21
1 month earlier,2026-08-31,7.721,4.942,Treasury Bond 167 3.75% 21-May-2034,2034-05-21
1 month earlier,2026-08-31,7.806,4.949,Treasury Bond 170 4.25% 21-Jun-2034,2034-06-21
1 month earlier,2026-08-31,8.307,4.988,Treasury Bond 168 3.50% 21-Dec-2034,2034-12-21
1 month earlier,2026-08-31,8.805,5.028,Treasury Bond 145 2.75% 21-Jun-2035,2035-06-21
1 month earlier,2026-08-31,9.306,5.051,Treasury Bond 171 4.25% 21-Dec-2035,2035-12-21
1 month earlier,2026-08-31,9.555,5.065,Treasury Bond 172 4.25% 21-Mar-2036,2036-03-21
1 month earlier,2026-08-31,9.807,5.078,Treasury Bond 175 5.00% 21-Jun-2036,2036-06-21
1 month earlier,2026-08-31,10.141,5.091,Treasury Bond 173 4.25% 21-Oct-2036,2036-10-21
1 month earlier,2026-08-31,10.639,5.116,Treasury Bond 144 3.75% 21-Apr-2037,2037-04-21
1 month earlier,2026-08-31,11.14,5.133,Treasury Bond 174 4.75% 21-Oct-2037,2037-10-21
1 month earlier,2026-08-31,11.721,5.157,Treasury Bond 176 5.00% 21-May-2038,2038-05-21
1 month earlier,2026-08-31,12.805,5.22,Treasury Bond 147 3.25% 21-Jun-2039,2039-06-21
1 month earlier,2026-08-31,14.721,5.304,Treasury Bond 156 2.75% 21-May-2041,2041-05-21
1 month earlier,2026-08-31,20.553,5.505,Treasury Bond 150 3.00% 21-Mar-2047,2047-03-21
1 month earlier,2026-08-31,24.805,5.605,Treasury Bond 162 1.75% 21-Jun-2051,2051-06-21
1 month earlier,2026-08-31,27.806,5.587,Treasury Bond 169 4.75% 21-Jun-2054,2054-06-21
1 year earlier,2025-09-30,0.142,3.597,Treasury Bond 161 0.25% 21-Nov-2025,2025-11-21
1 year earlier,2025-09-30,0.556,3.561,Treasury Bond 142 4.25% 21-Apr-2026,2026-04-21
1 year earlier,2025-09-30,0.975,3.554,Treasury Bond 164 0.50% 21-Sep-2026,2026-09-21
1 year earlier,2025-09-30,1.555,3.482,Treasury Bond 136 4.75% 21-Apr-2027,2027-04-21
1 year earlier,2025-09-30,2.141,3.488,Treasury Bond 148 2.75% 21-Nov-2027,2027-11-21
1 year earlier,2025-09-30,2.639,3.516,Treasury Bond 149 2.25% 21-May-2028,2028-05-21
1 year earlier,2025-09-30,3.143,3.547,Treasury Bond 152 2.75% 21-Nov-2028,2028-11-21
1 year earlier,2025-09-30,3.556,3.59,Treasury Bond 138 3.25% 21-Apr-2029,2029-04-21
1 year earlier,2025-09-30,4.142,3.633,Treasury Bond 154 2.75% 21-Nov-2029,2029-11-21
1 year earlier,2025-09-30,4.638,3.677,Treasury Bond 155 2.50% 21-May-2030,2030-05-21
1 year earlier,2025-09-30,5.224,3.75,Treasury Bond 160 1.00% 21-Dec-2030,2030-12-21
1 year earlier,2025-09-30,5.722,3.816,Treasury Bond 157 1.50% 21-Jun-2031,2031-06-21
1 year earlier,2025-09-30,6.141,3.882,Treasury Bond 163 1.00% 21-Nov-2031,2031-11-21
1 year earlier,2025-09-30,6.639,3.948,Treasury Bond 158 1.25% 21-May-2032,2032-05-21
1 year earlier,2025-09-30,7.143,4.021,Treasury Bond 165 1.75% 21-Nov-2032,2032-11-21
1 year earlier,2025-09-30,7.556,4.052,Treasury Bond 140 4.50% 21-Apr-2033,2033-04-21
1 year earlier,2025-09-30,8.142,4.135,Treasury Bond 166 3.00% 21-Nov-2033,2033-11-21
1 year earlier,2025-09-30,8.638,4.184,Treasury Bond 167 3.75% 21-May-2034,2034-05-21
1 year earlier,2025-09-30,8.723,4.186,Treasury Bond 170 4.25% 21-Jun-2034,2034-06-21
1 year earlier,2025-09-30,9.224,4.243,Treasury Bond 168 3.50% 21-Dec-2034,2034-12-21
1 year earlier,2025-09-30,9.722,4.297,Treasury Bond 145 2.75% 21-Jun-2035,2035-06-21
1 year earlier,2025-09-30,10.223,4.316,Treasury Bond 171 4.25% 21-Dec-2035,2035-12-21
1 year earlier,2025-09-30,10.472,4.335,Treasury Bond 172 4.25% 21-Mar-2036,2036-03-21
1 year earlier,2025-09-30,11.058,4.376,Treasury Bond 173 4.25% 21-Oct-2036,2036-10-21
1 year earlier,2025-09-30,11.556,4.414,Treasury Bond 144 3.75% 21-Apr-2037,2037-04-21
1 year earlier,2025-09-30,13.722,4.54,Treasury Bond 147 3.25% 21-Jun-2039,2039-06-21
1 year earlier,2025-09-30,15.639,4.65,Treasury Bond 156 2.75% 21-May-2041,2041-05-21
1 year earlier,2025-09-30,21.47,4.879,Treasury Bond 150 3.00% 21-Mar-2047,2047-03-21
1 year earlier,2025-09-30,25.722,4.987,Treasury Bond 162 1.75% 21-Jun-2051,2051-06-21
1 year earlier,2025-09-30,28.723,4.956,Treasury Bond 169 4.75% 21-Jun-2054,2054-06-21
